datetime,discharge_cfs,qualifier,discharge_cms
2005-01-01,64.2,A,1.8179
2005-01-02,55.3,A,1.5659
2005-01-03,220.0,A,6.2297
2005-01-04,342.0,A,9.6843
2005-01-05,126.0,A,3.5679
2005-01-06,83.5,A,2.3645
2005-01-07,69.5,A,1.968
2005-01-08,61.9,A,1.7528
2005-01-09,57.4,A,1.6254
2005-01-10,50.2,A,1.4215
2005-01-11,61.4,A,1.7387
2005-01-12,54.2,A,1.5348
2005-01-13,49.7,A,1.4073
2005-01-14,57.1,A,1.6169
2005-01-15,50.6,A,1.4328
2005-01-16,48.8,A,1.3819
2005-01-17,38.6,A,1.093
2005-01-18,36.9,A,1.0449
2005-01-19,35.5,A,1.0052
2005-01-20,36.1,A,1.0222
2005-01-21,38.4,A,1.0874
2005-01-22,55.6,A,1.5744
2005-01-23,47.0,A,1.3309
2005-01-24,54.4,A,1.5404
2005-01-25,51.3,A,1.4527
2005-01-26,112.0,A,3.1715
2005-01-27,209.0,A,5.9182
2005-01-28,166.0,A,4.7006
2005-01-29,124.0,A,3.5113
2005-01-30,102.0,A,2.8883
2005-01-31,70.9,A,2.0077
2005-02-01,57.9,A,1.6395
2005-02-02,55.9,A,1.5829
2005-02-03,33.9,A,0.9599
2005-02-04,33.7,A,0.9543
2005-02-05,33.5,A,0.9486
2005-02-06,39.7,A,1.1242
2005-02-07,28.4,A,0.8042
2005-02-08,25.9,A,0.7334
2005-02-09,24.4,A,0.6909
2005-02-10,24.1,A,0.6824
2005-02-11,394.0,A,11.1568
2005-02-12,1370.0,A,38.794
2005-02-13,377.0,A,10.6754
2005-02-14,141.0,A,3.9927
2005-02-15,79.1,A,2.2399
2005-02-16,65.8,A,1.8632
2005-02-17,57.0,A,1.6141
2005-02-18,120.0,A,3.398
2005-02-19,128.0,A,3.6246
2005-02-20,303.0,A,8.58
2005-02-21,125.0,A,3.5396
2005-02-22,72.5,A,2.053
2005-02-23,66.7,A,1.8887
2005-02-24,47.6,A,1.3479
2005-02-25,35.4,A,1.0024
2005-02-26,32.0,A,0.9061
2005-02-27,28.8,A,0.8155
2005-02-28,23.9,A,0.6768
2005-03-01,21.8,A,0.6173
2005-03-02,20.0,A,0.5663
2005-03-03,19.8,A,0.5607
2005-03-04,19.5,A,0.5522
2005-03-05,21.5,A,0.6088
2005-03-06,25.3,A,0.7164
2005-03-07,20.3,A,0.5748
2005-03-08,18.6,A,0.5267
2005-03-09,20.7,A,0.5862
2005-03-10,20.7,A,0.5862
2005-03-11,15.6,A,0.4417
2005-03-12,14.2,A,0.4021
2005-03-13,11.0,A,0.3115
2005-03-14,9.08,A,0.2571
2005-03-15,12.8,A,0.3625
2005-03-16,10.7,A,0.303
2005-03-17,7.78,A,0.2203
2005-03-18,3.92,A,0.111
2005-03-19,5.84,A,0.1654
2005-03-20,5.03,A,0.1424
2005-03-21,3.55,A,0.1005
2005-03-22,3.66,A,0.1036
2005-03-23,6.92,A,0.196
2005-03-24,9.63,A,0.2727
2005-03-25,8.99,A,0.2546
2005-03-26,5.85,A,0.1657
2005-03-27,8.9,A,0.252
2005-03-28,8.99,A,0.2546
2005-03-29,7.89,A,0.2234
2005-03-30,9.34,A,0.2645
2005-03-31,9.44,A,0.2673
2005-04-01,9.67,A,0.2738
2005-04-02,8.75,A,0.2478
2005-04-03,7.92,A,0.2243
2005-04-04,7.61,A,0.2155
2005-04-05,8.55,A,0.2421
2005-04-06,7.36,A,0.2084
2005-04-07,8.75,A,0.2478
2005-04-08,8.81,A,0.2495
2005-04-09,7.67,A,0.2172
2005-04-10,5.3,A,0.1501
2005-04-11,3.44,A,0.0974
2005-04-12,3.31,A,0.0937
2005-04-13,3.53,A,0.1
2005-04-14,4.91,A,0.139
2005-04-15,4.29,A,0.1215
2005-04-16,3.49,A,0.0988
2005-04-17,5.05,A,0.143
2005-04-18,4.71,A,0.1334
2005-04-19,4.4,A,0.1246
2005-04-20,4.09,A,0.1158
2005-04-21,3.27,A,0.0926
2005-04-22,2.86,A,0.081
2005-04-23,3.01,A,0.0852
2005-04-24,9.32,A,0.2639
2005-04-25,0.52,A,0.0147
2005-04-26,0.42,A,0.0119
2005-04-27,0.42,A,0.0119
2005-04-28,0.43,A,0.0122
2005-04-29,0.44,A,0.0125
2005-04-30,0.49,A,0.0139
2005-05-01,0.47,A,0.0133
2005-05-02,0.46,A,0.013
2005-05-03,0.5,A,0.0142
2005-05-04,0.51,A,0.0144
2005-05-05,0.53,A,0.015
2005-05-06,0.54,A,0.0153
2005-05-07,0.53,A,0.015
2005-05-08,0.52,A,0.0147
2005-05-09,0.5,A,0.0142
2005-05-10,0.51,A,0.0144
2005-05-11,0.51,A,0.0144
2005-05-12,0.5,A,0.0142
2005-05-13,0.45,A,0.0127
2005-05-14,0.49,A,0.0139
2005-05-15,0.46,A,0.013
2005-05-16,0.46,A,0.013
2005-05-17,0.39,A,0.011
2005-05-18,0.37,A,0.0105
2005-05-19,0.38,A,0.0108
2005-05-20,0.37,A,0.0105
2005-05-21,0.33,A,0.0093
2005-05-22,0.22,A,0.0062
2005-05-23,0.12,A,0.0034
2005-05-24,0.05,A,0.0014
2005-05-25,0.01,A,0.0003
2005-05-26,0.01,A,0.0003
2005-05-27,0.01,A,0.0003
2005-05-28,2.1,A,0.0595
2005-05-29,46.2,A,1.3082
2005-05-30,11.6,A,0.3285
2005-05-31,3.73,A,0.1056
2005-06-01,1.31,A,0.0371
2005-06-02,1.04,A,0.0294
2005-06-03,0.59,A,0.0167
2005-06-04,0.45,A,0.0127
2005-06-05,0.37,A,0.0105
2005-06-06,0.3,A,0.0085
2005-06-07,0.23,A,0.0065
2005-06-08,0.1,A,0.0028
2005-06-09,0.04,A,0.0011
2005-06-10,0.0,A,0.0
2005-06-11,0.0,A,0.0
2005-06-12,0.0,A,0.0
2005-06-13,0.0,A,0.0
2005-06-14,0.0,A,0.0
2005-06-15,0.0,A,0.0
2005-06-16,0.0,A,0.0
2005-06-17,0.0,A,0.0
2005-06-18,0.0,A,0.0
2005-06-19,0.0,A,0.0
2005-06-20,0.0,A,0.0
2005-06-21,0.0,A,0.0
2005-06-22,0.0,A,0.0
2005-06-23,0.0,A,0.0
2005-06-24,0.0,A,0.0
2005-06-25,0.0,A,0.0
2005-06-26,0.0,A,0.0
2005-06-27,0.0,A,0.0
2005-06-28,0.0,A,0.0
2005-06-29,0.0,A,0.0
2005-06-30,0.0,A,0.0
2005-07-01,0.0,A,0.0
2005-07-02,0.0,A,0.0
2005-07-03,0.0,A,0.0
2005-07-04,0.0,A,0.0
2005-07-05,0.0,A,0.0
2005-07-06,0.0,A,0.0
2005-07-07,0.0,A,0.0
2005-07-08,0.0,A,0.0
2005-07-09,0.0,A,0.0
2005-07-10,0.0,A,0.0
2005-07-11,0.0,A,0.0
2005-07-12,0.0,A,0.0
2005-07-13,0.0,A,0.0
2005-07-14,0.0,A,0.0
2005-07-15,0.0,A,0.0
2005-07-16,0.0,A,0.0
2005-07-17,0.0,A,0.0
2005-07-18,0.0,A,0.0
2005-07-19,0.0,A,0.0
2005-07-20,0.0,A,0.0
2005-07-21,0.0,A,0.0
2005-07-22,0.0,A,0.0
2005-07-23,0.0,A,0.0
2005-07-24,0.0,A,0.0
2005-07-25,0.0,A,0.0
2005-07-26,0.0,A,0.0
2005-07-27,0.0,A,0.0
2005-07-28,0.0,A,0.0
2005-07-29,0.0,A,0.0
2005-07-30,0.0,A,0.0
2005-07-31,0.92,A,0.0261
2005-08-01,0.52,A,0.0147
2005-08-02,23.9,A,0.6768
2005-08-03,36.1,A,1.0222
2005-08-04,9.63,A,0.2727
2005-08-05,11.8,A,0.3341
2005-08-06,0.84,A,0.0238
2005-08-07,49.5,A,1.4017
2005-08-08,34.2,A,0.9684
2005-08-09,159.0,A,4.5024
2005-08-10,56.9,A,1.6112
2005-08-11,29.9,A,0.8467
2005-08-12,29.6,A,0.8382
2005-08-13,29.6,A,0.8382
2005-08-14,30.4,A,0.8608
2005-08-15,19.3,A,0.5465
2005-08-16,16.1,A,0.4559
2005-08-17,13.4,A,0.3794
2005-08-18,12.7,A,0.3596
2005-08-19,9.45,A,0.2676
2005-08-20,8.97,A,0.254
2005-08-21,5.72,A,0.162
2005-08-22,3.21,A,0.0909
2005-08-23,21.9,A,0.6201
2005-08-24,18.6,A,0.5267
2005-08-25,9.23,A,0.2614
2005-08-26,9.15,A,0.2591
2005-08-27,7.94,A,0.2248
2005-08-28,7.4,A,0.2095
2005-08-29,5.64,A,0.1597
2005-08-30,4.17,A,0.1181
2005-08-31,3.27,A,0.0926
2005-09-01,5.53,A,0.1566
2005-09-02,5.7,A,0.1614
2005-09-03,2.38,A,0.0674
2005-09-04,2.36,A,0.0668
2005-09-05,1.43,A,0.0405
2005-09-06,1.05,A,0.0297
2005-09-07,10.1,A,0.286
2005-09-08,21.2,A,0.6003
2005-09-09,75.5,A,2.1379
2005-09-10,83.3,A,2.3588
2005-09-11,37.7,A,1.0675
2005-09-12,11.5,A,0.3256
2005-09-13,7.55,A,0.2138
2005-09-14,3.71,A,0.1051
2005-09-15,1.51,A,0.0428
2005-09-16,0.65,A,0.0184
2005-09-17,0.64,A,0.0181
2005-09-18,0.58,A,0.0164
2005-09-19,0.59,A,0.0167
2005-09-20,0.57,A,0.0161
2005-09-21,0.55,A,0.0156
2005-09-22,0.47,A,0.0133
2005-09-23,0.43,A,0.0122
2005-09-24,0.39,A,0.011
2005-09-25,0.34,A,0.0096
2005-09-26,0.25,A,0.0071
2005-09-27,0.2,A,0.0057
2005-09-28,0.17,A,0.0048
2005-09-29,0.12,A,0.0034
2005-09-30,0.02,A,0.0006
2005-10-01,0.0,A,0.0
2005-10-02,0.0,A,0.0
2005-10-03,0.0,A,0.0
2005-10-04,0.0,A,0.0
2005-10-05,0.0,A,0.0
2005-10-06,0.0,A,0.0
2005-10-07,0.0,A,0.0
2005-10-08,0.0,A,0.0
2005-10-09,0.0,A,0.0
2005-10-10,0.0,A,0.0
2005-10-11,0.0,A,0.0
2005-10-12,0.0,A,0.0
2005-10-13,0.0,A,0.0
2005-10-14,0.0,A,0.0
2005-10-15,0.0,A,0.0
2005-10-16,0.0,A,0.0
2005-10-17,0.0,A,0.0
2005-10-18,0.0,A,0.0
2005-10-19,0.0,A,0.0
2005-10-20,0.0,A,0.0
2005-10-21,0.0,A,0.0
2005-10-22,0.0,A,0.0
2005-10-23,0.0,A,0.0
2005-10-24,0.0,A,0.0
2005-10-25,0.0,A,0.0
2005-10-26,0.0,A,0.0
2005-10-27,0.0,A,0.0
2005-10-28,0.0,A,0.0
2005-10-29,0.0,A,0.0
2005-10-30,0.0,A,0.0
2005-10-31,0.0,A,0.0
2005-11-01,0.0,A,0.0
2005-11-02,0.0,A,0.0
2005-11-03,0.0,A,0.0
2005-11-04,0.0,A,0.0
2005-11-05,0.0,A,0.0
2005-11-06,0.0,A,0.0
2005-11-07,0.0,A,0.0
2005-11-08,0.0,A,0.0
2005-11-09,0.0,A,0.0
2005-11-10,0.0,A,0.0
2005-11-11,0.0,A,0.0
2005-11-12,0.0,A,0.0
2005-11-13,0.0,A,0.0
2005-11-14,0.0,A,0.0
2005-11-15,0.0,A,0.0
2005-11-16,0.0,A,0.0
2005-11-17,0.0,A,0.0
2005-11-18,0.0,A,0.0
2005-11-19,0.0,A,0.0
2005-11-20,0.0,A,0.0
2005-11-21,0.0,A,0.0
2005-11-22,0.0,A,0.0
2005-11-23,0.0,A,0.0
2005-11-24,0.0,A,0.0
2005-11-25,0.0,A,0.0
2005-11-26,0.0,A,0.0
2005-11-27,0.0,A,0.0
2005-11-28,0.0,A,0.0
2005-11-29,0.0,A,0.0
2005-11-30,0.0,A,0.0
2005-12-01,0.0,A,0.0
2005-12-02,0.0,A,0.0
2005-12-03,0.0,A,0.0
2005-12-04,0.0,A,0.0
2005-12-05,0.0,A,0.0
2005-12-06,0.0,A,0.0
2005-12-07,0.0,A,0.0
2005-12-08,0.0,A,0.0
2005-12-09,0.0,A,0.0
2005-12-10,0.0,A,0.0
2005-12-11,0.0,A,0.0
2005-12-12,0.0,A,0.0
2005-12-13,0.0,A,0.0
2005-12-14,0.0,A,0.0
2005-12-15,0.0,A,0.0
2005-12-16,0.0,A,0.0
2005-12-17,0.0,A,0.0
2005-12-18,0.0,A,0.0
2005-12-19,0.0,A,0.0
2005-12-20,0.0,A,0.0
2005-12-21,0.0,A,0.0
2005-12-22,0.0,A,0.0
2005-12-23,0.0,A,0.0
2005-12-24,0.0,A,0.0
2005-12-25,0.0,A,0.0
2005-12-26,0.0,A,0.0
2005-12-27,0.0,A,0.0
2005-12-28,0.0,A,0.0
2005-12-29,0.0,A,0.0
2005-12-30,0.0,A,0.0
2005-12-31,0.0,A,0.0
2006-01-01,0.0,A,0.0
2006-01-02,0.0,A,0.0
2006-01-03,0.0,A,0.0
2006-01-04,0.0,A,0.0
2006-01-05,0.0,A,0.0
2006-01-06,0.0,A,0.0
2006-01-07,0.0,A,0.0
2006-01-08,0.0,A,0.0
2006-01-09,0.0,A,0.0
2006-01-10,0.0,"A, e",0.0
2006-01-11,0.0,"A, e",0.0
2006-01-12,0.0,A,0.0
2006-01-13,0.0,A,0.0
2006-01-14,0.0,A,0.0
2006-01-15,0.0,A,0.0
2006-01-16,0.0,A,0.0
2006-01-17,0.0,A,0.0
2006-01-18,0.0,A,0.0
2006-01-19,0.0,A,0.0
2006-01-20,0.0,A,0.0
2006-01-21,0.0,A,0.0
2006-01-22,0.0,A,0.0
2006-01-23,0.0,A,0.0
2006-01-24,0.0,A,0.0
2006-01-25,0.0,A,0.0
2006-01-26,0.0,A,0.0
2006-01-27,0.0,A,0.0
2006-01-28,0.0,A,0.0
2006-01-29,0.0,A,0.0
2006-01-30,0.0,A,0.0
2006-01-31,0.0,A,0.0
2006-02-01,0.0,A,0.0
2006-02-02,0.0,A,0.0
2006-02-03,0.0,A,0.0
2006-02-04,0.0,A,0.0
2006-02-05,0.0,A,0.0
2006-02-06,0.0,A,0.0
2006-02-07,0.0,A,0.0
2006-02-08,0.0,A,0.0
2006-02-09,0.0,A,0.0
2006-02-10,0.0,A,0.0
2006-02-11,0.0,A,0.0
2006-02-12,0.0,A,0.0
2006-02-13,0.0,A,0.0
2006-02-14,0.0,A,0.0
2006-02-15,0.0,A,0.0
2006-02-16,0.0,A,0.0
2006-02-17,0.0,A,0.0
2006-02-18,0.0,A,0.0
2006-02-19,0.0,A,0.0
2006-02-20,0.0,A,0.0
2006-02-21,0.0,A,0.0
2006-02-22,0.0,A,0.0
2006-02-23,0.0,A,0.0
2006-02-24,0.0,A,0.0
2006-02-25,0.0,A,0.0
2006-02-26,0.0,A,0.0
2006-02-27,0.0,A,0.0
2006-02-28,0.0,A,0.0
2006-03-01,0.0,A,0.0
2006-03-02,0.0,A,0.0
2006-03-03,0.0,A,0.0
2006-03-04,0.0,A,0.0
2006-03-05,0.0,A,0.0
2006-03-06,0.0,A,0.0
2006-03-07,0.0,A,0.0
2006-03-08,0.0,A,0.0
2006-03-09,0.0,A,0.0
2006-03-10,0.0,A,0.0
2006-03-11,0.0,A,0.0
2006-03-12,0.0,A,0.0
2006-03-13,0.0,A,0.0
2006-03-14,0.0,A,0.0
2006-03-15,0.7,A,0.0198
2006-03-16,15.8,A,0.4474
2006-03-17,13.4,A,0.3794
2006-03-18,15.6,A,0.4417
2006-03-19,12.2,A,0.3455
2006-03-20,7.68,A,0.2175
2006-03-21,6.16,A,0.1744
2006-03-22,6.15,A,0.1741
2006-03-23,4.68,A,0.1325
2006-03-24,4.33,A,0.1226
2006-03-25,5.2,A,0.1472
2006-03-26,14.7,A,0.4163
2006-03-27,15.5,A,0.4389
2006-03-28,18.3,A,0.5182
2006-03-29,14.4,A,0.4078
2006-03-30,11.4,A,0.3228
2006-03-31,9.32,A,0.2639
2006-04-01,7.6,A,0.2152
2006-04-02,5.59,A,0.1583
2006-04-03,4.29,A,0.1215
2006-04-04,2.84,A,0.0804
2006-04-05,1.96,A,0.0555
2006-04-06,1.48,A,0.0419
2006-04-07,0.91,A,0.0258
2006-04-08,0.64,A,0.0181
2006-04-09,0.59,A,0.0167
2006-04-10,0.53,A,0.015
2006-04-11,0.46,A,0.013
2006-04-12,0.32,A,0.0091
2006-04-13,0.3,A,0.0085
2006-04-14,0.23,A,0.0065
2006-04-15,0.25,A,0.0071
2006-04-16,0.19,A,0.0054
2006-04-17,0.17,A,0.0048
2006-04-18,0.16,A,0.0045
2006-04-19,0.13,A,0.0037
2006-04-20,0.1,A,0.0028
2006-04-21,0.07,A,0.002
2006-04-22,0.03,A,0.0008
2006-04-23,0.0,A,0.0
2006-04-24,0.0,A,0.0
2006-04-25,0.0,A,0.0
2006-04-26,0.0,A,0.0
2006-04-27,0.0,A,0.0
2006-04-28,0.0,A,0.0
2006-04-29,0.0,A,0.0
2006-04-30,0.0,A,0.0
2006-05-01,0.0,A,0.0
2006-05-02,0.0,A,0.0
2006-05-03,0.0,A,0.0
2006-05-04,0.0,A,0.0
2006-05-05,0.0,A,0.0
2006-05-06,0.0,A,0.0
2006-05-07,0.0,A,0.0
2006-05-08,0.0,A,0.0
2006-05-09,0.0,A,0.0
2006-05-10,0.0,A,0.0
2006-05-11,0.0,A,0.0
2006-05-12,0.0,A,0.0
2006-05-13,0.0,A,0.0
2006-05-14,0.0,A,0.0
2006-05-15,0.0,A,0.0
2006-05-16,0.0,A,0.0
2006-05-17,0.0,A,0.0
2006-05-18,0.0,A,0.0
2006-05-19,0.0,A,0.0
2006-05-20,0.0,A,0.0
2006-05-21,0.0,A,0.0
2006-05-22,0.0,A,0.0
2006-05-23,0.0,A,0.0
2006-05-24,0.0,A,0.0
2006-05-25,0.0,A,0.0
2006-05-26,0.0,A,0.0
2006-05-27,0.0,A,0.0
2006-05-28,0.0,A,0.0
2006-05-29,0.0,A,0.0
2006-05-30,0.0,A,0.0
2006-05-31,0.0,A,0.0
2006-06-01,0.0,A,0.0
2006-06-02,0.0,A,0.0
2006-06-03,0.0,A,0.0
2006-06-04,0.0,A,0.0
2006-06-05,0.0,A,0.0
2006-06-06,0.0,A,0.0
2006-06-07,0.0,A,0.0
2006-06-08,0.0,A,0.0
2006-06-09,0.0,A,0.0
2006-06-10,0.0,A,0.0
2006-06-11,0.0,A,0.0
2006-06-12,0.0,A,0.0
2006-06-13,0.0,A,0.0
2006-06-14,0.0,A,0.0
2006-06-15,0.0,A,0.0
2006-06-16,0.0,A,0.0
2006-06-17,0.0,A,0.0
2006-06-18,0.0,A,0.0
2006-06-19,0.0,A,0.0
2006-06-20,0.0,A,0.0
2006-06-21,0.0,A,0.0
2006-06-22,0.0,A,0.0
2006-06-23,0.0,A,0.0
2006-06-24,0.0,A,0.0
2006-06-25,0.0,A,0.0
2006-06-26,0.0,A,0.0
2006-06-27,0.0,A,0.0
2006-06-28,0.0,A,0.0
2006-06-29,0.0,A,0.0
2006-06-30,0.0,A,0.0
2006-07-01,0.0,A,0.0
2006-07-02,0.06,A,0.0017
2006-07-03,0.31,A,0.0088
2006-07-04,0.0,A,0.0
2006-07-05,4.65,A,0.1317
2006-07-06,6.56,A,0.1858
2006-07-07,1.0,A,0.0283
2006-07-08,0.41,A,0.0116
2006-07-09,0.07,A,0.002
2006-07-10,0.0,A,0.0
2006-07-11,0.0,A,0.0
2006-07-12,0.0,A,0.0
2006-07-13,0.0,A,0.0
2006-07-14,0.0,A,0.0
2006-07-15,0.0,A,0.0
2006-07-16,0.0,A,0.0
2006-07-17,0.0,A,0.0
2006-07-18,0.0,A,0.0
2006-07-19,3.26,A,0.0923
2006-07-20,1.43,A,0.0405
2006-07-21,0.0,A,0.0
2006-07-22,0.0,A,0.0
2006-07-23,0.0,A,0.0
2006-07-24,0.0,A,0.0
2006-07-25,0.0,A,0.0
2006-07-26,0.0,A,0.0
2006-07-27,6.6,A,0.1869
2006-07-28,170.0,A,4.8139
2006-07-29,1180.0,A,33.4138
2006-07-30,870.0,A,24.6356
2006-07-31,2450.0,"A, e",69.3762
2006-08-01,621.0,A,17.5847
2006-08-02,139.0,A,3.936
2006-08-03,159.0,A,4.5024
2006-08-04,103.0,A,2.9166
2006-08-05,79.5,A,2.2512
2006-08-06,71.3,A,2.019
2006-08-07,91.7,A,2.5967
2006-08-08,123.0,A,3.483
2006-08-09,198.0,A,5.6067
2006-08-10,114.0,A,3.2281
2006-08-11,76.3,A,2.1606
2006-08-12,60.8,A,1.7217
2006-08-13,158.0,A,4.4741
2006-08-14,239.0,A,6.7677
2006-08-15,260.0,A,7.3624
2006-08-16,165.0,A,4.6723
2006-08-17,95.8,A,2.7127
2006-08-18,50.6,"A, e",1.4328
2006-08-19,39.0,A,1.1044
2006-08-20,33.6,A,0.9514
2006-08-21,28.5,A,0.807
2006-08-22,22.9,A,0.6485
2006-08-23,31.6,A,0.8948
2006-08-24,36.7,A,1.0392
2006-08-25,39.9,A,1.1298
2006-08-26,39.6,A,1.1213
2006-08-27,26.9,A,0.7617
2006-08-28,13.6,A,0.3851
2006-08-29,9.88,A,0.2798
2006-08-30,6.56,A,0.1858
2006-08-31,4.75,A,0.1345
2006-09-01,4.38,A,0.124
2006-09-02,4.76,A,0.1348
2006-09-03,5.77,A,0.1634
2006-09-04,38.4,A,1.0874
2006-09-05,34.3,A,0.9713
2006-09-06,75.7,A,2.1436
2006-09-07,191.0,A,5.4085
2006-09-08,110.0,A,3.1148
2006-09-09,72.0,A,2.0388
2006-09-10,62.9,A,1.7811
2006-09-11,49.0,A,1.3875
2006-09-12,17.9,A,0.5069
2006-09-13,23.3,A,0.6598
2006-09-14,12.5,A,0.354
2006-09-15,10.2,A,0.2888
2006-09-16,7.21,A,0.2042
2006-09-17,6.15,A,0.1741
2006-09-18,3.76,A,0.1065
2006-09-19,2.23,A,0.0631
2006-09-20,2.02,A,0.0572
2006-09-21,1.78,A,0.0504
2006-09-22,1.46,A,0.0413
2006-09-23,1.45,A,0.0411
2006-09-24,1.46,A,0.0413
2006-09-25,1.28,A,0.0362
2006-09-26,1.38,A,0.0391
2006-09-27,1.48,A,0.0419
2006-09-28,1.28,A,0.0362
2006-09-29,1.32,A,0.0374
2006-09-30,1.41,A,0.0399
2006-10-01,1.16,A,0.0328
2006-10-02,1.09,A,0.0309
2006-10-03,1.36,A,0.0385
2006-10-04,1.61,A,0.0456
2006-10-05,2.31,A,0.0654
2006-10-06,2.15,A,0.0609
2006-10-07,2.3,A,0.0651
2006-10-08,1.45,A,0.0411
2006-10-09,5.21,A,0.1475
2006-10-10,5.94,A,0.1682
2006-10-11,1.12,A,0.0317
2006-10-12,0.85,A,0.0241
2006-10-13,0.82,A,0.0232
2006-10-14,0.65,A,0.0184
2006-10-15,0.6,A,0.017
2006-10-16,0.53,A,0.015
2006-10-17,0.52,"A, e",0.0147
2006-10-18,0.5,"A, e",0.0142
2006-10-19,0.5,"A, e",0.0142
2006-10-20,0.5,"A, e",0.0142
2006-10-21,0.5,"A, e",0.0142
2006-10-22,0.5,"A, e",0.0142
2006-10-23,0.5,"A, e",0.0142
2006-10-24,0.5,"A, e",0.0142
2006-10-25,0.5,"A, e",0.0142
2006-10-26,0.5,"A, e",0.0142
2006-10-27,0.49,"A, e",0.0139
2006-10-28,0.48,"A, e",0.0136
2006-10-29,0.47,A,0.0133
2006-10-30,0.51,A,0.0144
2006-10-31,0.53,A,0.015
2006-11-01,0.52,"A, e",0.0147
2006-11-02,0.51,"A, e",0.0144
2006-11-03,0.51,"A, e",0.0144
2006-11-04,0.51,"A, e",0.0144
2006-11-05,0.51,"A, e",0.0144
2006-11-06,0.51,"A, e",0.0144
2006-11-07,0.51,A,0.0144
2006-11-08,0.52,A,0.0147
2006-11-09,0.53,A,0.015
2006-11-10,0.56,A,0.0159
2006-11-11,0.57,A,0.0161
2006-11-12,0.58,A,0.0164
2006-11-13,0.61,A,0.0173
2006-11-14,0.65,A,0.0184
2006-11-15,0.76,A,0.0215
2006-11-16,0.8,A,0.0227
2006-11-17,0.83,A,0.0235
2006-11-18,0.85,A,0.0241
2006-11-19,0.96,A,0.0272
2006-11-20,1.39,A,0.0394
2006-11-21,1.66,A,0.047
2006-11-22,1.88,A,0.0532
2006-11-23,2.11,"A, e",0.0597
2006-11-24,2.16,"A, e",0.0612
2006-11-25,2.12,A,0.06
2006-11-26,2.24,A,0.0634
2006-11-27,2.35,A,0.0665
2006-11-28,2.66,A,0.0753
2006-11-29,2.97,A,0.0841
2006-11-30,3.04,A,0.0861
2006-12-01,3.47,A,0.0983
2006-12-02,3.58,A,0.1014
2006-12-03,2.89,A,0.0818
2006-12-04,1.58,A,0.0447
2006-12-05,2.66,A,0.0753
2006-12-06,5.0,A,0.1416
2006-12-07,4.55,A,0.1288
2006-12-08,3.82,A,0.1082
2006-12-09,3.04,A,0.0861
2006-12-10,2.41,A,0.0682
2006-12-11,2.47,A,0.0699
2006-12-12,2.33,A,0.066
2006-12-13,2.63,A,0.0745
2006-12-14,2.32,A,0.0657
2006-12-15,2.19,A,0.062
2006-12-16,2.36,A,0.0668
2006-12-17,3.09,A,0.0875
2006-12-18,3.74,A,0.1059
2006-12-19,4.36,A,0.1235
2006-12-20,4.11,A,0.1164
2006-12-21,3.94,A,0.1116
2006-12-22,4.33,A,0.1226
2006-12-23,4.58,A,0.1297
2006-12-24,4.92,A,0.1393
2006-12-25,5.09,A,0.1441
2006-12-26,4.86,A,0.1376
2006-12-27,3.16,A,0.0895
2006-12-28,6.67,A,0.1889
2006-12-29,2.89,A,0.0818
2006-12-30,1.06,A,0.03
2006-12-31,0.8,A,0.0227
2007-01-01,0.67,A,0.019
2007-01-02,0.63,A,0.0178
2007-01-03,0.63,A,0.0178
2007-01-04,0.52,A,0.0147
2007-01-05,0.49,A,0.0139
2007-01-06,0.53,A,0.015
2007-01-07,0.55,A,0.0156
2007-01-08,0.64,A,0.0181
2007-01-09,0.7,A,0.0198
2007-01-10,0.81,A,0.0229
2007-01-11,1.11,A,0.0314
2007-01-12,1.65,A,0.0467
2007-01-13,1.84,A,0.0521
2007-01-14,1.99,A,0.0564
2007-01-15,1.67,A,0.0473
2007-01-16,1.67,A,0.0473
2007-01-17,2.02,A,0.0572
2007-01-18,1.99,A,0.0564
2007-01-19,2.74,A,0.0776
2007-01-20,3.98,A,0.1127
2007-01-21,3.59,"A, e",0.1017
2007-01-22,3.23,"A, e",0.0915
2007-01-23,2.9,A,0.0821
2007-01-24,2.74,A,0.0776
2007-01-25,5.89,A,0.1668
2007-01-26,5.82,A,0.1648
2007-01-27,5.96,A,0.1688
2007-01-28,5.55,A,0.1572
2007-01-29,4.49,A,0.1271
2007-01-30,5.48,A,0.1552
2007-01-31,7.26,A,0.2056
2007-02-01,4.64,A,0.1314
2007-02-02,3.65,A,0.1034
2007-02-03,4.01,A,0.1136
2007-02-04,6.35,A,0.1798
2007-02-05,6.9,A,0.1954
2007-02-06,7.42,A,0.2101
2007-02-07,6.73,A,0.1906
2007-02-08,4.66,A,0.132
2007-02-09,4.51,A,0.1277
2007-02-10,5.11,A,0.1447
2007-02-11,5.68,A,0.1608
2007-02-12,7.99,A,0.2263
2007-02-13,3.62,A,0.1025
2007-02-14,3.51,A,0.0994
2007-02-15,4.21,A,0.1192
2007-02-16,8.22,A,0.2328
2007-02-17,10.7,A,0.303
2007-02-18,8.92,A,0.2526
2007-02-19,8.05,A,0.228
2007-02-20,7.15,A,0.2025
2007-02-21,5.85,A,0.1657
2007-02-22,6.0,A,0.1699
2007-02-23,5.44,A,0.154
2007-02-24,7.02,A,0.1988
2007-02-25,7.61,A,0.2155
2007-02-26,9.94,A,0.2815
2007-02-27,9.01,A,0.2551
2007-02-28,10.2,A,0.2888
2007-03-01,10.2,A,0.2888
2007-03-02,10.4,A,0.2945
2007-03-03,7.42,A,0.2101
2007-03-04,2.46,A,0.0697
2007-03-05,1.7,A,0.0481
2007-03-06,2.06,A,0.0583
2007-03-07,1.6,A,0.0453
2007-03-08,1.46,A,0.0413
2007-03-09,1.58,A,0.0447
2007-03-10,1.22,A,0.0345
2007-03-11,0.48,A,0.0136
2007-03-12,0.51,A,0.0144
2007-03-13,0.44,A,0.0125
2007-03-14,0.44,A,0.0125
2007-03-15,0.45,A,0.0127
2007-03-16,0.49,A,0.0139
2007-03-17,0.52,A,0.0147
2007-03-18,0.52,A,0.0147
2007-03-19,0.52,A,0.0147
2007-03-20,0.53,A,0.015
2007-03-21,0.58,A,0.0164
2007-03-22,0.87,A,0.0246
2007-03-23,53.7,A,1.5206
2007-03-24,68.2,A,1.9312
2007-03-25,45.3,A,1.2828
2007-03-26,22.3,A,0.6315
2007-03-27,13.7,A,0.3879
2007-03-28,9.84,A,0.2786
2007-03-29,7.81,A,0.2212
2007-03-30,6.97,A,0.1974
2007-03-31,6.65,A,0.1883
2007-04-01,6.11,A,0.173
2007-04-02,5.3,A,0.1501
2007-04-03,4.84,A,0.1371
2007-04-04,5.04,A,0.1427
2007-04-05,5.32,A,0.1506
2007-04-06,5.31,A,0.1504
2007-04-07,5.06,A,0.1433
2007-04-08,5.83,A,0.1651
2007-04-09,6.24,A,0.1767
2007-04-10,5.3,A,0.1501
2007-04-11,5.37,A,0.1521
2007-04-12,4.02,A,0.1138
2007-04-13,5.51,A,0.156
2007-04-14,5.13,A,0.1453
2007-04-15,4.27,A,0.1209
2007-04-16,4.39,A,0.1243
2007-04-17,3.92,A,0.111
2007-04-18,2.82,A,0.0799
2007-04-19,1.22,A,0.0345
2007-04-20,1.17,A,0.0331
2007-04-21,1.74,A,0.0493
2007-04-22,1.99,A,0.0564
2007-04-23,1.82,A,0.0515
2007-04-24,2.02,A,0.0572
2007-04-25,1.86,A,0.0527
2007-04-26,1.51,A,0.0428
2007-04-27,1.02,A,0.0289
2007-04-28,0.94,A,0.0266
2007-04-29,1.03,A,0.0292
2007-04-30,1.04,A,0.0294
2007-05-01,0.99,A,0.028
2007-05-02,1.02,A,0.0289
2007-05-03,1.0,A,0.0283
2007-05-04,0.81,A,0.0229
2007-05-05,0.68,A,0.0193
2007-05-06,0.66,A,0.0187
2007-05-07,0.57,A,0.0161
2007-05-08,0.56,A,0.0159
2007-05-09,0.52,A,0.0147
2007-05-10,0.43,A,0.0122
2007-05-11,0.36,A,0.0102
2007-05-12,0.48,A,0.0136
2007-05-13,0.72,A,0.0204
2007-05-14,0.48,A,0.0136
2007-05-15,0.41,A,0.0116
2007-05-16,0.4,A,0.0113
2007-05-17,0.48,A,0.0136
2007-05-18,0.69,A,0.0195
2007-05-19,0.98,A,0.0278
2007-05-20,1.5,A,0.0425
2007-05-21,1.75,A,0.0496
2007-05-22,0.72,A,0.0204
2007-05-23,0.37,A,0.0105
2007-05-24,0.33,"A, e",0.0093
2007-05-25,0.18,A,0.0051
2007-05-26,0.07,"A, e",0.002
2007-05-27,0.06,"A, e",0.0017
2007-05-28,0.05,"A, e",0.0014
2007-05-29,0.04,"A, e",0.0011
2007-05-30,0.03,"A, e",0.0008
2007-05-31,0.02,"A, e",0.0006
2007-06-01,0.01,"A, e",0.0003
2007-06-02,0.02,"A, e",0.0006
2007-06-03,0.01,"A, e",0.0003
2007-06-04,0.0,"A, e",0.0
2007-06-05,0.0,"A, e",0.0
2007-06-06,0.0,"A, e",0.0
2007-06-07,0.0,"A, e",0.0
2007-06-08,0.0,"A, e",0.0
2007-06-09,0.0,A,0.0
2007-06-10,0.0,A,0.0
2007-06-11,0.0,A,0.0
2007-06-12,0.0,A,0.0
2007-06-13,0.0,A,0.0
2007-06-14,0.0,A,0.0
2007-06-15,0.0,A,0.0
2007-06-16,0.0,A,0.0
2007-06-17,0.0,A,0.0
2007-06-18,0.0,A,0.0
2007-06-19,0.0,A,0.0
2007-06-20,0.0,A,0.0
2007-06-21,0.0,A,0.0
2007-06-22,0.0,A,0.0
2007-06-23,0.0,A,0.0
2007-06-24,0.0,A,0.0
2007-06-25,0.0,A,0.0
2007-06-26,0.0,A,0.0
2007-06-27,0.0,A,0.0
2007-06-28,0.0,A,0.0
2007-06-29,0.0,A,0.0
2007-06-30,0.0,A,0.0
2007-07-01,0.0,A,0.0
2007-07-02,0.0,A,0.0
2007-07-03,0.0,A,0.0
2007-07-04,0.0,A,0.0
2007-07-05,0.0,A,0.0
2007-07-06,0.0,A,0.0
2007-07-07,0.0,A,0.0
2007-07-08,0.0,A,0.0
2007-07-09,0.0,A,0.0
2007-07-10,0.0,A,0.0
2007-07-11,0.0,A,0.0
2007-07-12,0.0,A,0.0
2007-07-13,0.0,A,0.0
2007-07-14,0.0,A,0.0
2007-07-15,0.0,A,0.0
2007-07-16,0.0,A,0.0
2007-07-17,0.0,A,0.0
2007-07-18,0.0,A,0.0
2007-07-19,0.0,A,0.0
2007-07-20,0.0,A,0.0
2007-07-21,0.0,A,0.0
2007-07-22,0.0,A,0.0
2007-07-23,0.0,A,0.0
2007-07-24,5.57,A,0.1577
2007-07-25,8.69,A,0.2461
2007-07-26,3.65,A,0.1034
2007-07-27,4.83,A,0.1368
2007-07-28,363.0,A,10.279
2007-07-29,162.0,A,4.5873
2007-07-30,91.5,A,2.591
2007-07-31,393.0,A,11.1285
2007-08-01,348.0,"A, e",9.8542
2007-08-02,174.0,A,4.9271
2007-08-03,52.8,A,1.4951
2007-08-04,31.7,A,0.8976
2007-08-05,23.7,A,0.6711
2007-08-06,156.0,A,4.4174
2007-08-07,85.6,A,2.4239
2007-08-08,42.2,A,1.195
2007-08-09,22.3,A,0.6315
2007-08-10,19.5,A,0.5522
2007-08-11,17.5,A,0.4955
2007-08-12,25.5,"A, e",0.7221
2007-08-13,18.3,"A, e",0.5182
2007-08-14,11.2,"A, e",0.3171
2007-08-15,8.61,A,0.2438
2007-08-16,7.21,A,0.2042
2007-08-17,9.09,A,0.2574
2007-08-18,5.77,A,0.1634
2007-08-19,5.53,A,0.1566
2007-08-20,14.0,A,0.3964
2007-08-21,8.19,A,0.2319
2007-08-22,7.0,A,0.1982
2007-08-23,7.71,A,0.2183
2007-08-24,9.3,A,0.2633
2007-08-25,13.5,A,0.3823
2007-08-26,13.0,A,0.3681
2007-08-27,14.8,A,0.4191
2007-08-28,13.0,A,0.3681
2007-08-29,7.8,A,0.2209
2007-08-30,5.93,A,0.1679
2007-08-31,4.48,A,0.1269
2007-09-01,3.98,A,0.1127
2007-09-02,3.9,A,0.1104
2007-09-03,3.13,A,0.0886
2007-09-04,2.59,A,0.0733
2007-09-05,2.84,A,0.0804
2007-09-06,5.99,A,0.1696
2007-09-07,3.23,A,0.0915
2007-09-08,2.94,A,0.0833
2007-09-09,2.25,A,0.0637
2007-09-10,2.06,A,0.0583
2007-09-11,1.82,A,0.0515
2007-09-12,1.78,"A, e",0.0504
2007-09-13,1.43,"A, e",0.0405
2007-09-14,1.52,"A, e",0.043
2007-09-15,1.48,"A, e",0.0419
2007-09-16,1.44,"A, e",0.0408
2007-09-17,1.34,"A, e",0.0379
2007-09-18,1.2,"A, e",0.034
2007-09-19,1.07,A,0.0303
2007-09-20,0.92,A,0.0261
2007-09-21,0.87,A,0.0246
2007-09-22,0.8,A,0.0227
2007-09-23,1.25,A,0.0354
2007-09-24,1.58,A,0.0447
2007-09-25,1.65,A,0.0467
2007-09-26,1.99,A,0.0564
2007-09-27,1.71,A,0.0484
2007-09-28,0.71,A,0.0201
2007-09-29,1.02,A,0.0289
2007-09-30,1.26,A,0.0357
2007-10-01,1.55,A,0.0439
2007-10-02,0.69,A,0.0195
2007-10-03,0.77,A,0.0218
2007-10-04,0.51,A,0.0144
2007-10-05,0.41,A,0.0116
2007-10-06,0.31,A,0.0088
2007-10-07,0.28,A,0.0079
2007-10-08,0.25,A,0.0071
2007-10-09,0.21,A,0.0059
2007-10-10,0.19,A,0.0054
2007-10-11,0.16,A,0.0045
2007-10-12,0.14,A,0.004
2007-10-13,0.11,A,0.0031
2007-10-14,0.1,A,0.0028
2007-10-15,0.09,A,0.0025
2007-10-16,0.07,A,0.002
2007-10-17,0.06,A,0.0017
2007-10-18,0.04,A,0.0011
2007-10-19,0.04,A,0.0011
2007-10-20,0.03,A,0.0008
2007-10-21,0.02,A,0.0006
2007-10-22,0.02,A,0.0006
2007-10-23,0.02,A,0.0006
2007-10-24,0.01,A,0.0003
2007-10-25,0.01,"A, e",0.0003
2007-10-26,0.01,A,0.0003
2007-10-27,0.0,A,0.0
2007-10-28,0.0,A,0.0
2007-10-29,0.0,A,0.0
2007-10-30,0.0,A,0.0
2007-10-31,0.0,A,0.0
2007-11-01,0.0,A,0.0
2007-11-02,0.0,A,0.0
2007-11-03,0.0,A,0.0
2007-11-04,0.0,A,0.0
2007-11-05,0.0,A,0.0
2007-11-06,0.0,A,0.0
2007-11-07,0.0,A,0.0
2007-11-08,0.0,A,0.0
2007-11-09,0.0,A,0.0
2007-11-10,0.0,A,0.0
2007-11-11,0.0,A,0.0
2007-11-12,0.0,A,0.0
2007-11-13,0.0,A,0.0
2007-11-14,0.0,A,0.0
2007-11-15,0.0,A,0.0
2007-11-16,0.0,A,0.0
2007-11-17,0.0,A,0.0
2007-11-18,0.0,A,0.0
2007-11-19,0.0,A,0.0
2007-11-20,0.0,A,0.0
2007-11-21,0.0,A,0.0
2007-11-22,0.0,A,0.0
2007-11-23,0.0,A,0.0
2007-11-24,0.0,A,0.0
2007-11-25,0.0,A,0.0
2007-11-26,0.0,A,0.0
2007-11-27,0.0,A,0.0
2007-11-28,0.0,A,0.0
2007-11-29,0.0,A,0.0
2007-11-30,30.9,A,0.875
2007-12-01,265.0,"A, e",7.504
2007-12-02,127.0,"A, e",3.5962
2007-12-03,27.2,"A, e",0.7702
2007-12-04,18.9,A,0.5352
2007-12-05,7.35,A,0.2081
2007-12-06,4.51,A,0.1277
2007-12-07,3.2,A,0.0906
2007-12-08,599.0,A,16.9618
2007-12-09,233.0,A,6.5978
2007-12-10,146.0,A,4.1343
2007-12-11,218.0,A,6.1731
2007-12-12,174.0,A,4.9271
2007-12-13,175.0,A,4.9554
2007-12-14,146.0,"A, e",4.1343
2007-12-15,89.8,"A, e",2.5428
2007-12-16,77.0,"A, e",2.1804
2007-12-17,96.0,"A, e",2.7184
2007-12-18,97.7,A,2.7666
2007-12-19,57.1,"A, e",1.6169
2007-12-20,37.3,"A, e",1.0562
2007-12-21,36.2,"A, e",1.0251
2007-12-22,28.1,"A, e",0.7957
2007-12-23,27.9,"A, e",0.79
2007-12-24,23.8,"A, e",0.6739
2007-12-25,21.1,"A, e",0.5975
2007-12-26,18.8,"A, e",0.5324
2007-12-27,14.2,A,0.4021
2007-12-28,11.1,A,0.3143
2007-12-29,13.9,A,0.3936
2007-12-30,9.85,A,0.2789
2007-12-31,9.77,A,0.2767
2008-01-01,8.72,A,0.2469
2008-01-02,7.18,"A, e",0.2033
2008-01-03,7.04,"A, e",0.1994
2008-01-04,9.49,"A, e",0.2687
2008-01-05,8.9,"A, e",0.252
2008-01-06,85.3,"A, e",2.4154
2008-01-07,125.0,"A, e",3.5396
2008-01-08,106.0,"A, e",3.0016
2008-01-09,90.3,"A, e",2.557
2008-01-10,80.8,"A, e",2.288
2008-01-11,59.8,"A, e",1.6933
2008-01-12,45.9,"A, e",1.2997
2008-01-13,37.3,"A, e",1.0562
2008-01-14,33.4,"A, e",0.9458
2008-01-15,21.3,"A, e",0.6031
2008-01-16,14.7,A,0.4163
2008-01-17,12.0,A,0.3398
2008-01-18,9.05,A,0.2563
2008-01-19,7.21,A,0.2042
2008-01-20,6.6,A,0.1869
2008-01-21,6.18,A,0.175
2008-01-22,5.33,A,0.1509
2008-01-23,4.95,A,0.1402
2008-01-24,6.86,A,0.1943
2008-01-25,5.65,A,0.16
2008-01-26,4.63,A,0.1311
2008-01-27,712.0,A,20.1616
2008-01-28,1480.0,A,41.9089
2008-01-29,288.0,A,8.1552
2008-01-30,166.0,A,4.7006
2008-01-31,104.0,A,2.9449
2008-02-01,77.6,A,2.1974
2008-02-02,61.0,A,1.7273
2008-02-03,51.0,A,1.4442
2008-02-04,91.1,A,2.5797
2008-02-05,96.3,A,2.7269
2008-02-06,85.0,A,2.4069
2008-02-07,89.5,A,2.5344
2008-02-08,95.5,A,2.7043
2008-02-09,84.0,A,2.3786
2008-02-10,59.5,A,1.6848
2008-02-11,53.1,A,1.5036
2008-02-12,44.8,A,1.2686
2008-02-13,39.0,A,1.1044
2008-02-14,32.3,A,0.9146
2008-02-15,42.0,A,1.1893
2008-02-16,71.5,A,2.0247
2008-02-17,87.0,A,2.4636
2008-02-18,86.1,A,2.4381
2008-02-19,73.4,A,2.0785
2008-02-20,61.6,A,1.7443
2008-02-21,49.3,A,1.396
2008-02-22,39.9,A,1.1298
2008-02-23,32.7,A,0.926
2008-02-24,29.4,A,0.8325
2008-02-25,29.2,A,0.8269
2008-02-26,23.5,A,0.6654
2008-02-27,18.9,A,0.5352
2008-02-28,16.9,A,0.4786
2008-02-29,16.3,A,0.4616
2008-03-01,15.8,A,0.4474
2008-03-02,16.3,A,0.4616
2008-03-03,14.3,A,0.4049
2008-03-04,12.9,A,0.3653
2008-03-05,11.0,A,0.3115
2008-03-06,9.8,A,0.2775
2008-03-07,8.62,A,0.2441
2008-03-08,7.84,A,0.222
2008-03-09,7.38,A,0.209
2008-03-10,6.74,A,0.1909
2008-03-11,6.03,A,0.1708
2008-03-12,5.78,A,0.1637
2008-03-13,5.37,A,0.1521
2008-03-14,5.33,A,0.1509
2008-03-15,5.34,A,0.1512
2008-03-16,5.49,A,0.1555
2008-03-17,6.89,A,0.1951
2008-03-18,7.04,A,0.1994
2008-03-19,7.33,A,0.2076
2008-03-20,7.22,A,0.2044
2008-03-21,6.64,A,0.188
2008-03-22,5.76,A,0.1631
2008-03-23,5.36,A,0.1518
2008-03-24,5.36,A,0.1518
2008-03-25,5.34,A,0.1512
2008-03-26,5.32,A,0.1506
2008-03-27,5.36,A,0.1518
2008-03-28,5.37,A,0.1521
2008-03-29,5.42,A,0.1535
2008-03-30,5.53,A,0.1566
2008-03-31,5.44,A,0.154
2008-04-01,5.39,A,0.1526
2008-04-02,5.27,A,0.1492
2008-04-03,4.9,A,0.1388
2008-04-04,4.79,A,0.1356
2008-04-05,4.58,A,0.1297
2008-04-06,4.58,A,0.1297
2008-04-07,4.53,A,0.1283
2008-04-08,4.28,A,0.1212
2008-04-09,4.28,A,0.1212
2008-04-10,4.25,A,0.1203
2008-04-11,3.94,A,0.1116
2008-04-12,3.68,A,0.1042
2008-04-13,3.37,A,0.0954
2008-04-14,3.33,A,0.0943
2008-04-15,3.15,A,0.0892
2008-04-16,2.84,A,0.0804
2008-04-17,2.64,A,0.0748
2008-04-18,2.64,A,0.0748
2008-04-19,2.57,A,0.0728
2008-04-20,2.44,A,0.0691
2008-04-21,2.31,A,0.0654
2008-04-22,2.14,A,0.0606
2008-04-23,1.92,A,0.0544
2008-04-24,1.87,"A, e",0.053
2008-04-25,1.81,"A, e",0.0513
2008-04-26,1.71,"A, e",0.0484
2008-04-27,1.51,"A, e",0.0428
2008-04-28,1.39,"A, e",0.0394
2008-04-29,1.32,"A, e",0.0374
2008-04-30,1.19,"A, e",0.0337
2008-05-01,0.99,"A, e",0.028
2008-05-02,0.88,"A, e",0.0249
2008-05-03,0.79,"A, e",0.0224
2008-05-04,0.73,"A, e",0.0207
2008-05-05,0.65,"A, e",0.0184
2008-05-06,0.54,"A, e",0.0153
2008-05-07,0.64,A,0.0181
2008-05-08,0.56,A,0.0159
2008-05-09,0.48,A,0.0136
2008-05-10,0.35,A,0.0099
2008-05-11,0.25,A,0.0071
2008-05-12,0.15,A,0.0042
2008-05-13,0.12,A,0.0034
2008-05-14,0.14,A,0.004
2008-05-15,0.12,A,0.0034
2008-05-16,0.1,A,0.0028
2008-05-17,0.12,A,0.0034
2008-05-18,0.09,A,0.0025
2008-05-19,0.07,A,0.002
2008-05-20,0.04,A,0.0011
2008-05-21,0.03,A,0.0008
2008-05-22,0.03,A,0.0008
2008-05-23,0.09,A,0.0025
2008-05-24,0.17,A,0.0048
2008-05-25,1.45,A,0.0411
2008-05-26,0.86,A,0.0244
2008-05-27,0.55,A,0.0156
2008-05-28,0.2,A,0.0057
2008-05-29,0.11,A,0.0031
2008-05-30,0.05,A,0.0014
2008-05-31,0.03,A,0.0008
2008-06-01,0.02,A,0.0006
2008-06-02,0.01,A,0.0003
2008-06-03,0.01,A,0.0003
2008-06-04,0.01,A,0.0003
2008-06-05,0.0,A,0.0
2008-06-06,0.0,A,0.0
2008-06-07,0.0,A,0.0
2008-06-08,0.0,A,0.0
2008-06-09,0.0,A,0.0
2008-06-10,0.0,A,0.0
2008-06-11,0.0,A,0.0
2008-06-12,0.0,A,0.0
2008-06-13,0.0,A,0.0
2008-06-14,0.0,A,0.0
2008-06-15,0.0,A,0.0
2008-06-16,0.0,A,0.0
2008-06-17,0.0,A,0.0
2008-06-18,0.0,A,0.0
2008-06-19,0.0,A,0.0
2008-06-20,0.0,A,0.0
2008-06-21,0.0,A,0.0
2008-06-22,0.0,A,0.0
2008-06-23,0.0,A,0.0
2008-06-24,0.0,A,0.0
2008-06-25,0.0,A,0.0
2008-06-26,0.0,A,0.0
2008-06-27,0.0,A,0.0
2008-06-28,0.0,A,0.0
2008-06-29,0.0,A,0.0
2008-06-30,0.0,A,0.0
2008-07-01,0.0,A,0.0
2008-07-02,0.0,A,0.0
2008-07-03,0.0,A,0.0
2008-07-04,0.0,A,0.0
2008-07-05,0.0,A,0.0
2008-07-06,0.0,A,0.0
2008-07-07,0.49,A,0.0139
2008-07-08,4.41,A,0.1249
2008-07-09,1.81,A,0.0513
2008-07-10,1.52,A,0.043
2008-07-11,116.0,A,3.2847
2008-07-12,22.6,A,0.64
2008-07-13,13.1,A,0.371
2008-07-14,49.1,A,1.3904
2008-07-15,24.0,A,0.6796
2008-07-16,9.74,A,0.2758
2008-07-17,5.27,A,0.1492
2008-07-18,3.62,A,0.1025
2008-07-19,4.34,A,0.1229
2008-07-20,7.4,A,0.2095
2008-07-21,5.95,A,0.1685
2008-07-22,10.4,A,0.2945
2008-07-23,28.7,A,0.8127
2008-07-24,21.8,A,0.6173
2008-07-25,15.4,A,0.4361
2008-07-26,72.0,A,2.0388
2008-07-27,25.4,A,0.7192
2008-07-28,17.7,A,0.5012
2008-07-29,13.3,A,0.3766
2008-07-30,11.3,A,0.32
2008-07-31,9.66,A,0.2735
2008-08-01,8.87,A,0.2512
2008-08-02,10.5,A,0.2973
2008-08-03,9.46,A,0.2679
2008-08-04,61.8,A,1.75
2008-08-05,45.3,A,1.2828
2008-08-06,90.1,A,2.5513
2008-08-07,53.2,A,1.5065
2008-08-08,63.9,A,1.8094
2008-08-09,41.8,"A, e",1.1836
2008-08-10,28.7,"A, e",0.8127
2008-08-11,22.9,"A, e",0.6485
2008-08-12,19.5,"A, e",0.5522
2008-08-13,21.1,"A, e",0.5975
2008-08-14,34.3,"A, e",0.9713
2008-08-15,20.0,"A, e",0.5663
2008-08-16,10.7,"A, e",0.303
2008-08-17,9.13,"A, e",0.2585
2008-08-18,8.53,"A, e",0.2415
2008-08-19,7.42,"A, e",0.2101
2008-08-20,5.22,A,0.1478
2008-08-21,4.21,A,0.1192
2008-08-22,3.55,A,0.1005
2008-08-23,3.38,A,0.0957
2008-08-24,3.33,A,0.0943
2008-08-25,3.67,A,0.1039
2008-08-26,3.68,A,0.1042
2008-08-27,4.31,A,0.122
2008-08-28,5.23,A,0.1481
2008-08-29,7.31,A,0.207
2008-08-30,7.2,A,0.2039
2008-08-31,31.2,A,0.8835
2008-09-01,136.0,A,3.8511
2008-09-02,45.1,A,1.2771
2008-09-03,23.0,A,0.6513
2008-09-04,18.0,A,0.5097
2008-09-05,10.4,A,0.2945
2008-09-06,5.79,A,0.164
2008-09-07,4.03,A,0.1141
2008-09-08,4.41,A,0.1249
2008-09-09,6.03,A,0.1708
2008-09-10,4.73,A,0.1339
2008-09-11,3.72,A,0.1053
2008-09-12,5.1,A,0.1444
2008-09-13,4.62,A,0.1308
2008-09-14,2.99,A,0.0847
2008-09-15,2.28,A,0.0646
2008-09-16,1.81,A,0.0513
2008-09-17,1.68,A,0.0476
2008-09-18,1.49,A,0.0422
2008-09-19,1.29,A,0.0365
2008-09-20,1.13,A,0.032
2008-09-21,1.06,A,0.03
2008-09-22,1.02,A,0.0289
2008-09-23,1.01,A,0.0286
2008-09-24,0.86,A,0.0244
2008-09-25,0.87,A,0.0246
2008-09-26,0.91,A,0.0258
2008-09-27,2.13,A,0.0603
2008-09-28,0.84,A,0.0238
2008-09-29,0.75,A,0.0212
2008-09-30,0.74,A,0.021
2008-10-01,0.67,A,0.019
2008-10-02,0.6,A,0.017
2008-10-03,0.62,A,0.0176
2008-10-04,0.63,"A, e",0.0178
2008-10-05,0.55,"A, e",0.0156
2008-10-06,0.42,"A, e",0.0119
2008-10-07,0.41,"A, e",0.0116
2008-10-08,0.4,"A, e",0.0113
2008-10-09,0.43,"A, e",0.0122
2008-10-10,0.41,A,0.0116
2008-10-11,0.4,A,0.0113
2008-10-12,1.16,A,0.0328
2008-10-13,0.9,A,0.0255
2008-10-14,0.62,A,0.0176
2008-10-15,0.51,A,0.0144
2008-10-16,0.47,A,0.0133
2008-10-17,0.46,A,0.013
2008-10-18,0.49,A,0.0139
2008-10-19,0.5,A,0.0142
2008-10-20,0.46,A,0.013
2008-10-21,0.41,A,0.0116
2008-10-22,0.37,A,0.0105
2008-10-23,0.32,A,0.0091
2008-10-24,0.25,A,0.0071
2008-10-25,0.23,A,0.0065
2008-10-26,0.19,A,0.0054
2008-10-27,0.13,A,0.0037
2008-10-28,0.12,A,0.0034
2008-10-29,0.11,A,0.0031
2008-10-30,0.11,A,0.0031
2008-10-31,0.12,A,0.0034
2008-11-01,0.14,A,0.004
2008-11-02,0.15,A,0.0042
2008-11-03,0.15,A,0.0042
2008-11-04,0.15,A,0.0042
2008-11-05,0.18,A,0.0051
2008-11-06,0.16,A,0.0045
2008-11-07,0.14,A,0.004
2008-11-08,0.11,A,0.0031
2008-11-09,0.11,A,0.0031
2008-11-10,0.12,A,0.0034
2008-11-11,0.12,A,0.0034
2008-11-12,0.24,A,0.0068
2008-11-13,0.35,A,0.0099
2008-11-14,0.3,A,0.0085
2008-11-15,0.24,A,0.0068
2008-11-16,0.23,A,0.0065
2008-11-17,0.23,A,0.0065
2008-11-18,0.19,A,0.0054
2008-11-19,0.18,A,0.0051
2008-11-20,0.19,A,0.0054
2008-11-21,0.19,A,0.0054
2008-11-22,0.2,A,0.0057
2008-11-23,0.18,A,0.0051
2008-11-24,0.16,A,0.0045
2008-11-25,0.19,A,0.0054
2008-11-26,0.22,A,0.0062
2008-11-27,0.46,A,0.013
2008-11-28,28.8,A,0.8155
2008-11-29,7.07,A,0.2002
2008-11-30,2.26,A,0.064
2008-12-01,1.23,A,0.0348
2008-12-02,1.1,A,0.0311
2008-12-03,1.1,A,0.0311
2008-12-04,1.06,A,0.03
2008-12-05,1.02,"A, e",0.0289
2008-12-06,1.02,"A, e",0.0289
2008-12-07,1.02,"A, e",0.0289
2008-12-08,1.01,"A, e",0.0286
2008-12-09,1.01,A,0.0286
2008-12-10,1.02,A,0.0289
2008-12-11,0.9,A,0.0255
2008-12-12,0.88,A,0.0249
2008-12-13,0.83,A,0.0235
2008-12-14,0.75,A,0.0212
2008-12-15,0.85,A,0.0241
2008-12-16,1.01,A,0.0286
2008-12-17,0.97,A,0.0275
2008-12-18,1.01,A,0.0286
2008-12-19,1.86,A,0.0527
2008-12-20,2.1,A,0.0595
2008-12-21,1.75,A,0.0496
2008-12-22,1.48,A,0.0419
2008-12-23,2.72,A,0.077
2008-12-24,12.4,A,0.3511
2008-12-25,36.8,A,1.0421
2008-12-26,120.0,A,3.398
2008-12-27,31.0,A,0.8778
2008-12-28,12.7,A,0.3596
2008-12-29,17.4,A,0.4927
2008-12-30,21.3,A,0.6031
2008-12-31,19.4,A,0.5493
2009-01-01,18.5,A,0.5239
2009-01-02,16.0,A,0.4531
2009-01-03,13.0,A,0.3681
2009-01-04,14.1,A,0.3993
2009-01-05,23.5,A,0.6654
2009-01-06,20.0,A,0.5663
2009-01-07,14.7,A,0.4163
2009-01-08,18.1,A,0.5125
2009-01-09,18.9,A,0.5352
2009-01-10,14.8,A,0.4191
2009-01-11,10.2,A,0.2888
2009-01-12,7.99,A,0.2263
2009-01-13,6.36,A,0.1801
2009-01-14,5.63,A,0.1594
2009-01-15,5.17,A,0.1464
2009-01-16,4.78,A,0.1354
2009-01-17,4.52,A,0.128
2009-01-18,4.48,A,0.1269
2009-01-19,5.07,A,0.1436
2009-01-20,5.92,A,0.1676
2009-01-21,7.61,A,0.2155
2009-01-22,18.9,A,0.5352
2009-01-23,65.7,A,1.8604
2009-01-24,59.9,A,1.6962
2009-01-25,36.3,A,1.0279
2009-01-26,24.8,A,0.7023
2009-01-27,18.7,A,0.5295
2009-01-28,15.9,A,0.4502
2009-01-29,13.1,A,0.371
2009-01-30,11.0,A,0.3115
2009-01-31,9.56,A,0.2707
2009-02-01,8.24,A,0.2333
2009-02-02,7.92,A,0.2243
2009-02-03,7.11,A,0.2013
2009-02-04,6.74,A,0.1909
2009-02-05,6.66,A,0.1886
2009-02-06,6.66,A,0.1886
2009-02-07,6.62,A,0.1875
2009-02-08,10.6,A,0.3002
2009-02-09,13.6,A,0.3851
2009-02-10,16.8,A,0.4757
2009-02-11,17.6,A,0.4984
2009-02-12,25.7,A,0.7277
2009-02-13,28.5,A,0.807
2009-02-14,26.4,A,0.7476
2009-02-15,23.1,A,0.6541
2009-02-16,19.8,A,0.5607
2009-02-17,21.1,A,0.5975
2009-02-18,21.1,A,0.5975
2009-02-19,21.6,A,0.6116
2009-02-20,20.5,A,0.5805
2009-02-21,20.5,A,0.5805
2009-02-22,19.8,A,0.5607
2009-02-23,23.7,A,0.6711
2009-02-24,30.4,A,0.8608
2009-02-25,24.6,A,0.6966
2009-02-26,20.2,A,0.572
2009-02-27,17.2,A,0.487
2009-02-28,15.4,A,0.4361
2009-03-01,12.1,A,0.3426
2009-03-02,10.8,A,0.3058
2009-03-03,10.1,A,0.286
2009-03-04,9.49,A,0.2687
2009-03-05,9.27,A,0.2625
2009-03-06,9.93,A,0.2812
2009-03-07,9.78,A,0.2769
2009-03-08,8.73,A,0.2472
2009-03-09,10.8,A,0.3058
2009-03-10,12.8,A,0.3625
2009-03-11,10.8,A,0.3058
2009-03-12,9.54,A,0.2701
2009-03-13,8.42,A,0.2384
2009-03-14,8.12,A,0.2299
2009-03-15,7.6,A,0.2152
2009-03-16,7.27,A,0.2059
2009-03-17,6.68,A,0.1892
2009-03-18,6.59,A,0.1866
2009-03-19,6.46,A,0.1829
2009-03-20,6.66,A,0.1886
2009-03-21,7.26,A,0.2056
2009-03-22,7.15,A,0.2025
2009-03-23,7.16,A,0.2027
2009-03-24,7.42,A,0.2101
2009-03-25,7.9,A,0.2237
2009-03-26,8.35,A,0.2364
2009-03-27,9.42,A,0.2667
2009-03-28,10.1,A,0.286
2009-03-29,10.7,A,0.303
2009-03-30,11.3,A,0.32
2009-03-31,11.6,"A, e",0.3285
2009-04-01,12.1,"A, e",0.3426
2009-04-02,13.3,"A, e",0.3766
2009-04-03,14.1,"A, e",0.3993
2009-04-04,14.7,"A, e",0.4163
2009-04-05,16.7,"A, e",0.4729
2009-04-06,17.0,"A, e",0.4814
2009-04-07,18.3,"A, e",0.5182
2009-04-08,19.5,"A, e",0.5522
2009-04-09,19.8,"A, e",0.5607
2009-04-10,18.9,"A, e",0.5352
2009-04-11,17.6,"A, e",0.4984
2009-04-12,15.2,"A, e",0.4304
2009-04-13,10.3,"A, e",0.2917
2009-04-14,6.12,A,0.1733
2009-04-15,4.1,A,0.1161
2009-04-16,3.06,A,0.0866
2009-04-17,2.52,A,0.0714
2009-04-18,2.52,A,0.0714
2009-04-19,2.4,A,0.068
2009-04-20,2.16,A,0.0612
2009-04-21,1.93,A,0.0547
2009-04-22,1.81,A,0.0513
2009-04-23,1.73,A,0.049
2009-04-24,1.67,A,0.0473
2009-04-25,1.53,A,0.0433
2009-04-26,1.12,A,0.0317
2009-04-27,1.06,A,0.03
2009-04-28,1.02,A,0.0289
2009-04-29,0.79,A,0.0224
2009-04-30,0.76,A,0.0215
2009-05-01,0.72,A,0.0204
2009-05-02,0.64,A,0.0181
2009-05-03,0.57,A,0.0161
2009-05-04,0.46,A,0.013
2009-05-05,0.43,A,0.0122
2009-05-06,0.35,A,0.0099
2009-05-07,0.27,A,0.0076
2009-05-08,0.24,A,0.0068
2009-05-09,0.21,A,0.0059
2009-05-10,0.19,A,0.0054
2009-05-11,0.18,A,0.0051
2009-05-12,0.16,A,0.0045
2009-05-13,0.15,A,0.0042
2009-05-14,0.13,A,0.0037
2009-05-15,0.1,A,0.0028
2009-05-16,0.08,A,0.0023
2009-05-17,0.05,A,0.0014
2009-05-18,0.02,A,0.0006
2009-05-19,0.0,A,0.0
2009-05-20,0.0,A,0.0
2009-05-21,0.08,A,0.0023
2009-05-22,2.6,A,0.0736
2009-05-23,7.19,A,0.2036
2009-05-24,3.14,A,0.0889
2009-05-25,1.86,A,0.0527
2009-05-26,1.22,A,0.0345
2009-05-27,0.88,A,0.0249
2009-05-28,0.59,A,0.0167
2009-05-29,0.42,A,0.0119
2009-05-30,0.25,A,0.0071
2009-05-31,0.17,A,0.0048
2009-06-01,0.11,A,0.0031
2009-06-02,0.07,A,0.002
2009-06-03,0.05,A,0.0014
2009-06-04,0.03,A,0.0008
2009-06-05,0.02,A,0.0006
2009-06-06,0.01,A,0.0003
2009-06-07,0.0,A,0.0
2009-06-08,0.0,A,0.0
2009-06-09,0.0,A,0.0
2009-06-10,0.0,A,0.0
2009-06-11,0.0,A,0.0
2009-06-12,0.0,A,0.0
2009-06-13,0.0,A,0.0
2009-06-14,0.0,A,0.0
2009-06-15,0.0,A,0.0
2009-06-16,0.0,A,0.0
2009-06-17,0.0,A,0.0
2009-06-18,0.0,A,0.0
2009-06-19,0.0,A,0.0
2009-06-20,0.0,A,0.0
2009-06-21,0.0,A,0.0
2009-06-22,0.0,A,0.0
2009-06-23,0.0,A,0.0
2009-06-24,0.0,A,0.0
2009-06-25,0.0,A,0.0
2009-06-26,0.0,A,0.0
2009-06-27,0.0,A,0.0
2009-06-28,0.0,A,0.0
2009-06-29,0.0,A,0.0
2009-06-30,0.0,A,0.0
2009-07-01,0.0,A,0.0
2009-07-02,0.0,A,0.0
2009-07-03,0.0,A,0.0
2009-07-04,40.3,A,1.1412
2009-07-05,5.97,A,0.1691
2009-07-06,2.49,A,0.0705
2009-07-07,1.95,A,0.0552
2009-07-08,1.83,A,0.0518
2009-07-09,14.1,A,0.3993
2009-07-10,4.83,A,0.1368
2009-07-11,2.56,A,0.0725
2009-07-12,2.02,A,0.0572
2009-07-13,1.45,A,0.0411
2009-07-14,0.94,A,0.0266
2009-07-15,0.54,A,0.0153
2009-07-16,0.4,A,0.0113
2009-07-17,0.28,A,0.0079
2009-07-18,0.21,A,0.0059
2009-07-19,0.16,A,0.0045
2009-07-20,0.1,A,0.0028
2009-07-21,0.08,A,0.0023
2009-07-22,0.12,A,0.0034
2009-07-23,3.38,A,0.0957
2009-07-24,3.64,A,0.1031
2009-07-25,1.98,A,0.0561
2009-07-26,0.65,A,0.0184
2009-07-27,0.31,A,0.0088
2009-07-28,0.24,A,0.0068
2009-07-29,0.09,A,0.0025
2009-07-30,0.05,A,0.0014
2009-07-31,0.02,A,0.0006
2009-08-01,0.01,A,0.0003
2009-08-02,0.0,A,0.0
2009-08-03,0.0,A,0.0
2009-08-04,0.0,A,0.0
2009-08-05,0.0,A,0.0
2009-08-06,0.0,A,0.0
2009-08-07,0.0,A,0.0
2009-08-08,0.0,A,0.0
2009-08-09,0.0,A,0.0
2009-08-10,0.0,A,0.0
2009-08-11,0.0,A,0.0
2009-08-12,0.0,A,0.0
2009-08-13,0.0,A,0.0
2009-08-14,0.0,A,0.0
2009-08-15,0.0,A,0.0
2009-08-16,0.0,A,0.0
2009-08-17,0.0,A,0.0
2009-08-18,0.0,A,0.0
2009-08-19,0.0,A,0.0
2009-08-20,0.0,A,0.0
2009-08-21,0.0,A,0.0
2009-08-22,0.0,A,0.0
2009-08-23,0.0,A,0.0
2009-08-24,0.0,A,0.0
2009-08-25,0.0,A,0.0
2009-08-26,0.0,A,0.0
2009-08-27,0.0,A,0.0
2009-08-28,0.0,A,0.0
2009-08-29,0.0,A,0.0
2009-08-30,0.0,A,0.0
2009-08-31,0.0,A,0.0
2009-09-01,0.0,A,0.0
2009-09-02,0.0,A,0.0
2009-09-03,0.0,A,0.0
2009-09-04,0.0,A,0.0
2009-09-05,0.0,A,0.0
2009-09-06,0.0,A,0.0
2009-09-07,0.0,A,0.0
2009-09-08,0.0,A,0.0
2009-09-09,0.0,A,0.0
2009-09-10,0.05,A,0.0014
2009-09-11,0.37,A,0.0105
2009-09-12,0.22,A,0.0062
2009-09-13,0.14,A,0.004
2009-09-14,0.04,A,0.0011
2009-09-15,0.02,A,0.0006
2009-09-16,0.01,A,0.0003
2009-09-17,0.0,A,0.0
2009-09-18,0.0,A,0.0
2009-09-19,0.0,A,0.0
2009-09-20,0.0,A,0.0
2009-09-21,0.0,A,0.0
2009-09-22,0.0,A,0.0
2009-09-23,0.0,A,0.0
2009-09-24,0.0,A,0.0
2009-09-25,0.0,A,0.0
2009-09-26,0.0,A,0.0
2009-09-27,0.0,A,0.0
2009-09-28,0.0,A,0.0
2009-09-29,0.0,A,0.0
2009-09-30,0.0,A,0.0
2009-10-01,0.0,A,0.0
2009-10-02,0.0,A,0.0
2009-10-03,0.0,A,0.0
2009-10-04,0.0,A,0.0
2009-10-05,0.0,A,0.0
2009-10-06,0.0,A,0.0
2009-10-07,0.0,A,0.0
2009-10-08,0.0,A,0.0
2009-10-09,0.0,A,0.0
2009-10-10,0.0,A,0.0
2009-10-11,0.0,A,0.0
2009-10-12,0.0,A,0.0
2009-10-13,0.0,A,0.0
2009-10-14,0.0,A,0.0
2009-10-15,0.0,A,0.0
2009-10-16,0.0,A,0.0
2009-10-17,0.0,A,0.0
2009-10-18,0.0,A,0.0
2009-10-19,0.0,A,0.0
2009-10-20,0.0,A,0.0
2009-10-21,0.0,A,0.0
2009-10-22,0.0,A,0.0
2009-10-23,0.0,A,0.0
2009-10-24,0.0,A,0.0
2009-10-25,0.0,A,0.0
2009-10-26,0.0,A,0.0
2009-10-27,0.0,A,0.0
2009-10-28,0.0,A,0.0
2009-10-29,0.0,A,0.0
2009-10-30,0.0,A,0.0
2009-10-31,0.0,A,0.0
2009-11-01,0.0,A,0.0
2009-11-02,0.0,A,0.0
2009-11-03,0.0,A,0.0
2009-11-04,0.0,A,0.0
2009-11-05,0.0,A,0.0
2009-11-06,0.0,A,0.0
2009-11-07,0.0,A,0.0
2009-11-08,0.0,A,0.0
2009-11-09,0.0,A,0.0
2009-11-10,0.0,A,0.0
2009-11-11,0.0,A,0.0
2009-11-12,0.0,A,0.0
2009-11-13,0.0,A,0.0
2009-11-14,0.0,A,0.0
2009-11-15,0.0,A,0.0
2009-11-16,0.0,A,0.0
2009-11-17,0.0,A,0.0
2009-11-18,0.0,A,0.0
2009-11-19,0.0,A,0.0
2009-11-20,0.0,A,0.0
2009-11-21,0.0,A,0.0
2009-11-22,0.0,A,0.0
2009-11-23,0.0,A,0.0
2009-11-24,0.0,A,0.0
2009-11-25,0.0,A,0.0
2009-11-26,0.0,A,0.0
2009-11-27,0.0,A,0.0
2009-11-28,0.0,A,0.0
2009-11-29,0.0,A,0.0
2009-11-30,0.0,A,0.0
2009-12-01,0.0,A,0.0
2009-12-02,0.0,A,0.0
2009-12-03,0.0,A,0.0
2009-12-04,0.0,A,0.0
2009-12-05,0.0,A,0.0
2009-12-06,0.0,A,0.0
2009-12-07,0.0,A,0.0
2009-12-08,0.0,A,0.0
2009-12-09,2.32,A,0.0657
2009-12-10,3.36,A,0.0951
2009-12-11,2.66,A,0.0753
2009-12-12,2.03,A,0.0575
2009-12-13,1.78,A,0.0504
2009-12-14,2.22,A,0.0629
2009-12-15,11.0,A,0.3115
2009-12-16,3.64,A,0.1031
2009-12-17,2.31,A,0.0654
2009-12-18,1.79,A,0.0507
2009-12-19,1.58,A,0.0447
2009-12-20,1.2,A,0.034
2009-12-21,1.06,A,0.03
2009-12-22,1.1,A,0.0311
2009-12-23,1.66,A,0.047
2009-12-24,1.39,A,0.0394
2009-12-25,1.04,A,0.0294
2009-12-26,0.87,A,0.0246
2009-12-27,0.79,A,0.0224
2009-12-28,1.04,A,0.0294
2009-12-29,1.02,A,0.0289
2009-12-30,0.97,A,0.0275
2009-12-31,0.8,A,0.0227
2010-01-01,0.63,A,0.0178
2010-01-02,0.54,A,0.0153
2010-01-03,0.47,A,0.0133
2010-01-04,0.46,A,0.013
2010-01-05,0.43,A,0.0122
2010-01-06,0.39,A,0.011
2010-01-07,0.38,A,0.0108
2010-01-08,0.35,A,0.0099
2010-01-09,0.38,A,0.0108
2010-01-10,0.39,A,0.011
2010-01-11,0.37,A,0.0105
2010-01-12,0.33,A,0.0093
2010-01-13,0.34,A,0.0096
2010-01-14,0.33,A,0.0093
2010-01-15,0.32,A,0.0091
2010-01-16,0.34,A,0.0096
2010-01-17,0.33,A,0.0093
2010-01-18,0.35,A,0.0099
2010-01-19,0.34,A,0.0096
2010-01-20,1.04,A,0.0294
2010-01-21,194.0,A,5.4935
2010-01-22,337.0,A,9.5428
2010-01-23,124.0,A,3.5113
2010-01-24,56.7,A,1.6056
2010-01-25,51.4,A,1.4555
2010-01-26,60.5,A,1.7132
2010-01-27,66.4,A,1.8802
2010-01-28,102.0,A,2.8883
2010-01-29,73.2,A,2.0728
2010-01-30,57.7,A,1.6339
2010-01-31,46.5,A,1.3167
2010-02-01,49.3,A,1.396
2010-02-02,47.0,A,1.3309
2010-02-03,53.8,A,1.5234
2010-02-04,52.6,A,1.4895
2010-02-05,46.6,A,1.3196
2010-02-06,41.4,A,1.1723
2010-02-07,66.1,A,1.8717
2010-02-08,68.4,A,1.9369
2010-02-09,64.7,A,1.8321
2010-02-10,68.3,"A, e",1.934
2010-02-11,65.5,"A, e",1.8548
2010-02-12,60.6,"A, e",1.716
2010-02-13,54.8,"A, e",1.5518
2010-02-14,51.8,"A, e",1.4668
2010-02-15,46.9,"A, e",1.3281
2010-02-16,43.1,"A, e",1.2205
2010-02-17,37.5,"A, e",1.0619
2010-02-18,36.3,A,1.0279
2010-02-19,34.5,A,0.9769
2010-02-20,34.6,A,0.9798
2010-02-21,36.0,A,1.0194
2010-02-22,119.0,A,3.3697
2010-02-23,119.0,A,3.3697
2010-02-24,73.8,A,2.0898
2010-02-25,78.2,A,2.2144
2010-02-26,83.6,A,2.3673
2010-02-27,67.1,A,1.9001
2010-02-28,128.0,A,3.6246
2010-03-01,167.0,A,4.7289
2010-03-02,152.0,A,4.3042
2010-03-03,138.0,A,3.9077
2010-03-04,129.0,A,3.6529
2010-03-05,111.0,A,3.1432
2010-03-06,94.5,A,2.6759
2010-03-07,164.0,A,4.644
2010-03-08,225.0,A,6.3713
2010-03-09,172.0,A,4.8705
2010-03-10,155.0,A,4.3891
2010-03-11,151.0,A,4.2758
2010-03-12,154.0,A,4.3608
2010-03-13,181.0,A,5.1253
2010-03-14,169.0,A,4.7855
2010-03-15,131.0,A,3.7095
2010-03-16,113.0,A,3.1998
2010-03-17,110.0,A,3.1148
2010-03-18,120.0,A,3.398
2010-03-19,122.0,A,3.4546
2010-03-20,93.3,A,2.642
2010-03-21,68.8,A,1.9482
2010-03-22,59.6,A,1.6877
2010-03-23,64.6,A,1.8293
2010-03-24,60.3,A,1.7075
2010-03-25,48.5,A,1.3734
2010-03-26,46.3,A,1.3111
2010-03-27,40.2,A,1.1383
2010-03-28,34.6,A,0.9798
2010-03-29,35.5,A,1.0052
2010-03-30,42.9,A,1.2148
2010-03-31,49.7,A,1.4073
2010-04-01,46.5,A,1.3167
2010-04-02,34.0,A,0.9628
2010-04-03,30.2,A,0.8552
2010-04-04,34.4,A,0.9741
2010-04-05,38.4,A,1.0874
2010-04-06,40.5,A,1.1468
2010-04-07,33.6,A,0.9514
2010-04-08,27.6,A,0.7815
2010-04-09,28.1,A,0.7957
2010-04-10,28.1,A,0.7957
2010-04-11,25.7,A,0.7277
2010-04-12,29.1,A,0.824
2010-04-13,27.0,A,0.7646
2010-04-14,22.9,A,0.6485
2010-04-15,20.7,A,0.5862
2010-04-16,21.1,A,0.5975
2010-04-17,21.0,A,0.5947
2010-04-18,20.2,A,0.572
2010-04-19,19.7,A,0.5578
2010-04-20,17.8,A,0.504
2010-04-21,17.4,A,0.4927
2010-04-22,19.7,A,0.5578
2010-04-23,17.7,A,0.5012
2010-04-24,13.0,A,0.3681
2010-04-25,7.22,A,0.2044
2010-04-26,5.26,A,0.1489
2010-04-27,8.22,A,0.2328
2010-04-28,10.3,A,0.2917
2010-04-29,11.5,A,0.3256
2010-04-30,11.2,A,0.3171
2010-05-01,7.38,A,0.209
2010-05-02,5.63,A,0.1594
2010-05-03,5.5,A,0.1557
2010-05-04,6.41,A,0.1815
2010-05-05,5.45,A,0.1543
2010-05-06,7.37,A,0.2087
2010-05-07,9.55,A,0.2704
2010-05-08,10.1,A,0.286
2010-05-09,9.91,A,0.2806
2010-05-10,9.47,A,0.2682
2010-05-11,8.66,A,0.2452
2010-05-12,8.18,A,0.2316
2010-05-13,7.46,A,0.2112
2010-05-14,5.82,A,0.1648
2010-05-15,5.21,A,0.1475
2010-05-16,4.99,A,0.1413
2010-05-17,5.08,A,0.1438
2010-05-18,5.28,A,0.1495
2010-05-19,5.21,A,0.1475
2010-05-20,5.08,A,0.1438
2010-05-21,4.81,A,0.1362
2010-05-22,4.33,A,0.1226
2010-05-23,4.14,A,0.1172
2010-05-24,4.3,A,0.1218
2010-05-25,4.22,A,0.1195
2010-05-26,4.07,A,0.1152
2010-05-27,3.92,A,0.111
2010-05-28,1.9,A,0.0538
2010-05-29,1.25,A,0.0354
2010-05-30,0.76,A,0.0215
2010-05-31,0.4,A,0.0113
2010-06-01,0.22,A,0.0062
2010-06-02,0.2,A,0.0057
2010-06-03,0.25,A,0.0071
2010-06-04,0.29,A,0.0082
2010-06-05,0.15,A,0.0042
2010-06-06,0.1,A,0.0028
2010-06-07,0.06,A,0.0017
2010-06-08,0.04,A,0.0011
2010-06-09,0.03,A,0.0008
2010-06-10,0.02,A,0.0006
2010-06-11,0.01,A,0.0003
2010-06-12,0.0,A,0.0
2010-06-13,0.0,A,0.0
2010-06-14,0.0,A,0.0
2010-06-15,0.0,A,0.0
2010-06-16,0.0,A,0.0
2010-06-17,0.0,A,0.0
2010-06-18,0.0,A,0.0
2010-06-19,0.0,A,0.0
2010-06-20,0.0,A,0.0
2010-06-21,0.0,A,0.0
2010-06-22,0.0,A,0.0
2010-06-23,0.0,A,0.0
2010-06-24,0.0,A,0.0
2010-06-25,0.0,A,0.0
2010-06-26,0.0,A,0.0
2010-06-27,0.0,A,0.0
2010-06-28,0.0,A,0.0
2010-06-29,0.0,A,0.0
2010-06-30,0.0,A,0.0
2010-07-01,0.0,A,0.0
2010-07-02,0.0,A,0.0
2010-07-03,0.0,A,0.0
2010-07-04,0.0,A,0.0
2010-07-05,0.0,A,0.0
2010-07-06,0.0,A,0.0
2010-07-07,0.0,A,0.0
2010-07-08,0.0,A,0.0
2010-07-09,0.0,A,0.0
2010-07-10,0.0,A,0.0
2010-07-11,0.0,A,0.0
2010-07-12,0.0,A,0.0
2010-07-13,0.0,A,0.0
2010-07-14,0.0,A,0.0
2010-07-15,0.0,A,0.0
2010-07-16,0.0,A,0.0
2010-07-17,0.0,A,0.0
2010-07-18,0.0,A,0.0
2010-07-19,0.0,A,0.0
2010-07-20,0.0,A,0.0
2010-07-21,0.0,A,0.0
2010-07-22,0.0,A,0.0
2010-07-23,7.53,A,0.2132
2010-07-24,15.1,A,0.4276
2010-07-25,3.98,A,0.1127
2010-07-26,2.24,A,0.0634
2010-07-27,37.1,A,1.0506
2010-07-28,36.5,A,1.0336
2010-07-29,23.1,A,0.6541
2010-07-30,55.2,A,1.5631
2010-07-31,278.0,A,7.8721
2010-08-01,100.0,A,2.8317
2010-08-02,39.9,A,1.1298
2010-08-03,23.4,A,0.6626
2010-08-04,16.3,A,0.4616
2010-08-05,12.1,A,0.3426
2010-08-06,11.9,A,0.337
2010-08-07,11.1,A,0.3143
2010-08-08,95.9,A,2.7156
2010-08-09,86.0,A,2.4352
2010-08-10,30.9,A,0.875
2010-08-11,17.8,A,0.504
2010-08-12,12.3,A,0.3483
2010-08-13,8.98,A,0.2543
2010-08-14,7.22,A,0.2044
2010-08-15,32.4,A,0.9175
2010-08-16,67.4,A,1.9086
2010-08-17,23.5,A,0.6654
2010-08-18,36.9,A,1.0449
2010-08-19,17.9,A,0.5069
2010-08-20,8.46,A,0.2396
2010-08-21,7.13,A,0.2019
2010-08-22,8.3,A,0.235
2010-08-23,6.7,A,0.1897
2010-08-24,5.3,A,0.1501
2010-08-25,5.68,A,0.1608
2010-08-26,5.26,A,0.1489
2010-08-27,6.65,A,0.1883
2010-08-28,14.5,A,0.4106
2010-08-29,8.13,A,0.2302
2010-08-30,6.48,A,0.1835
2010-08-31,5.2,A,0.1472
2010-09-01,4.04,A,0.1144
2010-09-02,3.45,A,0.0977
2010-09-03,3.07,A,0.0869
2010-09-04,2.83,A,0.0801
2010-09-05,2.44,A,0.0691
2010-09-06,2.31,A,0.0654
2010-09-07,8.72,A,0.2469
2010-09-08,21.3,A,0.6031
2010-09-09,6.89,A,0.1951
2010-09-10,4.57,A,0.1294
2010-09-11,3.54,A,0.1002
2010-09-12,3.16,A,0.0895
2010-09-13,2.85,A,0.0807
2010-09-14,2.55,A,0.0722
2010-09-15,2.53,A,0.0716
2010-09-16,2.27,A,0.0643
2010-09-17,1.74,A,0.0493
2010-09-18,1.35,A,0.0382
2010-09-19,1.12,A,0.0317
2010-09-20,0.93,A,0.0263
2010-09-21,0.98,A,0.0278
2010-09-22,5.45,A,0.1543
2010-09-23,13.1,A,0.371
2010-09-24,4.24,A,0.1201
2010-09-25,2.67,A,0.0756
2010-09-26,1.89,A,0.0535
2010-09-27,1.42,A,0.0402
2010-09-28,1.18,A,0.0334
2010-09-29,0.94,A,0.0266
2010-09-30,0.65,A,0.0184
2010-10-01,0.38,A,0.0108
2010-10-02,0.28,A,0.0079
2010-10-03,0.23,A,0.0065
2010-10-04,0.18,A,0.0051
2010-10-05,0.42,A,0.0119
2010-10-06,0.85,A,0.0241
2010-10-07,0.89,A,0.0252
2010-10-08,0.57,A,0.0161
2010-10-09,0.25,A,0.0071
2010-10-10,0.14,A,0.004
2010-10-11,0.1,A,0.0028
2010-10-12,0.07,A,0.002
2010-10-13,0.06,A,0.0017
2010-10-14,0.05,A,0.0014
2010-10-15,0.05,A,0.0014
2010-10-16,0.19,A,0.0054
2010-10-17,0.19,A,0.0054
2010-10-18,0.1,A,0.0028
2010-10-19,0.07,A,0.002
2010-10-20,0.06,A,0.0017
2010-10-21,0.08,A,0.0023
2010-10-22,0.07,A,0.002
2010-10-23,0.08,A,0.0023
2010-10-24,0.11,A,0.0031
2010-10-25,0.12,A,0.0034
2010-10-26,0.1,A,0.0028
2010-10-27,0.08,A,0.0023
2010-10-28,0.05,A,0.0014
2010-10-29,0.03,A,0.0008
2010-10-30,0.03,A,0.0008
2010-10-31,0.02,A,0.0006
2010-11-01,0.02,A,0.0006
2010-11-02,0.03,A,0.0008
2010-11-03,0.03,A,0.0008
2010-11-04,0.01,A,0.0003
2010-11-05,0.02,A,0.0006
2010-11-06,0.01,A,0.0003
2010-11-07,0.01,A,0.0003
2010-11-08,0.01,A,0.0003
2010-11-09,0.01,A,0.0003
2010-11-10,0.01,A,0.0003
2010-11-11,0.01,A,0.0003
2010-11-12,0.01,A,0.0003
2010-11-13,0.01,A,0.0003
2010-11-14,0.01,A,0.0003
2010-11-15,0.01,A,0.0003
2010-11-16,0.01,A,0.0003
2010-11-17,0.0,A,0.0
2010-11-18,0.0,A,0.0
2010-11-19,0.0,A,0.0
2010-11-20,0.0,A,0.0
2010-11-21,0.0,A,0.0
2010-11-22,0.0,A,0.0
2010-11-23,0.0,A,0.0
2010-11-24,0.0,A,0.0
2010-11-25,0.0,A,0.0
2010-11-26,0.0,A,0.0
2010-11-27,0.0,A,0.0
2010-11-28,0.0,A,0.0
2010-11-29,0.0,A,0.0
2010-11-30,0.01,A,0.0003
2010-12-01,0.01,A,0.0003
2010-12-02,0.01,A,0.0003
2010-12-03,0.02,A,0.0006
2010-12-04,0.02,A,0.0006
2010-12-05,0.02,A,0.0006
2010-12-06,0.02,A,0.0006
2010-12-07,0.02,A,0.0006
2010-12-08,0.01,A,0.0003
2010-12-09,0.01,A,0.0003
2010-12-10,0.02,A,0.0006
2010-12-11,0.02,A,0.0006
2010-12-12,0.03,A,0.0008
2010-12-13,0.04,A,0.0011
2010-12-14,0.06,A,0.0017
2010-12-15,0.07,A,0.002
2010-12-16,0.09,A,0.0025
2010-12-17,0.1,A,0.0028
2010-12-18,0.07,A,0.002
2010-12-19,0.04,A,0.0011
2010-12-20,0.12,A,0.0034
2010-12-21,0.1,A,0.0028
2010-12-22,0.07,A,0.002
2010-12-23,5.59,A,0.1583
2010-12-24,7.43,A,0.2104
2010-12-25,3.44,A,0.0974
2010-12-26,2.22,A,0.0629
2010-12-27,1.54,A,0.0436
2010-12-28,1.0,A,0.0283
2010-12-29,1.15,A,0.0326
2010-12-30,4.55,A,0.1288
2010-12-31,2.5,A,0.0708
2011-01-01,2.06,A,0.0583
2011-01-02,2.05,A,0.058
2011-01-03,3.83,A,0.1085
2011-01-04,5.47,A,0.1549
2011-01-05,5.27,A,0.1492
2011-01-06,4.44,A,0.1257
2011-01-07,4.58,A,0.1297
2011-01-08,7.5,A,0.2124
2011-01-09,6.03,A,0.1708
2011-01-10,5.27,A,0.1492
2011-01-11,4.54,A,0.1286
2011-01-12,3.58,A,0.1014
2011-01-13,3.91,A,0.1107
2011-01-14,5.32,A,0.1506
2011-01-15,5.82,A,0.1648
2011-01-16,5.46,A,0.1546
2011-01-17,5.48,A,0.1552
2011-01-18,12.8,A,0.3625
2011-01-19,8.98,A,0.2543
2011-01-20,7.96,A,0.2254
2011-01-21,6.67,A,0.1889
2011-01-22,5.41,A,0.1532
2011-01-23,4.75,A,0.1345
2011-01-24,4.28,A,0.1212
2011-01-25,4.08,A,0.1155
2011-01-26,3.73,A,0.1056
2011-01-27,3.19,A,0.0903
2011-01-28,2.87,A,0.0813
2011-01-29,2.63,A,0.0745
2011-01-30,2.55,A,0.0722
2011-01-31,2.46,A,0.0697
2011-02-01,2.47,A,0.0699
2011-02-02,2.24,A,0.0634
2011-02-03,2.01,A,0.0569
2011-02-04,1.74,A,0.0493
2011-02-05,1.68,A,0.0476
2011-02-06,1.8,A,0.051
2011-02-07,2.0,A,0.0566
2011-02-08,1.83,A,0.0518
2011-02-09,1.77,A,0.0501
2011-02-10,1.66,A,0.047
2011-02-11,1.56,A,0.0442
2011-02-12,1.48,A,0.0419
2011-02-13,1.37,A,0.0388
2011-02-14,1.36,A,0.0385
2011-02-15,1.31,A,0.0371
2011-02-16,1.19,A,0.0337
2011-02-17,1.18,A,0.0334
2011-02-18,1.18,A,0.0334
2011-02-19,1.53,A,0.0433
2011-02-20,1.51,A,0.0428
2011-02-21,1.79,A,0.0507
2011-02-22,1.79,A,0.0507
2011-02-23,1.68,A,0.0476
2011-02-24,1.47,A,0.0416
2011-02-25,1.36,A,0.0385
2011-02-26,1.35,A,0.0382
2011-02-27,1.74,A,0.0493
2011-02-28,2.08,A,0.0589
2011-03-01,1.74,A,0.0493
2011-03-02,3.81,A,0.1079
2011-03-03,5.5,A,0.1557
2011-03-04,5.24,A,0.1484
2011-03-05,4.34,A,0.1229
2011-03-06,3.57,A,0.1011
2011-03-07,2.99,A,0.0847
2011-03-08,2.67,A,0.0756
2011-03-09,2.48,A,0.0702
2011-03-10,2.25,A,0.0637
2011-03-11,2.07,A,0.0586
2011-03-12,2.12,A,0.06
2011-03-13,2.19,A,0.062
2011-03-14,2.39,A,0.0677
2011-03-15,2.41,A,0.0682
2011-03-16,2.48,A,0.0702
2011-03-17,2.47,A,0.0699
2011-03-18,2.45,A,0.0694
2011-03-19,2.49,A,0.0705
2011-03-20,2.4,A,0.068
2011-03-21,2.38,A,0.0674
2011-03-22,2.51,A,0.0711
2011-03-23,2.57,A,0.0728
2011-03-24,2.71,A,0.0767
2011-03-25,2.38,A,0.0674
2011-03-26,2.14,A,0.0606
2011-03-27,1.99,A,0.0564
2011-03-28,1.78,A,0.0504
2011-03-29,1.47,A,0.0416
2011-03-30,1.15,A,0.0326
2011-03-31,0.99,A,0.028
2011-04-01,0.78,A,0.0221
2011-04-02,0.68,A,0.0193
2011-04-03,0.58,A,0.0164
2011-04-04,0.4,A,0.0113
2011-04-05,0.32,A,0.0091
2011-04-06,0.24,A,0.0068
2011-04-07,0.27,A,0.0076
2011-04-08,0.28,A,0.0079
2011-04-09,0.37,A,0.0105
2011-04-10,1.07,A,0.0303
2011-04-11,1.79,A,0.0507
2011-04-12,1.75,A,0.0496
2011-04-13,1.51,A,0.0428
2011-04-14,1.04,A,0.0294
2011-04-15,0.9,A,0.0255
2011-04-16,1.41,A,0.0399
2011-04-17,0.81,A,0.0229
2011-04-18,0.42,A,0.0119
2011-04-19,0.23,A,0.0065
2011-04-20,0.19,A,0.0054
2011-04-21,0.14,A,0.004
2011-04-22,0.09,A,0.0025
2011-04-23,0.05,A,0.0014
2011-04-24,0.04,A,0.0011
2011-04-25,0.03,A,0.0008
2011-04-26,0.04,A,0.0011
2011-04-27,0.03,A,0.0008
2011-04-28,0.02,"A, e",0.0006
2011-04-29,0.02,A,0.0006
2011-04-30,0.02,A,0.0006
2011-05-01,0.02,"A, e",0.0006
2011-05-02,0.02,"A, e",0.0006
2011-05-03,0.01,A,0.0003
2011-05-04,0.0,A,0.0
2011-05-05,0.0,A,0.0
2011-05-06,0.0,A,0.0
2011-05-07,0.0,A,0.0
2011-05-08,0.0,A,0.0
2011-05-09,0.0,A,0.0
2011-05-10,0.0,A,0.0
2011-05-11,0.0,A,0.0
2011-05-12,0.0,A,0.0
2011-05-13,0.0,A,0.0
2011-05-14,0.0,A,0.0
2011-05-15,0.0,A,0.0
2011-05-16,0.0,A,0.0
2011-05-17,0.0,A,0.0
2011-05-18,0.0,A,0.0
2011-05-19,0.0,A,0.0
2011-05-20,0.0,A,0.0
2011-05-21,0.0,A,0.0
2011-05-22,0.0,A,0.0
2011-05-23,0.0,A,0.0
2011-05-24,0.0,A,0.0
2011-05-25,0.0,A,0.0
2011-05-26,0.0,A,0.0
2011-05-27,0.0,A,0.0
2011-05-28,0.0,A,0.0
2011-05-29,0.0,A,0.0
2011-05-30,0.0,A,0.0
2011-05-31,0.0,A,0.0
2011-06-01,0.0,A,0.0
2011-06-02,0.0,A,0.0
2011-06-03,0.0,A,0.0
2011-06-04,0.0,A,0.0
2011-06-05,0.0,A,0.0
2011-06-06,0.0,A,0.0
2011-06-07,0.0,A,0.0
2011-06-08,0.0,A,0.0
2011-06-09,0.0,A,0.0
2011-06-10,0.0,A,0.0
2011-06-11,0.0,A,0.0
2011-06-12,0.0,A,0.0
2011-06-13,0.0,A,0.0
2011-06-14,0.0,A,0.0
2011-06-15,0.0,A,0.0
2011-06-16,0.0,A,0.0
2011-06-17,0.0,A,0.0
2011-06-18,0.0,A,0.0
2011-06-19,0.0,A,0.0
2011-06-20,0.0,A,0.0
2011-06-21,0.0,A,0.0
2011-06-22,0.0,A,0.0
2011-06-23,0.0,A,0.0
2011-06-24,0.0,A,0.0
2011-06-25,0.0,A,0.0
2011-06-26,0.0,A,0.0
2011-06-27,0.0,A,0.0
2011-06-28,0.0,A,0.0
2011-06-29,0.0,A,0.0
2011-06-30,0.0,A,0.0
2011-07-01,0.0,A,0.0
2011-07-02,0.0,A,0.0
2011-07-03,0.0,A,0.0
2011-07-04,0.0,A,0.0
2011-07-05,0.0,A,0.0
2011-07-06,0.0,A,0.0
2011-07-07,0.0,A,0.0
2011-07-08,0.0,A,0.0
2011-07-09,0.0,A,0.0
2011-07-10,0.0,A,0.0
2011-07-11,0.0,A,0.0
2011-07-12,0.0,A,0.0
2011-07-13,0.0,A,0.0
2011-07-14,0.0,A,0.0
2011-07-15,0.0,A,0.0
2011-07-16,0.0,A,0.0
2011-07-17,0.0,A,0.0
2011-07-18,0.0,A,0.0
2011-07-19,0.0,A,0.0
2011-07-20,0.0,A,0.0
2011-07-21,0.0,A,0.0
2011-07-22,0.0,A,0.0
2011-07-23,0.0,A,0.0
2011-07-24,0.0,A,0.0
2011-07-25,0.0,A,0.0
2011-07-26,0.0,A,0.0
2011-07-27,0.0,A,0.0
2011-07-28,0.0,A,0.0
2011-07-29,0.0,A,0.0
2011-07-30,0.0,A,0.0
2011-07-31,0.0,A,0.0
2011-08-01,0.0,A,0.0
2011-08-02,0.0,A,0.0
2011-08-03,0.0,A,0.0
2011-08-04,0.0,A,0.0
2011-08-05,0.0,A,0.0
2011-08-06,0.0,A,0.0
2011-08-07,0.0,A,0.0
2011-08-08,0.0,A,0.0
2011-08-09,0.0,A,0.0
2011-08-10,0.0,A,0.0
2011-08-11,0.0,A,0.0
2011-08-12,0.0,A,0.0
2011-08-13,0.0,A,0.0
2011-08-14,0.0,A,0.0
2011-08-15,0.0,A,0.0
2011-08-16,0.0,A,0.0
2011-08-17,0.0,A,0.0
2011-08-18,0.0,A,0.0
2011-08-19,37.1,A,1.0506
2011-08-20,8.66,A,0.2452
2011-08-21,4.85,A,0.1373
2011-08-22,3.49,A,0.0988
2011-08-23,2.49,A,0.0705
2011-08-24,1.64,A,0.0464
2011-08-25,1.07,A,0.0303
2011-08-26,0.65,A,0.0184
2011-08-27,0.62,A,0.0176
2011-08-28,0.38,A,0.0108
2011-08-29,0.22,A,0.0062
2011-08-30,0.11,A,0.0031
2011-08-31,0.03,A,0.0008
2011-09-01,0.02,A,0.0006
2011-09-02,0.02,A,0.0006
2011-09-03,0.01,A,0.0003
2011-09-04,0.0,A,0.0
2011-09-05,0.0,A,0.0
2011-09-06,0.0,A,0.0
2011-09-07,0.0,A,0.0
2011-09-08,0.0,A,0.0
2011-09-09,0.0,A,0.0
2011-09-10,0.0,A,0.0
2011-09-11,15.0,A,0.4248
2011-09-12,7.1,A,0.201
2011-09-13,11.7,A,0.3313
2011-09-14,20.2,A,0.572
2011-09-15,10.2,A,0.2888
2011-09-16,6.73,A,0.1906
2011-09-17,5.13,A,0.1453
2011-09-18,4.28,A,0.1212
2011-09-19,3.93,A,0.1113
2011-09-20,3.3,A,0.0934
2011-09-21,2.66,A,0.0753
2011-09-22,2.18,A,0.0617
2011-09-23,1.72,A,0.0487
2011-09-24,1.3,A,0.0368
2011-09-25,0.92,A,0.0261
2011-09-26,0.74,A,0.021
2011-09-27,0.58,A,0.0164
2011-09-28,0.5,A,0.0142
2011-09-29,0.4,A,0.0113
2011-09-30,0.25,A,0.0071
2011-10-01,0.19,A,0.0054
2011-10-02,0.15,A,0.0042
2011-10-03,0.16,A,0.0045
2011-10-04,0.15,A,0.0042
2011-10-05,0.13,A,0.0037
2011-10-06,0.15,A,0.0042
2011-10-07,0.15,A,0.0042
2011-10-08,0.14,A,0.004
2011-10-09,0.15,A,0.0042
2011-10-10,0.13,A,0.0037
2011-10-11,0.11,A,0.0031
2011-10-12,0.09,A,0.0025
2011-10-13,0.08,A,0.0023
2011-10-14,0.06,A,0.0017
2011-10-15,0.04,A,0.0011
2011-10-16,0.03,A,0.0008
2011-10-17,0.02,A,0.0006
2011-10-18,0.01,"A, e",0.0003
2011-10-19,0.0,A,0.0
2011-10-20,0.0,A,0.0
2011-10-21,0.0,A,0.0
2011-10-22,0.0,A,0.0
2011-10-23,0.0,A,0.0
2011-10-24,0.0,A,0.0
2011-10-25,0.0,A,0.0
2011-10-26,0.0,A,0.0
2011-10-27,0.0,A,0.0
2011-10-28,0.0,A,0.0
2011-10-29,0.0,A,0.0
2011-10-30,0.0,A,0.0
2011-10-31,0.0,A,0.0
2011-11-01,0.0,A,0.0
2011-11-02,0.0,A,0.0
2011-11-03,0.0,A,0.0
2011-11-04,0.0,A,0.0
2011-11-05,0.0,A,0.0
2011-11-06,0.0,A,0.0
2011-11-07,0.0,A,0.0
2011-11-08,0.0,A,0.0
2011-11-09,0.0,A,0.0
2011-11-10,0.0,A,0.0
2011-11-11,0.0,A,0.0
2011-11-12,0.0,A,0.0
2011-11-13,1.22,A,0.0345
2011-11-14,19.7,A,0.5578
2011-11-15,4.87,A,0.1379
2011-11-16,2.63,A,0.0745
2011-11-17,1.85,A,0.0524
2011-11-18,1.3,A,0.0368
2011-11-19,1.11,A,0.0314
2011-11-20,0.99,A,0.028
2011-11-21,1.03,A,0.0292
2011-11-22,0.84,A,0.0238
2011-11-23,0.46,A,0.013
2011-11-24,0.3,A,0.0085
2011-11-25,0.48,A,0.0136
2011-11-26,0.5,A,0.0142
2011-11-27,0.66,A,0.0187
2011-11-28,0.46,A,0.013
2011-11-29,0.22,A,0.0062
2011-11-30,0.18,A,0.0051
2011-12-01,0.15,A,0.0042
2011-12-02,0.7,A,0.0198
2011-12-03,1.94,A,0.0549
2011-12-04,2.99,A,0.0847
2011-12-05,4.52,A,0.128
2011-12-06,3.56,A,0.1008
2011-12-07,2.82,A,0.0799
2011-12-08,2.54,A,0.0719
2011-12-09,3.16,A,0.0895
2011-12-10,3.03,A,0.0858
2011-12-11,2.88,A,0.0816
2011-12-12,3.59,A,0.1017
2011-12-13,25.0,A,0.7079
2011-12-14,34.6,A,0.9798
2011-12-15,24.2,A,0.6853
2011-12-16,23.1,A,0.6541
2011-12-17,33.2,A,0.9401
2011-12-18,55.1,A,1.5603
2011-12-19,40.2,A,1.1383
2011-12-20,27.3,A,0.773
2011-12-21,24.9,A,0.7051
2011-12-22,21.5,A,0.6088
2011-12-23,17.2,A,0.487
2011-12-24,12.5,A,0.354
2011-12-25,9.7,A,0.2747
2011-12-26,7.95,A,0.2251
2011-12-27,6.36,A,0.1801
2011-12-28,6.87,A,0.1945
2011-12-29,8.41,A,0.2381
2011-12-30,12.9,A,0.3653
2011-12-31,18.8,A,0.5324
2012-01-01,17.6,A,0.4984
2012-01-02,15.6,A,0.4417
2012-01-03,14.5,A,0.4106
2012-01-04,14.3,A,0.4049
2012-01-05,11.9,A,0.337
2012-01-06,9.0,A,0.2549
2012-01-07,7.88,A,0.2231
2012-01-08,6.46,A,0.1829
2012-01-09,5.53,A,0.1566
2012-01-10,5.2,A,0.1472
2012-01-11,4.71,A,0.1334
2012-01-12,4.28,A,0.1212
2012-01-13,4.2,A,0.1189
2012-01-14,3.47,A,0.0983
2012-01-15,3.45,A,0.0977
2012-01-16,39.0,A,1.1044
2012-01-17,40.7,A,1.1525
2012-01-18,21.4,A,0.606
2012-01-19,13.7,A,0.3879
2012-01-20,9.59,A,0.2716
2012-01-21,7.96,A,0.2254
2012-01-22,6.89,A,0.1951
2012-01-23,5.97,A,0.1691
2012-01-24,5.46,A,0.1546
2012-01-25,5.36,A,0.1518
2012-01-26,4.86,A,0.1376
2012-01-27,4.76,A,0.1348
2012-01-28,4.28,A,0.1212
2012-01-29,4.28,A,0.1212
2012-01-30,4.27,A,0.1209
2012-01-31,3.96,A,0.1121
2012-02-01,3.38,A,0.0957
2012-02-02,3.36,A,0.0951
2012-02-03,3.16,A,0.0895
2012-02-04,2.99,A,0.0847
2012-02-05,2.61,A,0.0739
2012-02-06,2.33,A,0.066
2012-02-07,2.33,A,0.066
2012-02-08,2.33,A,0.066
2012-02-09,2.33,A,0.066
2012-02-10,2.33,A,0.066
2012-02-11,2.07,A,0.0586
2012-02-12,2.03,A,0.0575
2012-02-13,2.05,A,0.058
2012-02-14,2.04,A,0.0578
2012-02-15,2.22,A,0.0629
2012-02-16,2.03,A,0.0575
2012-02-17,2.05,A,0.058
2012-02-18,1.95,A,0.0552
2012-02-19,1.79,A,0.0507
2012-02-20,1.79,A,0.0507
2012-02-21,1.78,A,0.0504
2012-02-22,1.79,A,0.0507
2012-02-23,1.76,A,0.0498
2012-02-24,1.71,A,0.0484
2012-02-25,1.49,A,0.0422
2012-02-26,1.4,A,0.0396
2012-02-27,1.45,A,0.0411
2012-02-28,1.36,A,0.0385
2012-02-29,1.43,A,0.0405
2012-03-01,1.48,A,0.0419
2012-03-02,1.36,A,0.0385
2012-03-03,1.36,A,0.0385
2012-03-04,1.22,A,0.0345
2012-03-05,1.06,A,0.03
2012-03-06,1.02,A,0.0289
2012-03-07,1.01,A,0.0286
2012-03-08,1.1,A,0.0311
2012-03-09,1.15,A,0.0326
2012-03-10,1.18,A,0.0334
2012-03-11,1.12,A,0.0317
2012-03-12,1.07,A,0.0303
2012-03-13,0.98,A,0.0278
2012-03-14,0.95,A,0.0269
2012-03-15,0.83,A,0.0235
2012-03-16,0.81,A,0.0229
2012-03-17,0.75,A,0.0212
2012-03-18,1.11,A,0.0314
2012-03-19,2.01,A,0.0569
2012-03-20,1.79,A,0.0507
2012-03-21,1.83,A,0.0518
2012-03-22,3.13,A,0.0886
2012-03-23,3.88,A,0.1099
2012-03-24,3.87,A,0.1096
2012-03-25,3.34,A,0.0946
2012-03-26,3.07,A,0.0869
2012-03-27,2.86,A,0.081
2012-03-28,2.64,A,0.0748
2012-03-29,2.66,A,0.0753
2012-03-30,2.57,A,0.0728
2012-03-31,2.49,A,0.0705
2012-04-01,2.27,A,0.0643
2012-04-02,2.22,A,0.0629
2012-04-03,2.21,A,0.0626
2012-04-04,2.14,A,0.0606
2012-04-05,1.95,A,0.0552
2012-04-06,1.79,A,0.0507
2012-04-07,1.68,A,0.0476
2012-04-08,1.48,A,0.0419
2012-04-09,1.54,A,0.0436
2012-04-10,1.47,A,0.0416
2012-04-11,1.42,A,0.0402
2012-04-12,1.47,A,0.0416
2012-04-13,1.44,A,0.0408
2012-04-14,1.48,A,0.0419
2012-04-15,1.53,A,0.0433
2012-04-16,1.57,A,0.0445
2012-04-17,1.36,A,0.0385
2012-04-18,1.08,A,0.0306
2012-04-19,0.82,A,0.0232
2012-04-20,0.63,A,0.0178
2012-04-21,0.44,A,0.0125
2012-04-22,0.32,A,0.0091
2012-04-23,0.18,A,0.0051
2012-04-24,0.14,A,0.004
2012-04-25,0.11,A,0.0031
2012-04-26,0.11,A,0.0031
2012-04-27,0.12,A,0.0034
2012-04-28,0.09,A,0.0025
2012-04-29,0.07,A,0.002
2012-04-30,0.05,A,0.0014
2012-05-01,0.04,A,0.0011
2012-05-02,0.03,A,0.0008
2012-05-03,0.03,A,0.0008
2012-05-04,0.02,A,0.0006
2012-05-05,0.02,A,0.0006
2012-05-06,0.02,A,0.0006
2012-05-07,0.01,A,0.0003
2012-05-08,0.0,A,0.0
2012-05-09,0.0,A,0.0
2012-05-10,0.0,A,0.0
2012-05-11,0.0,A,0.0
2012-05-12,0.0,A,0.0
2012-05-13,0.0,A,0.0
2012-05-14,0.0,A,0.0
2012-05-15,0.0,A,0.0
2012-05-16,0.0,A,0.0
2012-05-17,0.0,A,0.0
2012-05-18,0.0,A,0.0
2012-05-19,0.0,A,0.0
2012-05-20,0.0,A,0.0
2012-05-21,0.0,A,0.0
2012-05-22,0.0,A,0.0
2012-05-23,0.0,A,0.0
2012-05-24,0.0,A,0.0
2012-05-25,0.0,A,0.0
2012-05-26,0.0,A,0.0
2012-05-27,0.0,A,0.0
2012-05-28,0.0,A,0.0
2012-05-29,0.0,A,0.0
2012-05-30,0.0,A,0.0
2012-05-31,0.0,A,0.0
2012-06-01,0.0,A,0.0
2012-06-02,0.0,A,0.0
2012-06-03,0.0,A,0.0
2012-06-04,0.0,A,0.0
2012-06-05,0.0,A,0.0
2012-06-06,0.0,A,0.0
2012-06-07,0.0,A,0.0
2012-06-08,0.0,A,0.0
2012-06-09,0.0,A,0.0
2012-06-10,0.0,A,0.0
2012-06-11,0.0,A,0.0
2012-06-12,0.0,A,0.0
2012-06-13,0.0,A,0.0
2012-06-14,0.0,A,0.0
2012-06-15,0.0,A,0.0
2012-06-16,0.0,A,0.0
2012-06-17,0.0,A,0.0
2012-06-18,0.0,A,0.0
2012-06-19,0.0,A,0.0
2012-06-20,0.0,A,0.0
2012-06-21,0.0,A,0.0
2012-06-22,0.0,A,0.0
2012-06-23,0.0,A,0.0
2012-06-24,0.0,A,0.0
2012-06-25,0.0,A,0.0
2012-06-26,0.0,A,0.0
2012-06-27,0.0,A,0.0
2012-06-28,0.0,A,0.0
2012-06-29,0.0,A,0.0
2012-06-30,0.0,A,0.0
2012-07-01,0.0,A,0.0
2012-07-02,0.0,A,0.0
2012-07-03,0.0,A,0.0
2012-07-04,0.0,A,0.0
2012-07-05,0.0,A,0.0
2012-07-06,0.0,A,0.0
2012-07-07,0.0,A,0.0
2012-07-08,0.0,A,0.0
2012-07-09,0.0,A,0.0
2012-07-10,0.0,A,0.0
2012-07-11,0.0,A,0.0
2012-07-12,0.0,A,0.0
2012-07-13,0.0,A,0.0
2012-07-14,0.0,A,0.0
2012-07-15,0.0,A,0.0
2012-07-16,6.57,A,0.186
2012-07-17,2.97,A,0.0841
2012-07-18,1.34,A,0.0379
2012-07-19,0.43,A,0.0122
2012-07-20,0.17,A,0.0048
2012-07-21,0.45,A,0.0127
2012-07-22,0.58,A,0.0164
2012-07-23,2.34,A,0.0663
2012-07-24,5.13,A,0.1453
2012-07-25,3.67,A,0.1039
2012-07-26,2.19,A,0.062
2012-07-27,1.55,A,0.0439
2012-07-28,1.2,A,0.034
2012-07-29,2.16,A,0.0612
2012-07-30,1.54,A,0.0436
2012-07-31,0.57,A,0.0161
2012-08-01,0.3,A,0.0085
2012-08-02,0.14,A,0.004
2012-08-03,0.06,A,0.0017
2012-08-04,0.03,A,0.0008
2012-08-05,0.02,A,0.0006
2012-08-06,0.04,A,0.0011
2012-08-07,0.03,A,0.0008
2012-08-08,0.01,A,0.0003
2012-08-09,0.0,A,0.0
2012-08-10,0.0,A,0.0
2012-08-11,0.0,A,0.0
2012-08-12,0.0,A,0.0
2012-08-13,0.0,A,0.0
2012-08-14,0.0,A,0.0
2012-08-15,5.63,A,0.1594
2012-08-16,2.67,A,0.0756
2012-08-17,1.67,A,0.0473
2012-08-18,1.76,A,0.0498
2012-08-19,2.52,A,0.0714
2012-08-20,5.15,A,0.1458
2012-08-21,22.4,A,0.6343
2012-08-22,40.9,A,1.1582
2012-08-23,86.3,A,2.4437
2012-08-24,32.3,A,0.9146
2012-08-25,12.0,A,0.3398
2012-08-26,7.35,A,0.2081
2012-08-27,10.2,A,0.2888
2012-08-28,5.53,A,0.1566
2012-08-29,3.98,A,0.1127
2012-08-30,3.19,A,0.0903
2012-08-31,2.73,A,0.0773
2012-09-01,2.35,A,0.0665
2012-09-02,1.89,A,0.0535
2012-09-03,1.55,A,0.0439
2012-09-04,1.47,A,0.0416
2012-09-05,1.39,A,0.0394
2012-09-06,1.57,A,0.0445
2012-09-07,4.51,A,0.1277
2012-09-08,3.68,A,0.1042
2012-09-09,3.38,A,0.0957
2012-09-10,3.18,A,0.09
2012-09-11,2.69,A,0.0762
2012-09-12,2.82,A,0.0799
2012-09-13,2.56,A,0.0725
2012-09-14,1.97,A,0.0558
2012-09-15,1.69,A,0.0479
2012-09-16,1.55,A,0.0439
2012-09-17,1.33,A,0.0377
2012-09-18,1.18,A,0.0334
2012-09-19,0.99,A,0.028
2012-09-20,0.79,A,0.0224
2012-09-21,0.57,A,0.0161
2012-09-22,0.36,A,0.0102
2012-09-23,0.24,A,0.0068
2012-09-24,0.15,A,0.0042
2012-09-25,0.1,A,0.0028
2012-09-26,0.07,A,0.002
2012-09-27,0.06,A,0.0017
2012-09-28,0.05,A,0.0014
2012-09-29,0.04,A,0.0011
2012-09-30,0.03,A,0.0008
2012-10-01,0.03,A,0.0008
2012-10-02,0.02,A,0.0006
2012-10-03,0.01,A,0.0003
2012-10-04,0.0,A,0.0
2012-10-05,0.0,A,0.0
2012-10-06,0.0,A,0.0
2012-10-07,0.0,A,0.0
2012-10-08,0.0,A,0.0
2012-10-09,0.0,A,0.0
2012-10-10,0.0,A,0.0
2012-10-11,0.0,A,0.0
2012-10-12,0.0,A,0.0
2012-10-13,0.0,A,0.0
2012-10-14,0.0,A,0.0
2012-10-15,0.0,A,0.0
2012-10-16,0.0,A,0.0
2012-10-17,0.0,A,0.0
2012-10-18,0.0,A,0.0
2012-10-19,0.0,A,0.0
2012-10-20,0.0,A,0.0
2012-10-21,0.0,A,0.0
2012-10-22,0.0,A,0.0
2012-10-23,0.0,A,0.0
2012-10-24,0.0,A,0.0
2012-10-25,0.0,A,0.0
2012-10-26,0.0,A,0.0
2012-10-27,0.0,A,0.0
2012-10-28,0.0,A,0.0
2012-10-29,0.0,A,0.0
2012-10-30,0.0,A,0.0
2012-10-31,0.0,A,0.0
2012-11-01,0.0,A,0.0
2012-11-02,0.0,A,0.0
2012-11-03,0.0,A,0.0
2012-11-04,0.0,A,0.0
2012-11-05,0.0,A,0.0
2012-11-06,0.0,A,0.0
2012-11-07,0.0,A,0.0
2012-11-08,0.0,A,0.0
2012-11-09,0.0,A,0.0
2012-11-10,0.0,A,0.0
2012-11-11,0.0,A,0.0
2012-11-12,0.0,A,0.0
2012-11-13,0.0,A,0.0
2012-11-14,0.0,A,0.0
2012-11-15,0.0,A,0.0
2012-11-16,0.0,A,0.0
2012-11-17,0.0,A,0.0
2012-11-18,0.0,A,0.0
2012-11-19,0.0,A,0.0
2012-11-20,0.0,A,0.0
2012-11-21,0.0,A,0.0
2012-11-22,0.0,A,0.0
2012-11-23,0.0,A,0.0
2012-11-24,0.0,A,0.0
2012-11-25,0.0,A,0.0
2012-11-26,0.0,A,0.0
2012-11-27,0.0,A,0.0
2012-11-28,0.0,A,0.0
2012-11-29,0.0,A,0.0
2012-11-30,0.0,A,0.0
2012-12-01,0.0,A,0.0
2012-12-02,0.0,A,0.0
2012-12-03,0.0,A,0.0
2012-12-04,0.0,A,0.0
2012-12-05,0.0,A,0.0
2012-12-06,0.0,A,0.0
2012-12-07,0.0,A,0.0
2012-12-08,0.0,A,0.0
2012-12-09,0.0,A,0.0
2012-12-10,0.0,A,0.0
2012-12-11,0.0,A,0.0
2012-12-12,0.0,A,0.0
2012-12-13,0.0,A,0.0
2012-12-14,0.0,A,0.0
2012-12-15,0.0,A,0.0
2012-12-16,18.9,A,0.5352
2012-12-17,13.2,A,0.3738
2012-12-18,14.2,A,0.4021
2012-12-19,22.3,A,0.6315
2012-12-20,13.6,A,0.3851
2012-12-21,7.62,A,0.2158
2012-12-22,6.61,A,0.1872
2012-12-23,8.44,A,0.239
2012-12-24,7.53,A,0.2132
2012-12-25,6.74,A,0.1909
2012-12-26,6.05,A,0.1713
2012-12-27,5.03,A,0.1424
2012-12-28,4.69,A,0.1328
2012-12-29,4.17,A,0.1181
2012-12-30,3.96,A,0.1121
2012-12-31,5.4,A,0.1529
2013-01-01,4.28,A,0.1212
2013-01-02,3.81,A,0.1079
2013-01-03,4.15,A,0.1175
2013-01-04,4.8,A,0.1359
2013-01-05,4.6,A,0.1303
2013-01-06,4.28,A,0.1212
2013-01-07,4.09,A,0.1158
2013-01-08,3.83,A,0.1085
2013-01-09,4.3,A,0.1218
2013-01-10,4.77,A,0.1351
2013-01-11,5.16,A,0.1461
2013-01-12,5.1,A,0.1444
2013-01-13,4.72,A,0.1337
2013-01-14,4.28,A,0.1212
2013-01-15,4.28,A,0.1212
2013-01-16,3.79,A,0.1073
2013-01-17,4.05,A,0.1147
2013-01-18,5.71,A,0.1617
2013-01-19,5.54,A,0.1569
2013-01-20,4.03,A,0.1141
2013-01-21,2.99,A,0.0847
2013-01-22,3.05,A,0.0864
2013-01-23,3.36,A,0.0951
2013-01-24,4.04,A,0.1144
2013-01-25,6.29,A,0.1781
2013-01-26,103.0,A,2.9166
2013-01-27,65.2,A,1.8463
2013-01-28,36.8,A,1.0421
2013-01-29,29.0,A,0.8212
2013-01-30,21.4,A,0.606
2013-01-31,17.9,A,0.5069
2013-02-01,14.2,A,0.4021
2013-02-02,12.0,A,0.3398
2013-02-03,10.8,A,0.3058
2013-02-04,9.89,A,0.2801
2013-02-05,9.02,A,0.2554
2013-02-06,8.24,A,0.2333
2013-02-07,7.64,A,0.2163
2013-02-08,7.24,A,0.205
2013-02-09,6.66,A,0.1886
2013-02-10,6.51,A,0.1843
2013-02-11,6.11,A,0.173
2013-02-12,5.71,A,0.1617
2013-02-13,5.52,A,0.1563
2013-02-14,5.82,A,0.1648
2013-02-15,5.95,A,0.1685
2013-02-16,5.61,A,0.1589
2013-02-17,5.29,A,0.1498
2013-02-18,4.86,A,0.1376
2013-02-19,4.79,A,0.1356
2013-02-20,5.56,A,0.1574
2013-02-21,6.71,A,0.19
2013-02-22,7.23,A,0.2047
2013-02-23,9.93,A,0.2812
2013-02-24,16.2,A,0.4587
2013-02-25,10.6,A,0.3002
2013-02-26,10.6,A,0.3002
2013-02-27,13.0,A,0.3681
2013-02-28,11.2,A,0.3171
2013-03-01,9.84,A,0.2786
2013-03-02,11.5,A,0.3256
2013-03-03,13.9,A,0.3936
2013-03-04,12.4,A,0.3511
2013-03-05,10.9,A,0.3087
2013-03-06,9.31,A,0.2636
2013-03-07,10.4,A,0.2945
2013-03-08,10.1,A,0.286
2013-03-09,11.3,A,0.32
2013-03-10,10.8,A,0.3058
2013-03-11,13.5,A,0.3823
2013-03-12,12.0,A,0.3398
2013-03-13,11.1,A,0.3143
2013-03-14,10.1,A,0.286
2013-03-15,10.0,A,0.2832
2013-03-16,9.17,A,0.2597
2013-03-17,8.8,A,0.2492
2013-03-18,8.05,A,0.228
2013-03-19,7.4,A,0.2095
2013-03-20,7.21,A,0.2042
2013-03-21,6.66,A,0.1886
2013-03-22,6.38,A,0.1807
2013-03-23,5.97,A,0.1691
2013-03-24,5.78,A,0.1637
2013-03-25,5.37,A,0.1521
2013-03-26,5.14,A,0.1455
2013-03-27,4.84,A,0.1371
2013-03-28,4.4,A,0.1246
2013-03-29,4.27,A,0.1209
2013-03-30,4.22,A,0.1195
2013-03-31,4.05,A,0.1147
2013-04-01,4.01,"A, e",0.1136
2013-04-02,3.87,"A, e",0.1096
2013-04-03,3.59,"A, e",0.1017
2013-04-04,3.45,"A, e",0.0977
2013-04-05,3.53,"A, e",0.1
2013-04-06,3.78,"A, e",0.107
2013-04-07,3.82,"A, e",0.1082
2013-04-08,4.08,"A, e",0.1155
2013-04-09,5.01,"A, e",0.1419
2013-04-10,5.11,"A, e",0.1447
2013-04-11,4.26,"A, e",0.1206
2013-04-12,3.19,"A, e",0.0903
2013-04-13,3.12,"A, e",0.0883
2013-04-14,3.11,"A, e",0.0881
2013-04-15,2.64,"A, e",0.0748
2013-04-16,2.04,"A, e",0.0578
2013-04-17,1.87,"A, e",0.053
2013-04-18,1.63,"A, e",0.0462
2013-04-19,1.46,"A, e",0.0413
2013-04-20,1.43,"A, e",0.0405
2013-04-21,1.22,"A, e",0.0345
2013-04-22,0.94,"A, e",0.0266
2013-04-23,0.57,A,0.0161
2013-04-24,0.45,A,0.0127
2013-04-25,0.31,A,0.0088
2013-04-26,0.18,A,0.0051
2013-04-27,0.13,A,0.0037
2013-04-28,0.09,A,0.0025
2013-04-29,0.04,A,0.0011
2013-04-30,0.03,A,0.0008
2013-05-01,0.02,A,0.0006
2013-05-02,0.01,A,0.0003
2013-05-03,0.01,A,0.0003
2013-05-04,0.01,A,0.0003
2013-05-05,0.0,A,0.0
2013-05-06,0.0,A,0.0
2013-05-07,0.0,A,0.0
2013-05-08,0.0,A,0.0
2013-05-09,0.0,A,0.0
2013-05-10,0.0,A,0.0
2013-05-11,0.0,A,0.0
2013-05-12,0.0,A,0.0
2013-05-13,0.0,A,0.0
2013-05-14,0.0,A,0.0
2013-05-15,0.0,A,0.0
2013-05-16,0.0,A,0.0
2013-05-17,0.0,A,0.0
2013-05-18,0.0,A,0.0
2013-05-19,0.0,A,0.0
2013-05-20,0.0,A,0.0
2013-05-21,0.0,A,0.0
2013-05-22,0.0,A,0.0
2013-05-23,0.0,A,0.0
2013-05-24,0.0,A,0.0
2013-05-25,0.0,A,0.0
2013-05-26,0.0,A,0.0
2013-05-27,0.0,A,0.0
2013-05-28,0.0,A,0.0
2013-05-29,0.0,A,0.0
2013-05-30,0.0,A,0.0
2013-05-31,0.0,A,0.0
2013-06-01,0.0,A,0.0
2013-06-02,0.0,A,0.0
2013-06-03,0.0,A,0.0
2013-06-04,0.0,A,0.0
2013-06-05,0.0,A,0.0
2013-06-06,0.0,A,0.0
2013-06-07,0.0,A,0.0
2013-06-08,0.0,A,0.0
2013-06-09,0.0,A,0.0
2013-06-10,0.0,A,0.0
2013-06-11,0.0,A,0.0
2013-06-12,0.0,A,0.0
2013-06-13,0.0,A,0.0
2013-06-14,0.0,A,0.0
2013-06-15,0.0,A,0.0
2013-06-16,0.0,A,0.0
2013-06-17,0.0,A,0.0
2013-06-18,0.0,A,0.0
2013-06-19,0.0,A,0.0
2013-06-20,0.0,A,0.0
2013-06-21,0.0,A,0.0
2013-06-22,0.0,A,0.0
2013-06-23,0.0,A,0.0
2013-06-24,0.0,A,0.0
2013-06-25,0.0,A,0.0
2013-06-26,0.0,A,0.0
2013-06-27,0.0,A,0.0
2013-06-28,0.0,A,0.0
2013-06-29,0.0,A,0.0
2013-06-30,0.0,A,0.0
2013-07-01,0.0,A,0.0
2013-07-02,0.0,A,0.0
2013-07-03,0.0,A,0.0
2013-07-04,0.0,A,0.0
2013-07-05,0.0,A,0.0
2013-07-06,0.0,A,0.0
2013-07-07,0.0,A,0.0
2013-07-08,0.0,A,0.0
2013-07-09,0.0,A,0.0
2013-07-10,0.0,A,0.0
2013-07-11,2.21,A,0.0626
2013-07-12,22.4,"A, e",0.6343
2013-07-13,12.4,"A, e",0.3511
2013-07-14,23.3,"A, e",0.6598
2013-07-15,80.5,"A, e",2.2795
2013-07-16,323.0,"A, e",9.1463
2013-07-17,39.3,A,1.1129
2013-07-18,16.3,A,0.4616
2013-07-19,9.54,A,0.2701
2013-07-20,7.41,A,0.2098
2013-07-21,13.7,A,0.3879
2013-07-22,7.64,A,0.2163
2013-07-23,6.41,A,0.1815
2013-07-24,6.44,"A, e",0.1824
2013-07-25,113.0,"A, e",3.1998
2013-07-26,66.5,"A, e",1.8831
2013-07-27,64.3,"A, e",1.8208
2013-07-28,43.3,"A, e",1.2261
2013-07-29,18.8,"A, e",0.5324
2013-07-30,8.65,"A, e",0.2449
2013-07-31,6.45,"A, e",0.1826
2013-08-01,4.62,"A, e",0.1308
2013-08-02,3.63,A,0.1028
2013-08-03,9.07,A,0.2568
2013-08-04,4.93,A,0.1396
2013-08-05,3.73,A,0.1056
2013-08-06,5.26,A,0.1489
2013-08-07,5.71,A,0.1617
2013-08-08,3.9,A,0.1104
2013-08-09,2.62,A,0.0742
2013-08-10,2.12,A,0.06
2013-08-11,1.63,A,0.0462
2013-08-12,1.54,A,0.0436
2013-08-13,2.27,A,0.0643
2013-08-14,1.62,A,0.0459
2013-08-15,1.33,A,0.0377
2013-08-16,1.04,A,0.0294
2013-08-17,1.63,A,0.0462
2013-08-18,6.43,A,0.1821
2013-08-19,3.11,A,0.0881
2013-08-20,1.97,A,0.0558
2013-08-21,7.13,A,0.2019
2013-08-22,4.29,A,0.1215
2013-08-23,12.8,A,0.3625
2013-08-24,28.5,A,0.807
2013-08-25,13.5,A,0.3823
2013-08-26,14.1,A,0.3993
2013-08-27,9.73,A,0.2755
2013-08-28,5.98,A,0.1693
2013-08-29,36.5,A,1.0336
2013-08-30,21.5,A,0.6088
2013-08-31,15.1,A,0.4276
2013-09-01,14.1,A,0.3993
2013-09-02,7.69,A,0.2178
2013-09-03,19.3,A,0.5465
2013-09-04,18.6,A,0.5267
2013-09-05,7.12,A,0.2016
2013-09-06,4.96,A,0.1405
2013-09-07,4.15,A,0.1175
2013-09-08,3.66,A,0.1036
2013-09-09,5.17,A,0.1464
2013-09-10,46.8,A,1.3252
2013-09-11,18.2,A,0.5154
2013-09-12,9.53,A,0.2699
2013-09-13,6.65,A,0.1883
2013-09-14,4.68,A,0.1325
2013-09-15,3.64,A,0.1031
2013-09-16,3.17,A,0.0898
2013-09-17,2.98,A,0.0844
2013-09-18,2.68,A,0.0759
2013-09-19,2.35,A,0.0665
2013-09-20,2.14,A,0.0606
2013-09-21,1.97,A,0.0558
2013-09-22,1.72,A,0.0487
2013-09-23,1.77,A,0.0501
2013-09-24,1.61,A,0.0456
2013-09-25,1.21,A,0.0343
2013-09-26,0.93,A,0.0263
2013-09-27,0.85,A,0.0241
2013-09-28,0.82,A,0.0232
2013-09-29,0.69,A,0.0195
2013-09-30,0.52,A,0.0147
2013-10-01,0.36,A,0.0102
2013-10-02,0.26,A,0.0074
2013-10-03,0.2,A,0.0057
2013-10-04,0.16,A,0.0045
2013-10-05,0.14,A,0.004
2013-10-06,0.09,A,0.0025
2013-10-07,0.06,A,0.0017
2013-10-08,0.05,A,0.0014
2013-10-09,0.03,A,0.0008
2013-10-10,0.03,A,0.0008
2013-10-11,0.03,A,0.0008
2013-10-12,0.03,A,0.0008
2013-10-13,0.02,A,0.0006
2013-10-14,0.02,A,0.0006
2013-10-15,0.02,A,0.0006
2013-10-16,0.01,A,0.0003
2013-10-17,0.01,A,0.0003
2013-10-18,0.01,A,0.0003
2013-10-19,0.01,A,0.0003
2013-10-20,0.01,A,0.0003
2013-10-21,0.01,A,0.0003
2013-10-22,0.01,A,0.0003
2013-10-23,0.0,A,0.0
2013-10-24,0.0,A,0.0
2013-10-25,0.0,A,0.0
2013-10-26,0.0,A,0.0
2013-10-27,0.0,A,0.0
2013-10-28,0.0,A,0.0
2013-10-29,0.0,A,0.0
2013-10-30,0.0,A,0.0
2013-10-31,0.0,A,0.0
2013-11-01,0.0,A,0.0
2013-11-02,0.0,A,0.0
2013-11-03,0.0,A,0.0
2013-11-04,0.0,A,0.0
2013-11-05,0.0,A,0.0
2013-11-06,0.0,A,0.0
2013-11-07,0.0,A,0.0
2013-11-08,0.0,A,0.0
2013-11-09,0.0,A,0.0
2013-11-10,0.0,A,0.0
2013-11-11,0.0,A,0.0
2013-11-12,0.0,A,0.0
2013-11-13,0.0,A,0.0
2013-11-14,0.0,A,0.0
2013-11-15,0.0,A,0.0
2013-11-16,0.0,A,0.0
2013-11-17,0.0,A,0.0
2013-11-18,0.0,A,0.0
2013-11-19,0.0,A,0.0
2013-11-20,0.0,A,0.0
2013-11-21,0.0,A,0.0
2013-11-22,1.45,A,0.0411
2013-11-23,98.7,A,2.7949
2013-11-24,35.2,A,0.9968
2013-11-25,12.7,A,0.3596
2013-11-26,7.01,A,0.1985
2013-11-27,5.3,A,0.1501
2013-11-28,4.41,A,0.1249
2013-11-29,3.67,A,0.1039
2013-11-30,3.36,A,0.0951
2013-12-01,3.01,A,0.0852
2013-12-02,2.52,A,0.0714
2013-12-03,2.84,A,0.0804
2013-12-04,2.73,A,0.0773
2013-12-05,3.94,A,0.1116
2013-12-06,5.45,A,0.1543
2013-12-07,4.04,A,0.1144
2013-12-08,3.36,A,0.0951
2013-12-09,3.24,A,0.0917
2013-12-10,2.74,A,0.0776
2013-12-11,2.48,A,0.0702
2013-12-12,2.48,A,0.0702
2013-12-13,2.48,A,0.0702
2013-12-14,2.48,A,0.0702
2013-12-15,2.48,A,0.0702
2013-12-16,2.48,A,0.0702
2013-12-17,2.36,A,0.0668
2013-12-18,2.44,A,0.0691
2013-12-19,2.48,A,0.0702
2013-12-20,5.14,A,0.1455
2013-12-21,8.2,A,0.2322
2013-12-22,10.4,A,0.2945
2013-12-23,9.92,A,0.2809
2013-12-24,8.26,A,0.2339
2013-12-25,7.76,A,0.2197
2013-12-26,7.4,A,0.2095
2013-12-27,6.41,A,0.1815
2013-12-28,5.29,A,0.1498
2013-12-29,4.67,A,0.1322
2013-12-30,3.73,A,0.1056
2013-12-31,2.89,A,0.0818
2014-01-01,2.85,A,0.0807
2014-01-02,3.13,A,0.0886
2014-01-03,3.42,A,0.0968
2014-01-04,3.36,A,0.0951
2014-01-05,3.36,A,0.0951
2014-01-06,3.35,A,0.0949
2014-01-07,3.44,A,0.0974
2014-01-08,3.43,A,0.0971
2014-01-09,3.36,A,0.0951
2014-01-10,3.32,A,0.094
2014-01-11,3.11,A,0.0881
2014-01-12,2.39,A,0.0677
2014-01-13,1.81,A,0.0513
2014-01-14,1.81,A,0.0513
2014-01-15,1.81,A,0.0513
2014-01-16,1.81,A,0.0513
2014-01-17,1.81,A,0.0513
2014-01-18,1.93,A,0.0547
2014-01-19,1.69,A,0.0479
2014-01-20,1.03,A,0.0292
2014-01-21,0.85,A,0.0241
2014-01-22,0.79,A,0.0224
2014-01-23,0.78,A,0.0221
2014-01-24,0.73,A,0.0207
2014-01-25,0.65,A,0.0184
2014-01-26,0.55,A,0.0156
2014-01-27,0.58,"A, e",0.0164
2014-01-28,0.62,"A, e",0.0176
2014-01-29,0.63,"A, e",0.0178
2014-01-30,0.6,"A, e",0.017
2014-01-31,0.59,"A, e",0.0167
2014-02-01,0.58,"A, e",0.0164
2014-02-02,0.59,"A, e",0.0167
2014-02-03,0.6,"A, e",0.017
2014-02-04,0.58,"A, e",0.0164
2014-02-05,0.59,"A, e",0.0167
2014-02-06,0.63,"A, e",0.0178
2014-02-07,0.69,"A, e",0.0195
2014-02-08,0.65,"A, e",0.0184
2014-02-09,0.67,A,0.019
2014-02-10,0.66,A,0.0187
2014-02-11,0.67,A,0.019
2014-02-12,0.68,"A, e",0.0193
2014-02-13,0.66,"A, e",0.0187
2014-02-14,0.65,"A, e",0.0184
2014-02-15,0.68,"A, e",0.0193
2014-02-16,0.62,"A, e",0.0176
2014-02-17,0.6,"A, e",0.017
2014-02-18,0.64,A,0.0181
2014-02-19,0.69,A,0.0195
2014-02-20,0.65,A,0.0184
2014-02-21,0.59,A,0.0167
2014-02-22,0.51,A,0.0144
2014-02-23,0.46,A,0.013
2014-02-24,0.42,A,0.0119
2014-02-25,0.4,A,0.0113
2014-02-26,0.44,A,0.0125
2014-02-27,0.44,A,0.0125
2014-02-28,0.48,A,0.0136
2014-03-01,0.96,A,0.0272
2014-03-02,19.8,A,0.5607
2014-03-03,16.8,A,0.4757
2014-03-04,8.59,A,0.2432
2014-03-05,6.37,"A, e",0.1804
2014-03-06,3.0,"A, e",0.085
2014-03-07,2.25,A,0.0637
2014-03-08,1.95,A,0.0552
2014-03-09,1.82,A,0.0515
2014-03-10,1.67,A,0.0473
2014-03-11,1.62,A,0.0459
2014-03-12,1.64,A,0.0464
2014-03-13,1.43,A,0.0405
2014-03-14,1.32,A,0.0374
2014-03-15,1.02,A,0.0289
2014-03-16,0.87,A,0.0246
2014-03-17,0.79,A,0.0224
2014-03-18,0.73,A,0.0207
2014-03-19,0.7,A,0.0198
2014-03-20,0.64,A,0.0181
2014-03-21,0.49,A,0.0139
2014-03-22,0.41,A,0.0116
2014-03-23,0.39,A,0.011
2014-03-24,0.34,A,0.0096
2014-03-25,0.22,A,0.0062
2014-03-26,0.2,A,0.0057
2014-03-27,0.17,A,0.0048
2014-03-28,0.17,A,0.0048
2014-03-29,0.16,A,0.0045
2014-03-30,0.16,A,0.0045
2014-03-31,0.16,A,0.0045
2014-04-01,0.14,A,0.004
2014-04-02,0.12,A,0.0034
2014-04-03,0.13,A,0.0037
2014-04-04,0.16,A,0.0045
2014-04-05,0.18,A,0.0051
2014-04-06,0.17,A,0.0048
2014-04-07,0.22,A,0.0062
2014-04-08,0.15,A,0.0042
2014-04-09,0.14,A,0.004
2014-04-10,0.13,A,0.0037
2014-04-11,0.13,A,0.0037
2014-04-12,0.12,A,0.0034
2014-04-13,0.09,A,0.0025
2014-04-14,0.08,A,0.0023
2014-04-15,0.06,A,0.0017
2014-04-16,0.05,A,0.0014
2014-04-17,0.01,A,0.0003
2014-04-18,0.0,A,0.0
2014-04-19,0.0,A,0.0
2014-04-20,0.0,A,0.0
2014-04-21,0.0,A,0.0
2014-04-22,0.0,A,0.0
2014-04-23,0.0,A,0.0
2014-04-24,0.0,A,0.0
2014-04-25,0.0,A,0.0
2014-04-26,0.0,A,0.0
2014-04-27,0.0,A,0.0
2014-04-28,0.0,A,0.0
2014-04-29,0.0,A,0.0
2014-04-30,0.0,A,0.0
2014-05-01,0.0,A,0.0
2014-05-02,0.0,A,0.0
2014-05-03,0.0,A,0.0
2014-05-04,0.0,A,0.0
2014-05-05,0.0,A,0.0
2014-05-06,0.0,A,0.0
2014-05-07,0.0,A,0.0
2014-05-08,0.0,A,0.0
2014-05-09,0.0,A,0.0
2014-05-10,0.0,A,0.0
2014-05-11,0.0,A,0.0
2014-05-12,0.0,A,0.0
2014-05-13,0.0,A,0.0
2014-05-14,0.0,A,0.0
2014-05-15,0.0,A,0.0
2014-05-16,0.0,A,0.0
2014-05-17,0.0,A,0.0
2014-05-18,0.0,A,0.0
2014-05-19,0.0,A,0.0
2014-05-20,0.0,A,0.0
2014-05-21,0.0,A,0.0
2014-05-22,0.0,A,0.0
2014-05-23,0.0,A,0.0
2014-05-24,0.0,A,0.0
2014-05-25,0.0,A,0.0
2014-05-26,0.0,A,0.0
2014-05-27,0.0,A,0.0
2014-05-28,0.0,A,0.0
2014-05-29,0.0,A,0.0
2014-05-30,0.0,A,0.0
2014-05-31,0.0,A,0.0
2014-06-01,0.0,A,0.0
2014-06-02,0.0,A,0.0
2014-06-03,0.0,A,0.0
2014-06-04,0.0,A,0.0
2014-06-05,0.0,A,0.0
2014-06-06,0.0,A,0.0
2014-06-07,0.0,A,0.0
2014-06-08,0.0,A,0.0
2014-06-09,0.0,A,0.0
2014-06-10,0.0,A,0.0
2014-06-11,0.0,A,0.0
2014-06-12,0.0,A,0.0
2014-06-13,0.0,A,0.0
2014-06-14,0.0,A,0.0
2014-06-15,0.0,A,0.0
2014-06-16,0.0,A,0.0
2014-06-17,0.0,A,0.0
2014-06-18,0.0,A,0.0
2014-06-19,0.0,A,0.0
2014-06-20,0.0,A,0.0
2014-06-21,0.0,A,0.0
2014-06-22,0.0,A,0.0
2014-06-23,0.0,A,0.0
2014-06-24,0.0,A,0.0
2014-06-25,0.0,A,0.0
2014-06-26,0.0,A,0.0
2014-06-27,0.0,A,0.0
2014-06-28,0.0,A,0.0
2014-06-29,0.0,A,0.0
2014-06-30,0.0,A,0.0
2014-07-01,0.0,A,0.0
2014-07-02,0.0,A,0.0
2014-07-03,0.0,A,0.0
2014-07-04,0.0,A,0.0
2014-07-05,0.0,A,0.0
2014-07-06,0.0,A,0.0
2014-07-07,0.0,A,0.0
2014-07-08,0.0,A,0.0
2014-07-09,0.0,A,0.0
2014-07-10,0.0,A,0.0
2014-07-11,0.0,A,0.0
2014-07-12,0.0,A,0.0
2014-07-13,0.0,A,0.0
2014-07-14,0.0,A,0.0
2014-07-15,0.0,A,0.0
2014-07-16,0.0,A,0.0
2014-07-17,0.0,A,0.0
2014-07-18,0.0,A,0.0
2014-07-19,0.0,A,0.0
2014-07-20,0.0,A,0.0
2014-07-21,0.0,A,0.0
2014-07-22,0.0,A,0.0
2014-07-23,0.0,A,0.0
2014-07-24,0.0,A,0.0
2014-07-25,0.0,A,0.0
2014-07-26,0.0,A,0.0
2014-07-27,0.0,A,0.0
2014-07-28,0.0,A,0.0
2014-07-29,0.0,A,0.0
2014-07-30,0.0,A,0.0
2014-07-31,0.0,A,0.0
2014-08-01,0.0,A,0.0
2014-08-02,0.0,A,0.0
2014-08-03,0.0,A,0.0
2014-08-04,0.0,A,0.0
2014-08-05,0.0,A,0.0
2014-08-06,0.0,A,0.0
2014-08-07,0.0,A,0.0
2014-08-08,0.0,A,0.0
2014-08-09,0.0,A,0.0
2014-08-10,0.0,A,0.0
2014-08-11,0.0,A,0.0
2014-08-12,0.0,A,0.0
2014-08-13,0.0,A,0.0
2014-08-14,0.0,A,0.0
2014-08-15,0.0,A,0.0
2014-08-16,0.0,A,0.0
2014-08-17,0.0,A,0.0
2014-08-18,1.21,A,0.0343
2014-08-19,14.0,A,0.3964
2014-08-20,27.9,A,0.79
2014-08-21,10.9,A,0.3087
2014-08-22,7.21,A,0.2042
2014-08-23,5.24,A,0.1484
2014-08-24,3.91,A,0.1107
2014-08-25,3.07,A,0.0869
2014-08-26,2.74,A,0.0776
2014-08-27,2.46,A,0.0697
2014-08-28,1.94,A,0.0549
2014-08-29,1.54,A,0.0436
2014-08-30,1.24,A,0.0351
2014-08-31,1.02,A,0.0289
2014-09-01,0.9,A,0.0255
2014-09-02,0.65,A,0.0184
2014-09-03,0.54,A,0.0153
2014-09-04,92.7,A,2.625
2014-09-05,124.0,A,3.5113
2014-09-06,24.3,A,0.6881
2014-09-07,20.8,A,0.589
2014-09-08,225.0,A,6.3713
2014-09-09,91.9,A,2.6023
2014-09-10,36.1,A,1.0222
2014-09-11,20.7,A,0.5862
2014-09-12,13.5,A,0.3823
2014-09-13,9.81,A,0.2778
2014-09-14,7.79,A,0.2206
2014-09-15,6.45,A,0.1826
2014-09-16,6.01,A,0.1702
2014-09-17,6.02,A,0.1705
2014-09-18,7.11,A,0.2013
2014-09-19,15.9,A,0.4502
2014-09-20,16.0,A,0.4531
2014-09-21,20.4,A,0.5777
2014-09-22,12.1,A,0.3426
2014-09-23,8.93,A,0.2529
2014-09-24,7.36,A,0.2084
2014-09-25,6.34,A,0.1795
2014-09-26,4.89,A,0.1385
2014-09-27,4.57,A,0.1294
2014-09-28,4.57,A,0.1294
2014-09-29,4.22,A,0.1195
2014-09-30,3.63,A,0.1028
2014-10-01,3.08,A,0.0872
2014-10-02,2.69,A,0.0762
2014-10-03,2.42,A,0.0685
2014-10-04,2.12,A,0.06
2014-10-05,1.92,A,0.0544
2014-10-06,1.79,A,0.0507
2014-10-07,1.56,A,0.0442
2014-10-08,3.69,A,0.1045
2014-10-09,366.0,A,10.3639
2014-10-10,106.0,A,3.0016
2014-10-11,42.8,A,1.212
2014-10-12,23.0,A,0.6513
2014-10-13,14.3,A,0.4049
2014-10-14,10.3,A,0.2917
2014-10-15,7.95,A,0.2251
2014-10-16,6.53,A,0.1849
2014-10-17,5.61,A,0.1589
2014-10-18,4.92,A,0.1393
2014-10-19,4.82,A,0.1365
2014-10-20,4.35,A,0.1232
2014-10-21,4.19,A,0.1186
2014-10-22,3.65,A,0.1034
2014-10-23,3.29,A,0.0932
2014-10-24,3.29,A,0.0932
2014-10-25,3.1,A,0.0878
2014-10-26,2.86,A,0.081
2014-10-27,2.72,A,0.077
2014-10-28,2.41,A,0.0682
2014-10-29,2.08,A,0.0589
2014-10-30,1.91,A,0.0541
2014-10-31,1.73,A,0.049
2014-11-01,1.67,A,0.0473
2014-11-02,1.64,A,0.0464
2014-11-03,1.58,A,0.0447
2014-11-04,1.59,A,0.045
2014-11-05,1.31,A,0.0371
2014-11-06,1.23,A,0.0348
2014-11-07,0.98,A,0.0278
2014-11-08,0.93,A,0.0263
2014-11-09,0.85,A,0.0241
2014-11-10,0.78,A,0.0221
2014-11-11,0.75,A,0.0212
2014-11-12,0.75,A,0.0212
2014-11-13,0.73,A,0.0207
2014-11-14,0.75,A,0.0212
2014-11-15,0.78,A,0.0221
2014-11-16,0.71,A,0.0201
2014-11-17,0.68,A,0.0193
2014-11-18,0.63,A,0.0178
2014-11-19,0.64,A,0.0181
2014-11-20,0.56,A,0.0159
2014-11-21,0.53,A,0.015
2014-11-22,0.53,A,0.015
2014-11-23,0.59,A,0.0167
2014-11-24,0.52,A,0.0147
2014-11-25,0.44,A,0.0125
2014-11-26,0.54,A,0.0153
2014-11-27,0.5,A,0.0142
2014-11-28,0.42,A,0.0119
2014-11-29,0.4,A,0.0113
2014-11-30,0.34,A,0.0096
2014-12-01,0.35,A,0.0099
2014-12-02,0.38,A,0.0108
2014-12-03,0.38,A,0.0108
2014-12-04,6.23,A,0.1764
2014-12-05,14.9,A,0.4219
2014-12-06,5.43,A,0.1538
2014-12-07,3.58,A,0.1014
2014-12-08,2.41,A,0.0682
2014-12-09,1.93,A,0.0547
2014-12-10,1.62,A,0.0459
2014-12-11,1.3,A,0.0368
2014-12-12,1.2,A,0.034
2014-12-13,10.0,A,0.2832
2014-12-14,22.1,A,0.6258
2014-12-15,7.53,A,0.2132
2014-12-16,4.03,A,0.1141
2014-12-17,4.4,A,0.1246
2014-12-18,34.5,A,0.9769
2014-12-19,23.4,A,0.6626
2014-12-20,13.3,A,0.3766
2014-12-21,9.77,A,0.2767
2014-12-22,11.6,A,0.3285
2014-12-23,16.7,A,0.4729
2014-12-24,10.5,A,0.2973
2014-12-25,6.23,A,0.1764
2014-12-26,5.52,A,0.1563
2014-12-27,4.93,A,0.1396
2014-12-28,3.88,A,0.1099
2014-12-29,3.69,A,0.1045
2014-12-30,3.71,A,0.1051
2014-12-31,3.43,A,0.0971
2015-01-01,4.64,A,0.1314
2015-01-02,3.84,A,0.1087
2015-01-03,4.26,A,0.1206
2015-01-04,4.24,A,0.1201
2015-01-05,4.55,A,0.1288
2015-01-06,4.85,A,0.1373
2015-01-07,3.55,A,0.1005
2015-01-08,3.35,A,0.0949
2015-01-09,6.9,A,0.1954
2015-01-10,6.16,A,0.1744
2015-01-11,5.0,A,0.1416
2015-01-12,6.07,A,0.1719
2015-01-13,6.07,A,0.1719
2015-01-14,7.48,A,0.2118
2015-01-15,6.72,A,0.1903
2015-01-16,5.6,A,0.1586
2015-01-17,4.57,A,0.1294
2015-01-18,5.35,A,0.1515
2015-01-19,5.44,A,0.154
2015-01-20,6.07,A,0.1719
2015-01-21,5.66,A,0.1603
2015-01-22,5.33,A,0.1509
2015-01-23,5.18,A,0.1467
2015-01-24,4.57,A,0.1294
2015-01-25,4.14,A,0.1172
2015-01-26,3.44,A,0.0974
2015-01-27,3.28,A,0.0929
2015-01-28,3.29,A,0.0932
2015-01-29,3.29,A,0.0932
2015-01-30,480.0,A,13.5921
2015-01-31,673.0,A,19.0572
2015-02-01,259.0,A,7.3341
2015-02-02,121.0,A,3.4263
2015-02-03,67.6,A,1.9142
2015-02-04,42.0,A,1.1893
2015-02-05,29.9,A,0.8467
2015-02-06,25.8,A,0.7306
2015-02-07,18.3,A,0.5182
2015-02-08,13.2,A,0.3738
2015-02-09,12.1,A,0.3426
2015-02-10,8.85,A,0.2506
2015-02-11,9.09,A,0.2574
2015-02-12,8.74,A,0.2475
2015-02-13,6.33,"A, e",0.1792
2015-02-14,5.21,"A, e",0.1475
2015-02-15,4.74,"A, e",0.1342
2015-02-16,4.39,"A, e",0.1243
2015-02-17,4.15,"A, e",0.1175
2015-02-18,4.04,"A, e",0.1144
2015-02-19,3.93,"A, e",0.1113
2015-02-20,3.73,"A, e",0.1056
2015-02-21,3.61,"A, e",0.1022
2015-02-22,3.51,"A, e",0.0994
2015-02-23,3.37,"A, e",0.0954
2015-02-24,3.26,"A, e",0.0923
2015-02-25,3.08,A,0.0872
2015-02-26,2.62,A,0.0742
2015-02-27,2.31,A,0.0654
2015-02-28,2.04,A,0.0578
2015-03-01,1.76,A,0.0498
2015-03-02,1.74,A,0.0493
2015-03-03,1.79,A,0.0507
2015-03-04,2.18,A,0.0617
2015-03-05,1.88,A,0.0532
2015-03-06,1.59,A,0.045
2015-03-07,1.53,A,0.0433
2015-03-08,1.29,A,0.0365
2015-03-09,1.21,A,0.0343
2015-03-10,1.12,A,0.0317
2015-03-11,1.12,A,0.0317
2015-03-12,1.08,A,0.0306
2015-03-13,1.01,A,0.0286
2015-03-14,0.98,A,0.0278
2015-03-15,0.95,A,0.0269
2015-03-16,0.86,A,0.0244
2015-03-17,0.78,A,0.0221
2015-03-18,0.84,A,0.0238
2015-03-19,1.08,A,0.0306
2015-03-20,1.01,A,0.0286
2015-03-21,0.86,A,0.0244
2015-03-22,0.8,A,0.0227
2015-03-23,0.86,A,0.0244
2015-03-24,0.91,A,0.0258
2015-03-25,0.94,A,0.0266
2015-03-26,0.84,A,0.0238
2015-03-27,0.82,A,0.0232
2015-03-28,0.85,A,0.0241
2015-03-29,0.77,A,0.0218
2015-03-30,0.77,A,0.0218
2015-03-31,0.7,A,0.0198
2015-04-01,0.69,A,0.0195
2015-04-02,0.61,A,0.0173
2015-04-03,0.58,A,0.0164
2015-04-04,0.52,"A, e",0.0147
2015-04-05,0.47,"A, e",0.0133
2015-04-06,0.41,A,0.0116
2015-04-07,0.37,A,0.0105
2015-04-08,0.34,"A, e",0.0096
2015-04-09,0.32,"A, e",0.0091
2015-04-10,0.3,A,0.0085
2015-04-11,0.28,A,0.0079
2015-04-12,0.29,A,0.0082
2015-04-13,0.3,A,0.0085
2015-04-14,0.3,A,0.0085
2015-04-15,0.28,A,0.0079
2015-04-16,0.28,A,0.0079
2015-04-17,0.27,A,0.0076
2015-04-18,0.24,A,0.0068
2015-04-19,0.22,A,0.0062
2015-04-20,0.2,A,0.0057
2015-04-21,0.2,A,0.0057
2015-04-22,0.19,A,0.0054
2015-04-23,0.18,A,0.0051
2015-04-24,0.17,A,0.0048
2015-04-25,0.18,A,0.0051
2015-04-26,0.18,A,0.0051
2015-04-27,1.62,A,0.0459
2015-04-28,2.14,A,0.0606
2015-04-29,1.36,A,0.0385
2015-04-30,0.99,A,0.028
2015-05-01,0.79,A,0.0224
2015-05-02,0.61,A,0.0173
2015-05-03,0.49,A,0.0139
2015-05-04,0.57,A,0.0161
2015-05-05,0.43,A,0.0122
2015-05-06,0.34,A,0.0096
2015-05-07,0.3,A,0.0085
2015-05-08,0.23,A,0.0065
2015-05-09,0.19,A,0.0054
2015-05-10,0.19,A,0.0054
2015-05-11,0.18,A,0.0051
2015-05-12,0.16,A,0.0045
2015-05-13,0.14,A,0.004
2015-05-14,0.08,A,0.0023
2015-05-15,0.07,A,0.002
2015-05-16,0.09,A,0.0025
2015-05-17,0.12,A,0.0034
2015-05-18,0.12,A,0.0034
2015-05-19,0.12,A,0.0034
2015-05-20,0.11,A,0.0031
2015-05-21,0.1,A,0.0028
2015-05-22,0.06,A,0.0017
2015-05-23,0.03,A,0.0008
2015-05-24,0.07,A,0.002
2015-05-25,0.17,A,0.0048
2015-05-26,0.16,A,0.0045
2015-05-27,0.14,A,0.004
2015-05-28,0.11,A,0.0031
2015-05-29,0.07,A,0.002
2015-05-30,0.03,A,0.0008
2015-05-31,0.0,A,0.0
2015-06-01,0.0,A,0.0
2015-06-02,0.0,A,0.0
2015-06-03,0.0,A,0.0
2015-06-04,0.0,A,0.0
2015-06-05,0.0,A,0.0
2015-06-06,0.0,A,0.0
2015-06-07,0.0,A,0.0
2015-06-08,0.0,A,0.0
2015-06-09,0.0,A,0.0
2015-06-10,0.0,A,0.0
2015-06-11,0.0,A,0.0
2015-06-12,0.0,A,0.0
2015-06-13,0.0,A,0.0
2015-06-14,0.0,A,0.0
2015-06-15,0.0,A,0.0
2015-06-16,0.0,A,0.0
2015-06-17,0.0,A,0.0
2015-06-18,0.0,A,0.0
2015-06-19,0.0,A,0.0
2015-06-20,0.0,A,0.0
2015-06-21,0.0,A,0.0
2015-06-22,0.0,A,0.0
2015-06-23,0.0,A,0.0
2015-06-24,0.0,A,0.0
2015-06-25,0.0,A,0.0
2015-06-26,0.0,A,0.0
2015-06-27,0.0,A,0.0
2015-06-28,0.0,A,0.0
2015-06-29,0.0,A,0.0
2015-06-30,0.0,A,0.0
2015-07-01,0.0,A,0.0
2015-07-02,0.0,A,0.0
2015-07-03,0.0,A,0.0
2015-07-04,0.0,A,0.0
2015-07-05,0.0,A,0.0
2015-07-06,0.0,A,0.0
2015-07-07,0.0,A,0.0
2015-07-08,0.0,A,0.0
2015-07-09,0.0,A,0.0
2015-07-10,0.0,A,0.0
2015-07-11,0.0,A,0.0
2015-07-12,0.0,A,0.0
2015-07-13,0.0,A,0.0
2015-07-14,0.0,A,0.0
2015-07-15,0.0,A,0.0
2015-07-16,0.0,A,0.0
2015-07-17,0.0,A,0.0
2015-07-18,0.0,A,0.0
2015-07-19,0.0,A,0.0
2015-07-20,0.0,A,0.0
2015-07-21,0.0,A,0.0
2015-07-22,0.0,A,0.0
2015-07-23,0.0,A,0.0
2015-07-24,0.0,A,0.0
2015-07-25,0.0,A,0.0
2015-07-26,0.0,A,0.0
2015-07-27,0.0,A,0.0
2015-07-28,0.0,A,0.0
2015-07-29,0.0,A,0.0
2015-07-30,0.0,A,0.0
2015-07-31,0.0,A,0.0
2015-08-01,2.37,A,0.0671
2015-08-02,2.47,A,0.0699
2015-08-03,1.25,A,0.0354
2015-08-04,0.71,A,0.0201
2015-08-05,0.51,A,0.0144
2015-08-06,0.4,A,0.0113
2015-08-07,0.35,A,0.0099
2015-08-08,155.0,A,4.3891
2015-08-09,22.4,A,0.6343
2015-08-10,32.9,A,0.9316
2015-08-11,30.7,A,0.8693
2015-08-12,41.2,A,1.1667
2015-08-13,20.0,A,0.5663
2015-08-14,15.8,A,0.4474
2015-08-15,16.5,A,0.4672
2015-08-16,24.0,A,0.6796
2015-08-17,16.4,"A, e",0.4644
2015-08-18,8.05,"A, e",0.228
2015-08-19,4.93,"A, e",0.1396
2015-08-20,2.88,"A, e",0.0816
2015-08-21,2.72,"A, e",0.077
2015-08-22,9.9,"A, e",0.2803
2015-08-23,5.84,"A, e",0.1654
2015-08-24,3.57,"A, e",0.1011
2015-08-25,4.7,"A, e",0.1331
2015-08-26,3.66,"A, e",0.1036
2015-08-27,3.58,"A, e",0.1014
2015-08-28,3.02,"A, e",0.0855
2015-08-29,2.42,"A, e",0.0685
2015-08-30,2.15,"A, e",0.0609
2015-08-31,3.12,"A, e",0.0883
2015-09-01,99.1,"A, e",2.8062
2015-09-02,26.1,"A, e",0.7391
2015-09-03,12.7,"A, e",0.3596
2015-09-04,13.2,"A, e",0.3738
2015-09-05,11.8,"A, e",0.3341
2015-09-06,10.8,"A, e",0.3058
2015-09-07,8.89,"A, e",0.2517
2015-09-08,6.03,"A, e",0.1708
2015-09-09,5.55,"A, e",0.1572
2015-09-10,6.03,"A, e",0.1708
2015-09-11,3.64,"A, e",0.1031
2015-09-12,4.6,"A, e",0.1303
2015-09-13,2.69,"A, e",0.0762
2015-09-14,2.53,"A, e",0.0716
2015-09-15,2.05,"A, e",0.058
2015-09-16,1.58,"A, e",0.0447
2015-09-17,2.53,"A, e",0.0716
2015-09-18,2.05,"A, e",0.058
2015-09-19,0.4,"A, e",0.0113
2015-09-20,3.01,"A, e",0.0852
2015-09-21,49.8,"A, e",1.4102
2015-09-22,138.0,"A, e",3.9077
2015-09-23,41.7,"A, e",1.1808
2015-09-24,24.0,"A, e",0.6796
2015-09-25,16.0,"A, e",0.4531
2015-09-26,10.0,"A, e",0.2832
2015-09-27,9.0,"A, e",0.2549
2015-09-28,9.0,"A, e",0.2549
2015-09-29,6.0,"A, e",0.1699
2015-09-30,5.0,"A, e",0.1416
2015-10-01,4.0,"A, e",0.1133
2015-10-02,4.0,"A, e",0.1133
2015-10-03,4.47,"A, e",0.1266
2015-10-04,4.57,"A, e",0.1294
2015-10-05,4.5,"A, e",0.1274
2015-10-06,7.05,"A, e",0.1996
2015-10-07,35.1,"A, e",0.9939
2015-10-08,26.5,"A, e",0.7504
2015-10-09,12.0,"A, e",0.3398
2015-10-10,9.24,"A, e",0.2616
2015-10-11,7.34,"A, e",0.2078
2015-10-12,7.0,"A, e",0.1982
2015-10-13,6.0,"A, e",0.1699
2015-10-14,5.0,"A, e",0.1416
2015-10-15,5.0,"A, e",0.1416
2015-10-16,5.4,"A, e",0.1529
2015-10-17,7.22,"A, e",0.2044
2015-10-18,40.6,"A, e",1.1497
2015-10-19,19.0,"A, e",0.538
2015-10-20,12.0,"A, e",0.3398
2015-10-21,48.0,"A, e",1.3592
2015-10-22,36.0,"A, e",1.0194
2015-10-23,25.0,"A, e",0.7079
2015-10-24,16.8,"A, e",0.4757
2015-10-25,12.9,"A, e",0.3653
2015-10-26,9.81,"A, e",0.2778
2015-10-27,8.3,"A, e",0.235
2015-10-28,7.46,"A, e",0.2112
2015-10-29,7.27,"A, e",0.2059
2015-10-30,10.8,"A, e",0.3058
2015-10-31,18.6,"A, e",0.5267
2015-11-01,11.0,"A, e",0.3115
2015-11-02,8.89,"A, e",0.2517
2015-11-03,7.6,"A, e",0.2152
2015-11-04,9.36,"A, e",0.265
2015-11-05,10.8,"A, e",0.3058
2015-11-06,8.97,"A, e",0.254
2015-11-07,7.52,"A, e",0.2129
2015-11-08,6.8,"A, e",0.1926
2015-11-09,6.3,"A, e",0.1784
2015-11-10,5.28,"A, e",0.1495
2015-11-11,5.32,"A, e",0.1506
2015-11-12,5.21,"A, e",0.1475
2015-11-13,5.18,"A, e",0.1467
2015-11-14,5.27,"A, e",0.1492
2015-11-15,5.01,"A, e",0.1419
2015-11-16,15.5,"A, e",0.4389
2015-11-17,19.0,"A, e",0.538
2015-11-18,15.3,"A, e",0.4332
2015-11-19,13.1,"A, e",0.371
2015-11-20,10.9,"A, e",0.3087
2015-11-21,9.8,"A, e",0.2775
2015-11-22,7.85,"A, e",0.2223
2015-11-23,7.18,"A, e",0.2033
2015-11-24,7.57,"A, e",0.2144
2015-11-25,7.02,"A, e",0.1988
2015-11-26,6.82,"A, e",0.1931
2015-11-27,7.29,"A, e",0.2064
2015-11-28,6.25,"A, e",0.177
2015-11-29,6.06,"A, e",0.1716
2015-11-30,5.45,"A, e",0.1543
2015-12-01,5.52,"A, e",0.1563
2015-12-02,5.37,"A, e",0.1521
2015-12-03,5.16,"A, e",0.1461
2015-12-04,4.59,"A, e",0.13
2015-12-05,4.2,"A, e",0.1189
2015-12-06,4.21,"A, e",0.1192
2015-12-07,4.21,"A, e",0.1192
2015-12-08,4.07,"A, e",0.1152
2015-12-09,3.91,"A, e",0.1107
2015-12-10,4.24,"A, e",0.1201
2015-12-11,3.62,"A, e",0.1025
2015-12-12,7.27,"A, e",0.2059
2015-12-13,8.81,"A, e",0.2495
2015-12-14,10.3,"A, e",0.2917
2015-12-15,7.76,"A, e",0.2197
2015-12-16,6.17,"A, e",0.1747
2015-12-17,5.45,"A, e",0.1543
2015-12-18,5.27,"A, e",0.1492
2015-12-19,7.07,"A, e",0.2002
2015-12-20,9.19,"A, e",0.2602
2015-12-21,9.28,"A, e",0.2628
2015-12-22,7.8,"A, e",0.2209
2015-12-23,15.6,"A, e",0.4417
2015-12-24,23.5,"A, e",0.6654
2015-12-25,18.8,"A, e",0.5324
2015-12-26,13.2,"A, e",0.3738
2015-12-27,9.63,"A, e",0.2727
2015-12-28,8.42,"A, e",0.2384
2015-12-29,7.59,"A, e",0.2149
2015-12-30,6.04,"A, e",0.171
2015-12-31,5.59,"A, e",0.1583
2016-01-01,5.29,"A, e",0.1498
2016-01-02,5.29,"A, e",0.1498
2016-01-03,4.9,"A, e",0.1388
2016-01-04,5.69,"A, e",0.1611
2016-01-05,7.43,"A, e",0.2104
2016-01-06,30.7,"A, e",0.8693
2016-01-07,61.1,"A, e",1.7302
2016-01-08,60.0,"A, e",1.699
2016-01-09,35.4,"A, e",1.0024
2016-01-10,30.7,"A, e",0.8693
2016-01-11,23.2,"A, e",0.6569
2016-01-12,26.3,"A, e",0.7447
2016-01-13,32.2,"A, e",0.9118
2016-01-14,36.1,"A, e",1.0222
2016-01-15,31.9,"A, e",0.9033
2016-01-16,20.8,"A, e",0.589
2016-01-17,18.3,"A, e",0.5182
2016-01-18,25.9,"A, e",0.7334
2016-01-19,22.1,"A, e",0.6258
2016-01-20,25.4,"A, e",0.7192
2016-01-21,26.1,"A, e",0.7391
2016-01-22,21.9,"A, e",0.6201
2016-01-23,22.6,"A, e",0.64
2016-01-24,19.9,"A, e",0.5635
2016-01-25,15.2,"A, e",0.4304
2016-01-26,11.1,"A, e",0.3143
2016-01-27,8.19,"A, e",0.2319
2016-01-28,6.63,"A, e",0.1877
2016-01-29,5.98,"A, e",0.1693
2016-01-30,5.68,"A, e",0.1608
2016-01-31,6.23,"A, e",0.1764
2016-02-01,13.0,"A, e",0.3681
2016-02-02,10.5,"A, e",0.2973
2016-02-03,7.04,"A, e",0.1994
2016-02-04,5.9,"A, e",0.1671
2016-02-05,5.06,"A, e",0.1433
2016-02-06,4.39,"A, e",0.1243
2016-02-07,4.31,"A, e",0.122
2016-02-08,4.37,"A, e",0.1237
2016-02-09,4.75,"A, e",0.1345
2016-02-10,4.91,"A, e",0.139
2016-02-11,4.98,"A, e",0.141
2016-02-12,4.96,"A, e",0.1405
2016-02-13,4.78,"A, e",0.1354
2016-02-14,4.76,"A, e",0.1348
2016-02-15,4.49,"A, e",0.1271
2016-02-16,4.1,"A, e",0.1161
2016-02-17,4.03,"A, e",0.1141
2016-02-18,4.1,"A, e",0.1161
2016-02-19,3.68,"A, e",0.1042
2016-02-20,3.19,"A, e",0.0903
2016-02-21,2.73,"A, e",0.0773
2016-02-22,2.54,"A, e",0.0719
2016-02-23,2.27,"A, e",0.0643
2016-02-24,1.91,"A, e",0.0541
2016-02-25,1.68,"A, e",0.0476
2016-02-26,1.52,"A, e",0.043
2016-02-27,1.34,"A, e",0.0379
2016-02-28,1.28,"A, e",0.0362
2016-02-29,1.22,"A, e",0.0345
2016-03-01,1.18,"A, e",0.0334
2016-03-02,1.12,"A, e",0.0317
2016-03-03,1.16,"A, e",0.0328
2016-03-04,1.36,"A, e",0.0385
2016-03-05,1.52,"A, e",0.043
2016-03-06,1.52,"A, e",0.043
2016-03-07,1.39,"A, e",0.0394
2016-03-08,1.62,"A, e",0.0459
2016-03-09,1.47,"A, e",0.0416
2016-03-10,1.3,"A, e",0.0368
2016-03-11,1.35,"A, e",0.0382
2016-03-12,1.41,"A, e",0.0399
2016-03-13,1.31,"A, e",0.0371
2016-03-14,1.62,"A, e",0.0459
2016-03-15,1.78,"A, e",0.0504
2016-03-16,2.02,"A, e",0.0572
2016-03-17,2.06,"A, e",0.0583
2016-03-18,2.11,"A, e",0.0597
2016-03-19,2.19,"A, e",0.062
2016-03-20,1.91,"A, e",0.0541
2016-03-21,1.8,"A, e",0.051
2016-03-22,1.61,"A, e",0.0456
2016-03-23,1.53,"A, e",0.0433
2016-03-24,1.28,"A, e",0.0362
2016-03-25,1.22,"A, e",0.0345
2016-03-26,1.34,"A, e",0.0379
2016-03-27,1.19,"A, e",0.0337
2016-03-28,1.08,"A, e",0.0306
2016-03-29,1.02,"A, e",0.0289
2016-03-30,1.0,"A, e",0.0283
2016-03-31,0.8,"A, e",0.0227
2016-04-01,0.79,"A, e",0.0224
2016-04-02,0.75,"A, e",0.0212
2016-04-03,0.69,"A, e",0.0195
2016-04-04,0.63,"A, e",0.0178
2016-04-05,0.57,"A, e",0.0161
2016-04-06,0.52,"A, e",0.0147
2016-04-07,0.48,"A, e",0.0136
2016-04-08,0.8,"A, e",0.0227
2016-04-09,0.9,"A, e",0.0255
2016-04-10,1.17,"A, e",0.0331
2016-04-11,1.64,"A, e",0.0464
2016-04-12,1.78,"A, e",0.0504
2016-04-13,2.33,"A, e",0.066
2016-04-14,1.79,"A, e",0.0507
2016-04-15,1.18,"A, e",0.0334
2016-04-16,1.05,"A, e",0.0297
2016-04-17,0.84,"A, e",0.0238
2016-04-18,0.62,"A, e",0.0176
2016-04-19,0.63,"A, e",0.0178
2016-04-20,0.57,"A, e",0.0161
2016-04-21,0.54,"A, e",0.0153
2016-04-22,0.91,"A, e",0.0258
2016-04-23,1.08,"A, e",0.0306
2016-04-24,0.5,"A, e",0.0142
2016-04-25,0.5,"A, e",0.0142
2016-04-26,0.54,"A, e",0.0153
2016-04-27,0.5,"A, e",0.0142
2016-04-28,0.49,"A, e",0.0139
2016-04-29,0.4,"A, e",0.0113
2016-04-30,0.32,"A, e",0.0091
2016-05-01,0.26,"A, e",0.0074
2016-05-02,0.2,"A, e",0.0057
2016-05-03,0.19,"A, e",0.0054
2016-05-04,0.11,"A, e",0.0031
2016-05-05,0.05,"A, e",0.0014
2016-05-06,0.03,"A, e",0.0008
2016-05-07,0.02,"A, e",0.0006
2016-05-08,0.0,"A, e",0.0
2016-05-09,0.02,"A, e",0.0006
2016-05-10,0.0,A,0.0
2016-05-11,0.0,A,0.0
2016-05-12,0.0,A,0.0
2016-05-13,0.0,A,0.0
2016-05-14,0.0,A,0.0
2016-05-15,0.0,A,0.0
2016-05-16,0.0,A,0.0
2016-05-17,0.0,A,0.0
2016-05-18,0.0,A,0.0
2016-05-19,0.0,A,0.0
2016-05-20,0.0,A,0.0
2016-05-21,0.0,A,0.0
2016-05-22,0.0,A,0.0
2016-05-23,0.0,A,0.0
2016-05-24,0.0,A,0.0
2016-05-25,0.0,A,0.0
2016-05-26,0.0,A,0.0
2016-05-27,0.0,A,0.0
2016-05-28,0.0,A,0.0
2016-05-29,0.0,A,0.0
2016-05-30,0.0,A,0.0
2016-05-31,0.0,A,0.0
2016-06-01,0.0,A,0.0
2016-06-02,0.0,A,0.0
2016-06-03,0.0,A,0.0
2016-06-04,0.0,A,0.0
2016-06-05,0.0,A,0.0
2016-06-06,0.0,A,0.0
2016-06-07,0.0,A,0.0
2016-06-08,0.0,A,0.0
2016-06-09,0.0,A,0.0
2016-06-10,0.0,A,0.0
2016-06-11,0.0,A,0.0
2016-06-12,0.0,A,0.0
2016-06-13,0.0,A,0.0
2016-06-14,0.0,A,0.0
2016-06-15,0.0,A,0.0
2016-06-16,0.0,A,0.0
2016-06-17,0.0,A,0.0
2016-06-18,0.0,A,0.0
2016-06-19,0.0,A,0.0
2016-06-20,0.0,A,0.0
2016-06-21,0.0,A,0.0
2016-06-22,0.0,A,0.0
2016-06-23,0.0,A,0.0
2016-06-24,0.0,A,0.0
2016-06-25,0.0,A,0.0
2016-06-26,0.0,A,0.0
2016-06-27,0.0,A,0.0
2016-06-28,0.0,A,0.0
2016-06-29,0.0,A,0.0
2016-06-30,0.0,A,0.0
2016-07-01,0.0,A,0.0
2016-07-02,0.0,A,0.0
2016-07-03,0.0,A,0.0
2016-07-04,0.0,A,0.0
2016-07-05,0.0,A,0.0
2016-07-06,0.0,A,0.0
2016-07-07,0.0,A,0.0
2016-07-08,0.0,A,0.0
2016-07-09,0.0,A,0.0
2016-07-10,0.0,A,0.0
2016-07-11,0.0,A,0.0
2016-07-12,0.0,A,0.0
2016-07-13,0.0,A,0.0
2016-07-14,0.0,A,0.0
2016-07-15,0.0,A,0.0
2016-07-16,0.0,A,0.0
2016-07-17,0.0,A,0.0
2016-07-18,0.0,A,0.0
2016-07-19,4.1,A,0.1161
2016-07-20,5.38,A,0.1523
2016-07-21,3.77,A,0.1068
2016-07-22,0.82,A,0.0232
2016-07-23,0.38,A,0.0108
2016-07-24,0.16,A,0.0045
2016-07-25,0.05,A,0.0014
2016-07-26,0.0,A,0.0
2016-07-27,0.0,A,0.0
2016-07-28,0.0,A,0.0
2016-07-29,0.0,A,0.0
2016-07-30,34.8,A,0.9854
2016-07-31,18.1,A,0.5125
2016-08-01,50.1,A,1.4187
2016-08-02,98.5,A,2.7892
2016-08-03,60.1,A,1.7018
2016-08-04,51.5,A,1.4583
2016-08-05,25.4,A,0.7192
2016-08-06,15.1,A,0.4276
2016-08-07,26.3,A,0.7447
2016-08-08,17.4,A,0.4927
2016-08-09,14.3,A,0.4049
2016-08-10,10.3,A,0.2917
2016-08-11,60.6,A,1.716
2016-08-12,34.0,A,0.9628
2016-08-13,18.3,A,0.5182
2016-08-14,12.9,A,0.3653
2016-08-15,9.2,A,0.2605
2016-08-16,7.46,A,0.2112
2016-08-17,6.47,A,0.1832
2016-08-18,6.76,A,0.1914
2016-08-19,5.71,A,0.1617
2016-08-20,4.86,A,0.1376
2016-08-21,4.15,A,0.1175
2016-08-22,3.85,A,0.109
2016-08-23,2.9,A,0.0821
2016-08-24,2.23,A,0.0631
2016-08-25,1.85,A,0.0524
2016-08-26,2.59,A,0.0733
2016-08-27,2.62,A,0.0742
2016-08-28,1.93,A,0.0547
2016-08-29,1.42,A,0.0402
2016-08-30,0.8,A,0.0227
2016-08-31,0.64,A,0.0181
2016-09-01,0.52,A,0.0147
2016-09-02,0.84,A,0.0238
2016-09-03,3.84,A,0.1087
2016-09-04,1.62,A,0.0459
2016-09-05,0.72,A,0.0204
2016-09-06,0.52,A,0.0147
2016-09-07,24.9,A,0.7051
2016-09-08,90.0,A,2.5485
2016-09-09,29.6,A,0.8382
2016-09-10,16.8,A,0.4757
2016-09-11,11.8,A,0.3341
2016-09-12,10.5,A,0.2973
2016-09-13,10.1,A,0.286
2016-09-14,9.06,A,0.2566
2016-09-15,7.63,A,0.2161
2016-09-16,6.51,A,0.1843
2016-09-17,5.71,A,0.1617
2016-09-18,4.89,A,0.1385
2016-09-19,4.15,A,0.1175
2016-09-20,3.73,A,0.1056
2016-09-21,3.5,A,0.0991
2016-09-22,2.93,A,0.083
2016-09-23,2.73,A,0.0773
2016-09-24,2.4,A,0.068
2016-09-25,2.08,A,0.0589
2016-09-26,1.9,A,0.0538
2016-09-27,2.67,A,0.0756
2016-09-28,3.55,A,0.1005
2016-09-29,5.06,A,0.1433
2016-09-30,13.6,A,0.3851
2016-10-01,9.38,A,0.2656
2016-10-02,6.37,A,0.1804
2016-10-03,5.24,A,0.1484
2016-10-04,3.92,A,0.111
2016-10-05,2.86,A,0.081
2016-10-06,2.45,A,0.0694
2016-10-07,2.3,A,0.0651
2016-10-08,2.08,A,0.0589
2016-10-09,1.87,A,0.053
2016-10-10,1.44,A,0.0408
2016-10-11,0.97,A,0.0275
2016-10-12,0.78,A,0.0221
2016-10-13,0.7,A,0.0198
2016-10-14,0.58,A,0.0164
2016-10-15,0.48,A,0.0136
2016-10-16,0.42,A,0.0119
2016-10-17,0.36,A,0.0102
2016-10-18,0.3,A,0.0085
2016-10-19,0.26,A,0.0074
2016-10-20,0.21,A,0.0059
2016-10-21,0.17,A,0.0048
2016-10-22,0.16,A,0.0045
2016-10-23,0.13,A,0.0037
2016-10-24,0.14,A,0.004
2016-10-25,0.14,A,0.004
2016-10-26,0.13,A,0.0037
2016-10-27,0.09,A,0.0025
2016-10-28,0.04,A,0.0011
2016-10-29,0.0,A,0.0
2016-10-30,0.0,A,0.0
2016-10-31,0.0,A,0.0
2016-11-01,0.0,A,0.0
2016-11-02,0.0,A,0.0
2016-11-03,0.0,A,0.0
2016-11-04,0.0,A,0.0
2016-11-05,0.0,A,0.0
2016-11-06,0.0,A,0.0
2016-11-07,0.0,A,0.0
2016-11-08,0.0,A,0.0
2016-11-09,0.0,A,0.0
2016-11-10,0.0,A,0.0
2016-11-11,0.0,A,0.0
2016-11-12,0.0,A,0.0
2016-11-13,0.0,A,0.0
2016-11-14,0.0,A,0.0
2016-11-15,0.0,A,0.0
2016-11-16,0.0,A,0.0
2016-11-17,0.0,A,0.0
2016-11-18,0.0,A,0.0
2016-11-19,0.0,A,0.0
2016-11-20,0.0,A,0.0
2016-11-21,0.0,A,0.0
2016-11-22,0.0,A,0.0
2016-11-23,0.0,A,0.0
2016-11-24,0.0,A,0.0
2016-11-25,0.0,A,0.0
2016-11-26,0.0,A,0.0
2016-11-27,0.0,A,0.0
2016-11-28,0.0,A,0.0
2016-11-29,0.0,A,0.0
2016-11-30,0.0,A,0.0
2016-12-01,0.0,A,0.0
2016-12-02,0.0,A,0.0
2016-12-03,0.0,A,0.0
2016-12-04,0.0,A,0.0
2016-12-05,0.0,A,0.0
2016-12-06,0.0,A,0.0
2016-12-07,0.0,A,0.0
2016-12-08,0.0,A,0.0
2016-12-09,0.0,A,0.0
2016-12-10,0.0,A,0.0
2016-12-11,0.0,A,0.0
2016-12-12,0.0,A,0.0
2016-12-13,0.0,A,0.0
2016-12-14,0.0,A,0.0
2016-12-15,0.0,A,0.0
2016-12-16,0.0,A,0.0
2016-12-17,12.1,A,0.3426
2016-12-18,6.38,A,0.1807
2016-12-19,2.02,A,0.0572
2016-12-20,1.17,A,0.0331
2016-12-21,1.21,A,0.0343
2016-12-22,171.0,A,4.8422
2016-12-23,44.3,A,1.2544
2016-12-24,15.2,A,0.4304
2016-12-25,13.5,A,0.3823
2016-12-26,10.1,A,0.286
2016-12-27,11.9,A,0.337
2016-12-28,9.95,A,0.2818
2016-12-29,9.14,A,0.2588
2016-12-30,8.36,A,0.2367
2016-12-31,147.0,A,4.1626
2017-01-01,209.0,A,5.9182
2017-01-02,113.0,A,3.1998
2017-01-03,54.8,A,1.5518
2017-01-04,36.4,A,1.0307
2017-01-05,31.3,A,0.8863
2017-01-06,30.7,A,0.8693
2017-01-07,24.8,A,0.7023
2017-01-08,17.8,A,0.504
2017-01-09,14.4,A,0.4078
2017-01-10,12.6,A,0.3568
2017-01-11,10.5,A,0.2973
2017-01-12,8.8,A,0.2492
2017-01-13,7.41,A,0.2098
2017-01-14,6.82,A,0.1931
2017-01-15,47.8,A,1.3535
2017-01-16,132.0,A,3.7378
2017-01-17,77.9,A,2.2059
2017-01-18,53.2,A,1.5065
2017-01-19,37.5,A,1.0619
2017-01-20,108.0,A,3.0582
2017-01-21,556.0,A,15.7441
2017-01-22,113.0,A,3.1998
2017-01-23,82.5,A,2.3361
2017-01-24,91.1,A,2.5797
2017-01-25,58.6,A,1.6594
2017-01-26,45.4,A,1.2856
2017-01-27,39.4,A,1.1157
2017-01-28,31.5,A,0.892
2017-01-29,31.8,A,0.9005
2017-01-30,39.8,A,1.127
2017-01-31,47.4,A,1.3422
2017-02-01,49.4,A,1.3988
2017-02-02,50.8,A,1.4385
2017-02-03,49.3,A,1.396
2017-02-04,46.3,A,1.3111
2017-02-05,45.7,A,1.2941
2017-02-06,48.0,A,1.3592
2017-02-07,42.0,A,1.1893
2017-02-08,59.3,A,1.6792
2017-02-09,66.1,A,1.8717
2017-02-10,63.4,A,1.7953
2017-02-11,58.4,A,1.6537
2017-02-12,50.0,A,1.4158
2017-02-13,43.7,A,1.2374
2017-02-14,35.1,A,0.9939
2017-02-15,32.3,A,0.9146
2017-02-16,24.1,A,0.6824
2017-02-17,18.6,A,0.5267
2017-02-18,16.7,A,0.4729
2017-02-19,34.7,A,0.9826
2017-02-20,64.3,A,1.8208
2017-02-21,91.6,"A, e",2.5938
2017-02-22,84.6,"A, e",2.3956
2017-02-23,61.2,"A, e",1.733
2017-02-24,39.2,"A, e",1.11
2017-02-25,29.2,"A, e",0.8269
2017-02-26,20.3,"A, e",0.5748
2017-02-27,15.7,"A, e",0.4446
2017-02-28,14.0,"A, e",0.3964
2017-03-01,12.9,"A, e",0.3653
2017-03-02,10.5,"A, e",0.2973
2017-03-03,9.13,"A, e",0.2585
2017-03-04,8.33,"A, e",0.2359
2017-03-05,7.81,"A, e",0.2212
2017-03-06,9.14,"A, e",0.2588
2017-03-07,9.13,"A, e",0.2585
2017-03-08,7.67,"A, e",0.2172
2017-03-09,6.9,"A, e",0.1954
2017-03-10,6.25,"A, e",0.177
2017-03-11,5.59,"A, e",0.1583
2017-03-12,5.86,"A, e",0.1659
2017-03-13,5.69,"A, e",0.1611
2017-03-14,4.99,"A, e",0.1413
2017-03-15,4.57,"A, e",0.1294
2017-03-16,4.3,"A, e",0.1218
2017-03-17,3.9,"A, e",0.1104
2017-03-18,3.87,"A, e",0.1096
2017-03-19,5.78,"A, e",0.1637
2017-03-20,4.48,"A, e",0.1269
2017-03-21,3.94,"A, e",0.1116
2017-03-22,3.91,"A, e",0.1107
2017-03-23,4.05,"A, e",0.1147
2017-03-24,4.07,"A, e",0.1152
2017-03-25,3.57,"A, e",0.1011
2017-03-26,3.08,"A, e",0.0872
2017-03-27,2.77,"A, e",0.0784
2017-03-28,2.93,"A, e",0.083
2017-03-29,2.63,"A, e",0.0745
2017-03-30,2.32,A,0.0657
2017-03-31,2.07,A,0.0586
2017-04-01,2.08,A,0.0589
2017-04-02,2.05,A,0.058
2017-04-03,1.93,A,0.0547
2017-04-04,1.72,A,0.0487
2017-04-05,1.64,A,0.0464
2017-04-06,1.59,A,0.045
2017-04-07,1.42,A,0.0402
2017-04-08,1.26,A,0.0357
2017-04-09,1.35,A,0.0382
2017-04-10,1.16,A,0.0328
2017-04-11,1.07,A,0.0303
2017-04-12,1.08,A,0.0306
2017-04-13,1.07,A,0.0303
2017-04-14,0.89,"A, e",0.0252
2017-04-15,0.73,"A, e",0.0207
2017-04-16,0.68,"A, e",0.0193
2017-04-17,0.62,"A, e",0.0176
2017-04-18,0.56,"A, e",0.0159
2017-04-19,0.51,"A, e",0.0144
2017-04-20,0.45,"A, e",0.0127
2017-04-21,0.41,"A, e",0.0116
2017-04-22,0.36,"A, e",0.0102
2017-04-23,0.32,"A, e",0.0091
2017-04-24,0.28,"A, e",0.0079
2017-04-25,0.25,"A, e",0.0071
2017-04-26,0.21,"A, e",0.0059
2017-04-27,0.18,"A, e",0.0051
2017-04-28,0.15,"A, e",0.0042
2017-04-29,0.12,"A, e",0.0034
2017-04-30,0.12,A,0.0034
2017-05-01,0.1,A,0.0028
2017-05-02,0.09,A,0.0025
2017-05-03,0.07,A,0.002
2017-05-04,0.04,A,0.0011
2017-05-05,0.01,A,0.0003
2017-05-06,0.0,A,0.0
2017-05-07,0.0,A,0.0
2017-05-08,0.0,A,0.0
2017-05-09,0.0,A,0.0
2017-05-10,0.0,A,0.0
2017-05-11,0.0,A,0.0
2017-05-12,0.0,A,0.0
2017-05-13,0.0,A,0.0
2017-05-14,0.0,A,0.0
2017-05-15,0.0,A,0.0
2017-05-16,0.0,A,0.0
2017-05-17,0.0,A,0.0
2017-05-18,0.0,A,0.0
2017-05-19,0.0,A,0.0
2017-05-20,0.0,A,0.0
2017-05-21,0.0,A,0.0
2017-05-22,0.0,A,0.0
2017-05-23,0.0,A,0.0
2017-05-24,0.0,A,0.0
2017-05-25,0.0,A,0.0
2017-05-26,0.0,A,0.0
2017-05-27,0.0,A,0.0
2017-05-28,0.0,A,0.0
2017-05-29,0.0,A,0.0
2017-05-30,0.0,A,0.0
2017-05-31,0.0,A,0.0
2017-06-01,0.0,A,0.0
2017-06-02,0.0,A,0.0
2017-06-03,0.0,A,0.0
2017-06-04,0.0,A,0.0
2017-06-05,0.0,A,0.0
2017-06-06,0.0,A,0.0
2017-06-07,0.0,A,0.0
2017-06-08,0.0,A,0.0
2017-06-09,0.0,A,0.0
2017-06-10,0.0,A,0.0
2017-06-11,0.0,A,0.0
2017-06-12,0.0,A,0.0
2017-06-13,0.0,A,0.0
2017-06-14,0.0,A,0.0
2017-06-15,0.0,A,0.0
2017-06-16,0.0,A,0.0
2017-06-17,0.0,A,0.0
2017-06-18,0.0,A,0.0
2017-06-19,0.0,A,0.0
2017-06-20,0.0,A,0.0
2017-06-21,0.0,A,0.0
2017-06-22,0.0,A,0.0
2017-06-23,0.0,A,0.0
2017-06-24,0.0,A,0.0
2017-06-25,0.0,A,0.0
2017-06-26,0.0,A,0.0
2017-06-27,0.0,A,0.0
2017-06-28,0.0,A,0.0
2017-06-29,0.0,A,0.0
2017-06-30,0.0,A,0.0
2017-07-01,0.0,A,0.0
2017-07-02,0.0,A,0.0
2017-07-03,0.0,A,0.0
2017-07-04,0.0,A,0.0
2017-07-05,0.0,A,0.0
2017-07-06,0.0,A,0.0
2017-07-07,0.0,A,0.0
2017-07-08,0.0,A,0.0
2017-07-09,0.0,A,0.0
2017-07-10,0.0,A,0.0
2017-07-11,0.0,A,0.0
2017-07-12,0.0,A,0.0
2017-07-13,0.0,A,0.0
2017-07-14,0.0,A,0.0
2017-07-15,0.0,A,0.0
2017-07-16,0.0,A,0.0
2017-07-17,42.2,A,1.195
2017-07-18,66.7,A,1.8887
2017-07-19,35.8,A,1.0137
2017-07-20,12.2,A,0.3455
2017-07-21,24.6,A,0.6966
2017-07-22,43.9,A,1.2431
2017-07-23,127.0,A,3.5962
2017-07-24,80.0,A,2.2653
2017-07-25,25.3,A,0.7164
2017-07-26,12.6,A,0.3568
2017-07-27,8.73,A,0.2472
2017-07-28,18.5,A,0.5239
2017-07-29,66.3,A,1.8774
2017-07-30,169.0,A,4.7855
2017-07-31,103.0,A,2.9166
2017-08-01,40.1,A,1.1355
2017-08-02,36.4,A,1.0307
2017-08-03,68.0,A,1.9255
2017-08-04,49.5,A,1.4017
2017-08-05,22.5,A,0.6371
2017-08-06,13.6,A,0.3851
2017-08-07,9.45,A,0.2676
2017-08-08,7.16,A,0.2027
2017-08-09,5.78,A,0.1637
2017-08-10,5.48,A,0.1552
2017-08-11,5.93,A,0.1679
2017-08-12,4.75,A,0.1345
2017-08-13,19.1,A,0.5409
2017-08-14,9.24,A,0.2616
2017-08-15,8.42,A,0.2384
2017-08-16,6.2,A,0.1756
2017-08-17,4.93,A,0.1396
2017-08-18,4.03,A,0.1141
2017-08-19,3.49,A,0.0988
2017-08-20,3.04,A,0.0861
2017-08-21,2.76,A,0.0782
2017-08-22,2.48,A,0.0702
2017-08-23,2.33,A,0.066
2017-08-24,2.24,A,0.0634
2017-08-25,1.99,A,0.0564
2017-08-26,1.76,A,0.0498
2017-08-27,1.45,A,0.0411
2017-08-28,1.04,A,0.0294
2017-08-29,0.8,A,0.0227
2017-08-30,0.63,A,0.0178
2017-08-31,0.46,A,0.013
2017-09-01,0.37,A,0.0105
2017-09-02,0.33,A,0.0093
2017-09-03,0.34,A,0.0096
2017-09-04,0.32,A,0.0091
2017-09-05,0.3,A,0.0085
2017-09-06,0.29,A,0.0082
2017-09-07,0.21,A,0.0059
2017-09-08,0.21,A,0.0059
2017-09-09,0.26,A,0.0074
2017-09-10,0.2,A,0.0057
2017-09-11,0.2,A,0.0057
2017-09-12,0.15,A,0.0042
2017-09-13,0.07,A,0.002
2017-09-14,0.01,A,0.0003
2017-09-15,0.0,A,0.0
2017-09-16,0.0,A,0.0
2017-09-17,0.0,A,0.0
2017-09-18,0.0,A,0.0
2017-09-19,0.0,A,0.0
2017-09-20,0.0,A,0.0
2017-09-21,0.0,A,0.0
2017-09-22,0.0,A,0.0
2017-09-23,0.0,A,0.0
2017-09-24,0.0,A,0.0
2017-09-25,0.0,A,0.0
2017-09-26,0.0,A,0.0
2017-09-27,0.0,A,0.0
2017-09-28,0.0,A,0.0
2017-09-29,0.0,A,0.0
2017-09-30,0.0,A,0.0
2017-10-01,0.0,A,0.0
2017-10-02,0.0,A,0.0
2017-10-03,0.0,A,0.0
2017-10-04,0.0,A,0.0
2017-10-05,0.0,A,0.0
2017-10-06,0.0,A,0.0
2017-10-07,0.0,A,0.0
2017-10-08,0.0,A,0.0
2017-10-09,0.0,A,0.0
2017-10-10,0.0,A,0.0
2017-10-11,0.0,A,0.0
2017-10-12,0.0,A,0.0
2017-10-13,0.0,A,0.0
2017-10-14,0.0,A,0.0
2017-10-15,0.0,A,0.0
2017-10-16,0.0,A,0.0
2017-10-17,0.0,A,0.0
2017-10-18,0.0,A,0.0
2017-10-19,0.0,A,0.0
2017-10-20,0.0,A,0.0
2017-10-21,0.0,A,0.0
2017-10-22,0.0,A,0.0
2017-10-23,0.0,A,0.0
2017-10-24,0.0,A,0.0
2017-10-25,0.0,A,0.0
2017-10-26,0.0,A,0.0
2017-10-27,0.0,A,0.0
2017-10-28,0.0,A,0.0
2017-10-29,0.0,A,0.0
2017-10-30,0.0,A,0.0
2017-10-31,0.0,A,0.0
2017-11-01,0.0,A,0.0
2017-11-02,0.0,A,0.0
2017-11-03,0.0,A,0.0
2017-11-04,0.0,A,0.0
2017-11-05,0.0,A,0.0
2017-11-06,0.0,A,0.0
2017-11-07,0.0,A,0.0
2017-11-08,0.0,A,0.0
2017-11-09,0.0,A,0.0
2017-11-10,0.0,A,0.0
2017-11-11,0.0,A,0.0
2017-11-12,0.0,A,0.0
2017-11-13,0.0,A,0.0
2017-11-14,0.0,A,0.0
2017-11-15,0.0,A,0.0
2017-11-16,0.0,A,0.0
2017-11-17,0.0,A,0.0
2017-11-18,0.0,A,0.0
2017-11-19,0.0,A,0.0
2017-11-20,0.0,A,0.0
2017-11-21,0.0,A,0.0
2017-11-22,0.0,A,0.0
2017-11-23,0.0,A,0.0
2017-11-24,0.0,A,0.0
2017-11-25,0.0,A,0.0
2017-11-26,0.0,A,0.0
2017-11-27,0.0,A,0.0
2017-11-28,0.0,A,0.0
2017-11-29,0.0,A,0.0
2017-11-30,0.0,A,0.0
2017-12-01,0.0,A,0.0
2017-12-02,0.0,A,0.0
2017-12-03,0.0,A,0.0
2017-12-04,0.0,A,0.0
2017-12-05,0.0,A,0.0
2017-12-06,0.0,A,0.0
2017-12-07,0.0,A,0.0
2017-12-08,0.0,A,0.0
2017-12-09,0.0,A,0.0
2017-12-10,0.0,A,0.0
2017-12-11,0.0,A,0.0
2017-12-12,0.0,A,0.0
2017-12-13,0.0,A,0.0
2017-12-14,0.0,A,0.0
2017-12-15,0.0,A,0.0
2017-12-16,0.0,A,0.0
2017-12-17,0.0,A,0.0
2017-12-18,0.0,A,0.0
2017-12-19,0.0,A,0.0
2017-12-20,0.0,A,0.0
2017-12-21,0.0,A,0.0
2017-12-22,0.0,A,0.0
2017-12-23,0.0,A,0.0
2017-12-24,0.0,A,0.0
2017-12-25,0.0,A,0.0
2017-12-26,0.0,A,0.0
2017-12-27,0.0,A,0.0
2017-12-28,0.0,A,0.0
2017-12-29,0.0,A,0.0
2017-12-30,0.0,A,0.0
2017-12-31,0.0,A,0.0
2018-01-01,0.0,A,0.0
2018-01-02,0.0,A,0.0
2018-01-03,0.0,A,0.0
2018-01-04,0.0,A,0.0
2018-01-05,0.0,A,0.0
2018-01-06,0.0,A,0.0
2018-01-07,0.0,A,0.0
2018-01-08,0.0,A,0.0
2018-01-09,0.0,A,0.0
2018-01-10,0.0,A,0.0
2018-01-11,0.0,A,0.0
2018-01-12,0.0,A,0.0
2018-01-13,0.0,A,0.0
2018-01-14,0.0,A,0.0
2018-01-15,0.0,A,0.0
2018-01-16,0.0,A,0.0
2018-01-17,0.0,A,0.0
2018-01-18,0.0,A,0.0
2018-01-19,0.0,A,0.0
2018-01-20,0.0,A,0.0
2018-01-21,0.0,A,0.0
2018-01-22,0.0,A,0.0
2018-01-23,0.0,A,0.0
2018-01-24,0.0,A,0.0
2018-01-25,0.0,A,0.0
2018-01-26,0.0,A,0.0
2018-01-27,0.0,A,0.0
2018-01-28,0.0,A,0.0
2018-01-29,0.0,A,0.0
2018-01-30,0.0,A,0.0
2018-01-31,0.0,A,0.0
2018-02-01,0.0,A,0.0
2018-02-02,0.0,A,0.0
2018-02-03,0.0,A,0.0
2018-02-04,0.0,A,0.0
2018-02-05,0.0,A,0.0
2018-02-06,0.0,A,0.0
2018-02-07,0.0,A,0.0
2018-02-08,0.0,A,0.0
2018-02-09,0.0,A,0.0
2018-02-10,0.0,A,0.0
2018-02-11,0.0,A,0.0
2018-02-12,0.0,A,0.0
2018-02-13,0.0,A,0.0
2018-02-14,0.0,A,0.0
2018-02-15,119.0,A,3.3697
2018-02-16,66.7,A,1.8887
2018-02-17,41.1,A,1.1638
2018-02-18,12.1,A,0.3426
2018-02-19,7.02,A,0.1988
2018-02-20,5.65,A,0.16
2018-02-21,4.53,A,0.1283
2018-02-22,3.69,A,0.1045
2018-02-23,3.03,A,0.0858
2018-02-24,2.65,A,0.075
2018-02-25,2.37,A,0.0671
2018-02-26,2.13,A,0.0603
2018-02-27,1.99,A,0.0564
2018-02-28,2.58,A,0.0731
2018-03-01,2.48,A,0.0702
2018-03-02,2.31,A,0.0654
2018-03-03,3.09,A,0.0875
2018-03-04,2.74,A,0.0776
2018-03-05,2.58,A,0.0731
2018-03-06,2.39,A,0.0677
2018-03-07,2.23,A,0.0631
2018-03-08,1.9,A,0.0538
2018-03-09,1.74,A,0.0493
2018-03-10,1.71,A,0.0484
2018-03-11,1.74,A,0.0493
2018-03-12,1.74,A,0.0493
2018-03-13,1.64,A,0.0464
2018-03-14,1.47,A,0.0416
2018-03-15,1.37,A,0.0388
2018-03-16,1.25,A,0.0354
2018-03-17,1.22,A,0.0345
2018-03-18,1.09,A,0.0309
2018-03-19,1.08,A,0.0306
2018-03-20,1.15,A,0.0326
2018-03-21,1.48,A,0.0419
2018-03-22,1.3,A,0.0368
2018-03-23,1.34,A,0.0379
2018-03-24,1.54,A,0.0436
2018-03-25,1.44,A,0.0408
2018-03-26,1.22,A,0.0345
2018-03-27,1.28,A,0.0362
2018-03-28,1.31,A,0.0371
2018-03-29,1.33,A,0.0377
2018-03-30,1.26,A,0.0357
2018-03-31,1.09,A,0.0309
2018-04-01,0.73,A,0.0207
2018-04-02,0.47,A,0.0133
2018-04-03,0.49,A,0.0139
2018-04-04,0.45,A,0.0127
2018-04-05,0.52,A,0.0147
2018-04-06,0.4,A,0.0113
2018-04-07,0.28,A,0.0079
2018-04-08,0.24,A,0.0068
2018-04-09,0.25,A,0.0071
2018-04-10,0.22,A,0.0062
2018-04-11,0.18,A,0.0051
2018-04-12,0.14,A,0.004
2018-04-13,0.12,A,0.0034
2018-04-14,0.13,A,0.0037
2018-04-15,0.14,A,0.004
2018-04-16,0.1,A,0.0028
2018-04-17,0.07,A,0.002
2018-04-18,0.05,A,0.0014
2018-04-19,0.02,A,0.0006
2018-04-20,0.0,A,0.0
2018-04-21,0.0,A,0.0
2018-04-22,0.0,A,0.0
2018-04-23,0.0,A,0.0
2018-04-24,0.0,A,0.0
2018-04-25,0.0,A,0.0
2018-04-26,0.0,A,0.0
2018-04-27,0.0,A,0.0
2018-04-28,0.0,A,0.0
2018-04-29,0.0,A,0.0
2018-04-30,0.0,A,0.0
2018-05-01,0.0,A,0.0
2018-05-02,0.0,A,0.0
2018-05-03,0.0,A,0.0
2018-05-04,0.0,A,0.0
2018-05-05,0.0,A,0.0
2018-05-06,0.0,A,0.0
2018-05-07,0.0,A,0.0
2018-05-08,0.0,A,0.0
2018-05-09,0.0,A,0.0
2018-05-10,0.0,A,0.0
2018-05-11,0.0,A,0.0
2018-05-12,0.0,A,0.0
2018-05-13,0.0,A,0.0
2018-05-14,0.0,A,0.0
2018-05-15,0.0,A,0.0
2018-05-16,0.0,A,0.0
2018-05-17,0.0,A,0.0
2018-05-18,0.0,A,0.0
2018-05-19,0.0,A,0.0
2018-05-20,0.0,A,0.0
2018-05-21,0.0,A,0.0
2018-05-22,0.0,A,0.0
2018-05-23,0.0,A,0.0
2018-05-24,0.0,A,0.0
2018-05-25,0.0,A,0.0
2018-05-26,0.0,A,0.0
2018-05-27,0.0,A,0.0
2018-05-28,0.0,A,0.0
2018-05-29,0.0,A,0.0
2018-05-30,0.0,A,0.0
2018-05-31,0.0,A,0.0
2018-06-01,0.0,A,0.0
2018-06-02,0.0,A,0.0
2018-06-03,0.0,A,0.0
2018-06-04,0.0,A,0.0
2018-06-05,0.0,A,0.0
2018-06-06,0.0,A,0.0
2018-06-07,0.0,A,0.0
2018-06-08,0.0,A,0.0
2018-06-09,0.0,A,0.0
2018-06-10,0.0,A,0.0
2018-06-11,0.0,A,0.0
2018-06-12,0.0,A,0.0
2018-06-13,0.0,A,0.0
2018-06-14,0.0,A,0.0
2018-06-15,0.0,A,0.0
2018-06-16,13.3,A,0.3766
2018-06-17,12.9,A,0.3653
2018-06-18,2.3,A,0.0651
2018-06-19,0.92,A,0.0261
2018-06-20,0.48,A,0.0136
2018-06-21,0.34,A,0.0096
2018-06-22,0.17,A,0.0048
2018-06-23,0.03,A,0.0008
2018-06-24,0.0,A,0.0
2018-06-25,0.0,A,0.0
2018-06-26,0.0,A,0.0
2018-06-27,0.0,A,0.0
2018-06-28,0.0,A,0.0
2018-06-29,0.0,A,0.0
2018-06-30,0.0,A,0.0
2018-07-01,0.0,A,0.0
2018-07-02,0.0,A,0.0
2018-07-03,0.0,A,0.0
2018-07-04,0.0,A,0.0
2018-07-05,0.0,A,0.0
2018-07-06,0.0,A,0.0
2018-07-07,0.0,A,0.0
2018-07-08,0.0,A,0.0
2018-07-09,0.0,A,0.0
2018-07-10,0.0,A,0.0
2018-07-11,0.0,A,0.0
2018-07-12,0.0,A,0.0
2018-07-13,10.4,A,0.2945
2018-07-14,19.1,A,0.5409
2018-07-15,46.6,A,1.3196
2018-07-16,21.9,A,0.6201
2018-07-17,8.68,A,0.2458
2018-07-18,5.31,A,0.1504
2018-07-19,3.83,A,0.1085
2018-07-20,2.98,A,0.0844
2018-07-21,6.42,A,0.1818
2018-07-22,4.26,A,0.1206
2018-07-23,2.84,A,0.0804
2018-07-24,2.15,A,0.0609
2018-07-25,1.75,A,0.0496
2018-07-26,1.47,A,0.0416
2018-07-27,1.42,A,0.0402
2018-07-28,2.14,A,0.0606
2018-07-29,1.63,A,0.0462
2018-07-30,1.62,A,0.0459
2018-07-31,1.4,A,0.0396
2018-08-01,1.02,A,0.0289
2018-08-02,0.8,A,0.0227
2018-08-03,0.48,A,0.0136
2018-08-04,0.17,A,0.0048
2018-08-05,0.01,A,0.0003
2018-08-06,0.0,A,0.0
2018-08-07,0.0,A,0.0
2018-08-08,0.0,A,0.0
2018-08-09,0.0,A,0.0
2018-08-10,0.0,A,0.0
2018-08-11,0.0,A,0.0
2018-08-12,0.0,A,0.0
2018-08-13,0.0,A,0.0
2018-08-14,0.0,A,0.0
2018-08-15,0.0,A,0.0
2018-08-16,0.0,A,0.0
2018-08-17,0.0,A,0.0
2018-08-18,0.0,A,0.0
2018-08-19,0.0,A,0.0
2018-08-20,0.0,A,0.0
2018-08-21,0.0,A,0.0
2018-08-22,0.0,A,0.0
2018-08-23,0.0,A,0.0
2018-08-24,0.0,A,0.0
2018-08-25,0.0,A,0.0
2018-08-26,0.0,A,0.0
2018-08-27,0.0,A,0.0
2018-08-28,0.0,A,0.0
2018-08-29,0.0,A,0.0
2018-08-30,0.0,A,0.0
2018-08-31,0.0,A,0.0
2018-09-01,0.0,A,0.0
2018-09-02,0.0,A,0.0
2018-09-03,0.0,A,0.0
2018-09-04,0.0,A,0.0
2018-09-05,0.0,A,0.0
2018-09-06,0.0,A,0.0
2018-09-07,0.0,A,0.0
2018-09-08,0.0,A,0.0
2018-09-09,0.0,A,0.0
2018-09-10,0.0,A,0.0
2018-09-11,0.0,A,0.0
2018-09-12,0.0,A,0.0
2018-09-13,0.0,A,0.0
2018-09-14,0.0,A,0.0
2018-09-15,0.0,A,0.0
2018-09-16,0.0,A,0.0
2018-09-17,0.0,A,0.0
2018-09-18,0.0,A,0.0
2018-09-19,0.0,A,0.0
2018-09-20,0.0,A,0.0
2018-09-21,0.0,A,0.0
2018-09-22,0.0,A,0.0
2018-09-23,0.0,A,0.0
2018-09-24,0.0,A,0.0
2018-09-25,0.0,A,0.0
2018-09-26,0.0,A,0.0
2018-09-27,0.0,A,0.0
2018-09-28,0.0,A,0.0
2018-09-29,0.0,A,0.0
2018-09-30,0.0,A,0.0
2018-10-01,0.0,A,0.0
2018-10-02,0.0,A,0.0
2018-10-03,0.0,A,0.0
2018-10-04,0.0,A,0.0
2018-10-05,0.0,A,0.0
2018-10-06,0.0,A,0.0
2018-10-07,0.0,A,0.0
2018-10-08,4.51,A,0.1277
2018-10-09,4.03,A,0.1141
2018-10-10,2.38,A,0.0674
2018-10-11,1.87,A,0.053
2018-10-12,2.54,A,0.0719
2018-10-13,66.4,A,1.8802
2018-10-14,161.0,A,4.559
2018-10-15,32.9,A,0.9316
2018-10-16,35.7,A,1.0109
2018-10-17,21.3,A,0.6031
2018-10-18,11.5,A,0.3256
2018-10-19,8.53,A,0.2415
2018-10-20,6.63,A,0.1877
2018-10-21,5.75,A,0.1628
2018-10-22,5.14,A,0.1455
2018-10-23,5.99,A,0.1696
2018-10-24,7.92,"A, e",0.2243
2018-10-25,6.12,"A, e",0.1733
2018-10-26,4.44,"A, e",0.1257
2018-10-27,3.51,"A, e",0.0994
2018-10-28,2.9,"A, e",0.0821
2018-10-29,2.5,"A, e",0.0708
2018-10-30,2.33,"A, e",0.066
2018-10-31,2.24,"A, e",0.0634
2018-11-01,2.14,"A, e",0.0606
2018-11-02,1.99,"A, e",0.0564
2018-11-03,1.72,"A, e",0.0487
2018-11-04,1.57,"A, e",0.0445
2018-11-05,1.36,"A, e",0.0385
2018-11-06,1.27,"A, e",0.036
2018-11-07,1.2,"A, e",0.034
2018-11-08,1.09,"A, e",0.0309
2018-11-09,1.04,"A, e",0.0294
2018-11-10,0.99,"A, e",0.028
2018-11-11,0.96,"A, e",0.0272
2018-11-12,0.98,"A, e",0.0278
2018-11-13,0.94,"A, e",0.0266
2018-11-14,0.97,"A, e",0.0275
2018-11-15,0.96,"A, e",0.0272
2018-11-16,0.93,"A, e",0.0263
2018-11-17,0.9,"A, e",0.0255
2018-11-18,0.85,"A, e",0.0241
2018-11-19,0.77,"A, e",0.0218
2018-11-20,0.74,"A, e",0.021
2018-11-21,0.68,"A, e",0.0193
2018-11-22,0.64,"A, e",0.0181
2018-11-23,0.62,"A, e",0.0176
2018-11-24,0.61,"A, e",0.0173
2018-11-25,0.52,"A, e",0.0147
2018-11-26,0.47,A,0.0133
2018-11-27,0.43,A,0.0122
2018-11-28,0.4,A,0.0113
2018-11-29,0.36,A,0.0102
2018-11-30,0.45,A,0.0127
2018-12-01,0.71,A,0.0201
2018-12-02,1.01,A,0.0286
2018-12-03,0.89,A,0.0252
2018-12-04,0.77,A,0.0218
2018-12-05,0.67,A,0.019
2018-12-06,0.63,A,0.0178
2018-12-07,1.3,A,0.0368
2018-12-08,6.46,A,0.1829
2018-12-09,3.1,A,0.0878
2018-12-10,2.02,A,0.0572
2018-12-11,1.58,A,0.0447
2018-12-12,1.32,A,0.0374
2018-12-13,1.27,A,0.036
2018-12-14,1.16,A,0.0328
2018-12-15,1.12,A,0.0317
2018-12-16,1.02,A,0.0289
2018-12-17,0.86,A,0.0244
2018-12-18,0.82,A,0.0232
2018-12-19,0.77,A,0.0218
2018-12-20,0.75,A,0.0212
2018-12-21,0.71,A,0.0201
2018-12-22,0.68,A,0.0193
2018-12-23,0.66,A,0.0187
2018-12-24,0.67,A,0.019
2018-12-25,0.63,A,0.0178
2018-12-26,1.23,A,0.0348
2018-12-27,1.06,A,0.03
2018-12-28,1.92,A,0.0544
2018-12-29,1.35,A,0.0382
2018-12-30,1.09,A,0.0309
2018-12-31,1.14,A,0.0323
2019-01-01,2.98,A,0.0844
2019-01-02,3.58,A,0.1014
2019-01-03,3.85,A,0.109
2019-01-04,4.88,A,0.1382
2019-01-05,7.37,A,0.2087
2019-01-06,251.0,A,7.1075
2019-01-07,84.8,A,2.4013
2019-01-08,46.6,A,1.3196
2019-01-09,39.8,A,1.127
2019-01-10,40.7,A,1.1525
2019-01-11,38.1,A,1.0789
2019-01-12,27.7,A,0.7844
2019-01-13,22.7,A,0.6428
2019-01-14,22.8,A,0.6456
2019-01-15,20.7,A,0.5862
2019-01-16,18.7,A,0.5295
2019-01-17,18.7,A,0.5295
2019-01-18,16.1,A,0.4559
2019-01-19,14.8,A,0.4191
2019-01-20,12.1,A,0.3426
2019-01-21,10.5,A,0.2973
2019-01-22,9.61,A,0.2721
2019-01-23,8.54,A,0.2418
2019-01-24,7.55,A,0.2138
2019-01-25,6.68,A,0.1892
2019-01-26,5.81,A,0.1645
2019-01-27,5.62,A,0.1591
2019-01-28,4.82,A,0.1365
2019-01-29,4.68,A,0.1325
2019-01-30,4.56,A,0.1291
2019-01-31,4.5,A,0.1274
2019-02-01,4.3,A,0.1218
2019-02-02,4.48,A,0.1269
2019-02-03,39.5,A,1.1185
2019-02-04,328.0,A,9.2879
2019-02-05,165.0,A,4.6723
2019-02-06,100.0,A,2.8317
2019-02-07,68.8,A,1.9482
2019-02-08,51.8,A,1.4668
2019-02-09,41.5,A,1.1751
2019-02-10,32.4,A,0.9175
2019-02-11,26.7,A,0.7561
2019-02-12,21.6,A,0.6116
2019-02-13,18.3,A,0.5182
2019-02-14,62.5,A,1.7698
2019-02-15,1560.0,"A, e",44.1742
2019-02-16,232.0,A,6.5695
2019-02-17,102.0,A,2.8883
2019-02-18,65.9,A,1.8661
2019-02-19,51.3,A,1.4527
2019-02-20,40.3,A,1.1412
2019-02-21,34.8,A,0.9854
2019-02-22,83.9,A,2.3758
2019-02-23,84.6,A,2.3956
2019-02-24,103.0,A,2.9166
2019-02-25,125.0,A,3.5396
2019-02-26,137.0,A,3.8794
2019-02-27,153.0,A,4.3325
2019-02-28,154.0,A,4.3608
2019-03-01,144.0,A,4.0776
2019-03-02,130.0,A,3.6812
2019-03-03,153.0,A,4.3325
2019-03-04,127.0,A,3.5962
2019-03-05,88.9,A,2.5174
2019-03-06,75.8,A,2.1464
2019-03-07,69.7,A,1.9737
2019-03-08,56.6,A,1.6027
2019-03-09,42.8,A,1.212
2019-03-10,33.3,A,0.9429
2019-03-11,28.7,A,0.8127
2019-03-12,51.0,A,1.4442
2019-03-13,82.5,A,2.3361
2019-03-14,64.7,A,1.8321
2019-03-15,61.1,A,1.7302
2019-03-16,62.4,A,1.767
2019-03-17,76.7,A,2.1719
2019-03-18,67.1,A,1.9001
2019-03-19,57.1,A,1.6169
2019-03-20,51.0,A,1.4442
2019-03-21,44.1,A,1.2488
2019-03-22,35.6,A,1.0081
2019-03-23,29.2,A,0.8269
2019-03-24,24.4,A,0.6909
2019-03-25,20.9,A,0.5918
2019-03-26,18.9,A,0.5352
2019-03-27,18.8,A,0.5324
2019-03-28,19.0,A,0.538
2019-03-29,17.2,A,0.487
2019-03-30,14.6,A,0.4134
2019-03-31,12.7,A,0.3596
2019-04-01,10.9,A,0.3087
2019-04-02,9.79,"A, e",0.2772
2019-04-03,9.7,"A, e",0.2747
2019-04-04,9.64,"A, e",0.273
2019-04-05,9.24,"A, e",0.2616
2019-04-06,8.33,A,0.2359
2019-04-07,7.76,A,0.2197
2019-04-08,6.76,A,0.1914
2019-04-09,6.2,A,0.1756
2019-04-10,6.2,A,0.1756
2019-04-11,6.46,A,0.1829
2019-04-12,5.92,A,0.1676
2019-04-13,5.19,A,0.147
2019-04-14,4.48,A,0.1269
2019-04-15,3.97,A,0.1124
2019-04-16,3.8,A,0.1076
2019-04-17,6.06,A,0.1716
2019-04-18,9.04,A,0.256
2019-04-19,7.78,A,0.2203
2019-04-20,6.7,A,0.1897
2019-04-21,5.96,A,0.1688
2019-04-22,5.9,A,0.1671
2019-04-23,5.61,A,0.1589
2019-04-24,5.32,A,0.1506
2019-04-25,4.68,A,0.1325
2019-04-26,3.95,A,0.1119
2019-04-27,3.47,A,0.0983
2019-04-28,3.2,A,0.0906
2019-04-29,2.97,A,0.0841
2019-04-30,2.81,A,0.0796
2019-05-01,2.55,A,0.0722
2019-05-02,2.28,A,0.0646
2019-05-03,1.99,A,0.0564
2019-05-04,1.69,A,0.0479
2019-05-05,1.43,A,0.0405
2019-05-06,1.21,A,0.0343
2019-05-07,1.11,A,0.0314
2019-05-08,1.09,A,0.0309
2019-05-09,1.08,A,0.0306
2019-05-10,0.96,A,0.0272
2019-05-11,0.89,A,0.0252
2019-05-12,0.95,A,0.0269
2019-05-13,1.16,A,0.0328
2019-05-14,1.55,A,0.0439
2019-05-15,0.93,A,0.0263
2019-05-16,0.67,A,0.019
2019-05-17,0.55,A,0.0156
2019-05-18,0.55,A,0.0156
2019-05-19,0.6,A,0.017
2019-05-20,0.62,A,0.0176
2019-05-21,0.62,A,0.0176
2019-05-22,0.55,A,0.0156
2019-05-23,0.53,A,0.015
2019-05-24,0.46,A,0.013
2019-05-25,0.36,A,0.0102
2019-05-26,0.29,A,0.0082
2019-05-27,0.25,A,0.0071
2019-05-28,0.26,A,0.0074
2019-05-29,0.24,A,0.0068
2019-05-30,0.22,A,0.0062
2019-05-31,0.18,A,0.0051
2019-06-01,0.13,A,0.0037
2019-06-02,0.07,A,0.002
2019-06-03,0.01,A,0.0003
2019-06-04,0.0,A,0.0
2019-06-05,0.0,A,0.0
2019-06-06,0.0,A,0.0
2019-06-07,0.0,A,0.0
2019-06-08,0.0,A,0.0
2019-06-09,0.0,A,0.0
2019-06-10,0.0,A,0.0
2019-06-11,0.0,A,0.0
2019-06-12,0.0,A,0.0
2019-06-13,0.0,A,0.0
2019-06-14,0.0,A,0.0
2019-06-15,0.0,A,0.0
2019-06-16,0.0,A,0.0
2019-06-17,0.0,A,0.0
2019-06-18,0.0,A,0.0
2019-06-19,0.0,A,0.0
2019-06-20,0.0,A,0.0
2019-06-21,0.0,A,0.0
2019-06-22,0.0,A,0.0
2019-06-23,0.0,A,0.0
2019-06-24,0.0,A,0.0
2019-06-25,0.0,A,0.0
2019-06-26,0.0,A,0.0
2019-06-27,0.0,A,0.0
2019-06-28,0.0,A,0.0
2019-06-29,0.0,A,0.0
2019-06-30,0.0,A,0.0
2019-07-01,0.0,A,0.0
2019-07-02,0.0,A,0.0
2019-07-03,0.0,A,0.0
2019-07-04,0.0,A,0.0
2019-07-05,0.0,A,0.0
2019-07-06,0.0,A,0.0
2019-07-07,0.0,A,0.0
2019-07-08,0.0,A,0.0
2019-07-09,0.0,A,0.0
2019-07-10,0.0,A,0.0
2019-07-11,0.0,A,0.0
2019-07-12,0.0,A,0.0
2019-07-13,0.0,A,0.0
2019-07-14,0.0,A,0.0
2019-07-15,0.0,A,0.0
2019-07-16,0.0,A,0.0
2019-07-17,0.0,A,0.0
2019-07-18,0.0,A,0.0
2019-07-19,0.0,A,0.0
2019-07-20,0.0,A,0.0
2019-07-21,0.0,A,0.0
2019-07-22,0.0,A,0.0
2019-07-23,0.0,A,0.0
2019-07-24,0.0,A,0.0
2019-07-25,0.0,A,0.0
2019-07-26,0.0,A,0.0
2019-07-27,0.0,A,0.0
2019-07-28,0.0,A,0.0
2019-07-29,0.0,A,0.0
2019-07-30,0.0,A,0.0
2019-07-31,0.0,A,0.0
2019-08-01,0.0,A,0.0
2019-08-02,0.0,A,0.0
2019-08-03,0.0,A,0.0
2019-08-04,0.0,A,0.0
2019-08-05,0.0,A,0.0
2019-08-06,0.0,A,0.0
2019-08-07,0.0,A,0.0
2019-08-08,0.0,A,0.0
2019-08-09,0.0,A,0.0
2019-08-10,0.0,A,0.0
2019-08-11,0.0,A,0.0
2019-08-12,0.0,A,0.0
2019-08-13,0.0,A,0.0
2019-08-14,0.0,A,0.0
2019-08-15,0.0,A,0.0
2019-08-16,0.0,A,0.0
2019-08-17,0.0,A,0.0
2019-08-18,0.0,A,0.0
2019-08-19,0.0,A,0.0
2019-08-20,0.0,A,0.0
2019-08-21,0.0,A,0.0
2019-08-22,0.0,A,0.0
2019-08-23,0.0,A,0.0
2019-08-24,0.0,A,0.0
2019-08-25,0.0,A,0.0
2019-08-26,0.0,A,0.0
2019-08-27,0.0,A,0.0
2019-08-28,0.0,A,0.0
2019-08-29,0.0,A,0.0
2019-08-30,0.0,A,0.0
2019-08-31,0.0,A,0.0
2019-09-01,0.0,A,0.0
2019-09-02,0.0,A,0.0
2019-09-03,0.0,A,0.0
2019-09-04,0.0,A,0.0
2019-09-05,0.0,A,0.0
2019-09-06,0.0,A,0.0
2019-09-07,0.0,A,0.0
2019-09-08,0.0,A,0.0
2019-09-09,12.5,A,0.354
2019-09-10,8.19,A,0.2319
2019-09-11,2.7,A,0.0765
2019-09-12,1.32,A,0.0374
2019-09-13,0.94,A,0.0266
2019-09-14,0.73,A,0.0207
2019-09-15,0.63,A,0.0178
2019-09-16,0.58,A,0.0164
2019-09-17,0.54,A,0.0153
2019-09-18,0.37,A,0.0105
2019-09-19,0.25,A,0.0071
2019-09-20,0.11,A,0.0031
2019-09-21,0.01,A,0.0003
2019-09-22,0.0,A,0.0
2019-09-23,0.0,A,0.0
2019-09-24,0.07,A,0.002
2019-09-25,0.21,A,0.0059
2019-09-26,0.22,A,0.0062
2019-09-27,4.58,A,0.1297
2019-09-28,6.29,A,0.1781
2019-09-29,1.68,A,0.0476
2019-09-30,1.0,A,0.0283
2019-10-01,0.8,A,0.0227
2019-10-02,0.73,A,0.0207
2019-10-03,0.63,A,0.0178
2019-10-04,0.56,A,0.0159
2019-10-05,0.51,A,0.0144
2019-10-06,0.45,A,0.0127
2019-10-07,0.41,A,0.0116
2019-10-08,0.39,A,0.011
2019-10-09,0.37,A,0.0105
2019-10-10,0.33,A,0.0093
2019-10-11,0.29,A,0.0082
2019-10-12,0.25,A,0.0071
2019-10-13,0.18,A,0.0051
2019-10-14,0.13,A,0.0037
2019-10-15,0.08,A,0.0023
2019-10-16,0.02,A,0.0006
2019-10-17,0.0,A,0.0
2019-10-18,0.0,A,0.0
2019-10-19,0.0,A,0.0
2019-10-20,0.0,A,0.0
2019-10-21,0.0,A,0.0
2019-10-22,0.0,A,0.0
2019-10-23,0.0,A,0.0
2019-10-24,0.0,A,0.0
2019-10-25,0.0,A,0.0
2019-10-26,0.0,A,0.0
2019-10-27,0.0,A,0.0
2019-10-28,0.0,A,0.0
2019-10-29,0.0,A,0.0
2019-10-30,0.0,A,0.0
2019-10-31,0.0,A,0.0
2019-11-01,0.0,A,0.0
2019-11-02,0.0,A,0.0
2019-11-03,0.0,A,0.0
2019-11-04,0.0,A,0.0
2019-11-05,0.0,A,0.0
2019-11-06,0.0,A,0.0
2019-11-07,0.0,A,0.0
2019-11-08,0.0,A,0.0
2019-11-09,0.0,A,0.0
2019-11-10,0.0,A,0.0
2019-11-11,0.0,A,0.0
2019-11-12,0.0,A,0.0
2019-11-13,0.0,A,0.0
2019-11-14,0.0,A,0.0
2019-11-15,0.0,A,0.0
2019-11-16,0.0,A,0.0
2019-11-17,0.0,A,0.0
2019-11-18,0.0,A,0.0
2019-11-19,0.0,A,0.0
2019-11-20,2.64,A,0.0748
2019-11-21,201.0,A,5.6917
2019-11-22,37.5,A,1.0619
2019-11-23,18.8,A,0.5324
2019-11-24,9.52,A,0.2696
2019-11-25,7.03,A,0.1991
2019-11-26,5.67,A,0.1606
2019-11-27,5.12,A,0.145
2019-11-28,5.13,A,0.1453
2019-11-29,61.4,A,1.7387
2019-11-30,46.3,A,1.3111
2019-12-01,26.7,A,0.7561
2019-12-02,19.1,A,0.5409
2019-12-03,13.7,A,0.3879
2019-12-04,13.6,A,0.3851
2019-12-05,13.2,A,0.3738
2019-12-06,8.9,A,0.252
2019-12-07,6.36,A,0.1801
2019-12-08,4.89,A,0.1385
2019-12-09,44.9,A,1.2714
2019-12-10,45.1,A,1.2771
2019-12-11,20.3,A,0.5748
2019-12-12,11.6,A,0.3285
2019-12-13,8.34,A,0.2362
2019-12-14,6.51,A,0.1843
2019-12-15,5.36,A,0.1518
2019-12-16,4.66,A,0.132
2019-12-17,3.85,A,0.109
2019-12-18,3.36,A,0.0951
2019-12-19,2.91,A,0.0824
2019-12-20,2.7,A,0.0765
2019-12-21,2.46,A,0.0697
2019-12-22,2.15,A,0.0609
2019-12-23,2.14,A,0.0606
2019-12-24,2.99,A,0.0847
2019-12-25,15.6,A,0.4417
2019-12-26,10.5,A,0.2973
2019-12-27,22.0,A,0.623
2019-12-28,38.9,A,1.1015
2019-12-29,23.5,A,0.6654
2019-12-30,20.7,A,0.5862
2019-12-31,22.3,A,0.6315
2020-01-01,35.0,A,0.9911
2020-01-02,31.6,A,0.8948
2020-01-03,21.4,A,0.606
2020-01-04,15.5,A,0.4389
2020-01-05,19.3,A,0.5465
2020-01-06,19.4,A,0.5493
2020-01-07,14.6,A,0.4134
2020-01-08,12.2,A,0.3455
2020-01-09,10.3,A,0.2917
2020-01-10,9.45,A,0.2676
2020-01-11,8.62,A,0.2441
2020-01-12,7.46,A,0.2112
2020-01-13,6.09,A,0.1724
2020-01-14,5.32,A,0.1506
2020-01-15,5.16,A,0.1461
2020-01-16,5.43,A,0.1538
2020-01-17,70.7,A,2.002
2020-01-18,32.3,A,0.9146
2020-01-19,22.4,A,0.6343
2020-01-20,19.1,A,0.5409
2020-01-21,31.3,A,0.8863
2020-01-22,137.0,A,3.8794
2020-01-23,61.5,A,1.7415
2020-01-24,39.7,A,1.1242
2020-01-25,30.4,A,0.8608
2020-01-26,24.4,A,0.6909
2020-01-27,20.0,A,0.5663
2020-01-28,16.5,A,0.4672
2020-01-29,13.7,A,0.3879
2020-01-30,11.8,A,0.3341
2020-01-31,10.2,A,0.2888
2020-02-01,9.06,A,0.2566
2020-02-02,8.15,A,0.2308
2020-02-03,7.37,A,0.2087
2020-02-04,6.71,A,0.19
2020-02-05,6.25,A,0.177
2020-02-06,5.74,A,0.1625
2020-02-07,5.66,A,0.1603
2020-02-08,5.24,A,0.1484
2020-02-09,4.9,A,0.1388
2020-02-10,5.22,A,0.1478
2020-02-11,8.91,A,0.2523
2020-02-12,9.05,A,0.2563
2020-02-13,7.92,A,0.2243
2020-02-14,6.87,A,0.1945
2020-02-15,6.01,A,0.1702
2020-02-16,5.4,A,0.1529
2020-02-17,4.75,A,0.1345
2020-02-18,4.72,A,0.1337
2020-02-19,4.29,A,0.1215
2020-02-20,4.01,A,0.1136
2020-02-21,3.99,A,0.113
2020-02-22,52.4,A,1.4838
2020-02-23,104.0,A,2.9449
2020-02-24,42.8,A,1.212
2020-02-25,27.7,A,0.7844
2020-02-26,19.3,A,0.5465
2020-02-27,15.0,A,0.4248
2020-02-28,12.2,A,0.3455
2020-02-29,10.4,A,0.2945
2020-03-01,9.38,A,0.2656
2020-03-02,8.5,A,0.2407
2020-03-03,7.89,A,0.2234
2020-03-04,7.59,A,0.2149
2020-03-05,6.79,A,0.1923
2020-03-06,6.13,A,0.1736
2020-03-07,5.84,A,0.1654
2020-03-08,5.64,A,0.1597
2020-03-09,5.59,A,0.1583
2020-03-10,5.13,A,0.1453
2020-03-11,7.13,A,0.2019
2020-03-12,17.7,A,0.5012
2020-03-13,159.0,A,4.5024
2020-03-14,89.1,A,2.523
2020-03-15,50.0,A,1.4158
2020-03-16,32.8,A,0.9288
2020-03-17,23.6,A,0.6683
2020-03-18,35.0,A,0.9911
2020-03-19,168.0,A,4.7572
2020-03-20,120.0,A,3.398
2020-03-21,94.9,A,2.6873
2020-03-22,86.3,A,2.4437
2020-03-23,69.3,A,1.9624
2020-03-24,68.4,A,1.9369
2020-03-25,53.2,A,1.5065
2020-03-26,46.1,A,1.3054
2020-03-27,36.4,A,1.0307
2020-03-28,28.3,A,0.8014
2020-03-29,21.8,A,0.6173
2020-03-30,17.2,A,0.487
2020-03-31,14.1,A,0.3993
2020-04-01,12.3,A,0.3483
2020-04-02,10.4,A,0.2945
2020-04-03,9.49,A,0.2687
2020-04-04,8.69,A,0.2461
2020-04-05,8.13,A,0.2302
2020-04-06,6.97,A,0.1974
2020-04-07,5.93,A,0.1679
2020-04-08,5.3,A,0.1501
2020-04-09,5.16,A,0.1461
2020-04-10,4.8,A,0.1359
2020-04-11,4.6,A,0.1303
2020-04-12,4.91,A,0.139
2020-04-13,4.28,A,0.1212
2020-04-14,3.89,A,0.1102
2020-04-15,3.57,A,0.1011
2020-04-16,3.26,A,0.0923
2020-04-17,3.0,A,0.085
2020-04-18,2.72,A,0.077
2020-04-19,2.74,A,0.0776
2020-04-20,2.61,A,0.0739
2020-04-21,2.54,A,0.0719
2020-04-22,2.47,A,0.0699
2020-04-23,2.39,A,0.0677
2020-04-24,2.26,A,0.064
2020-04-25,2.19,A,0.062
2020-04-26,1.96,A,0.0555
2020-04-27,1.9,A,0.0538
2020-04-28,1.75,A,0.0496
2020-04-29,1.65,A,0.0467
2020-04-30,1.61,A,0.0456
2020-05-01,1.41,A,0.0399
2020-05-02,1.27,A,0.036
2020-05-03,1.21,A,0.0343
2020-05-04,1.16,A,0.0328
2020-05-05,1.05,A,0.0297
2020-05-06,1.01,A,0.0286
2020-05-07,0.94,A,0.0266
2020-05-08,0.91,A,0.0258
2020-05-09,0.91,A,0.0258
2020-05-10,0.91,A,0.0258
2020-05-11,0.89,A,0.0252
2020-05-12,0.88,A,0.0249
2020-05-13,0.84,A,0.0238
2020-05-14,0.78,A,0.0221
2020-05-15,0.72,A,0.0204
2020-05-16,0.66,A,0.0187
2020-05-17,0.58,A,0.0164
2020-05-18,0.51,A,0.0144
2020-05-19,0.36,A,0.0102
2020-05-20,0.22,A,0.0062
2020-05-21,0.11,A,0.0031
2020-05-22,0.03,A,0.0008
2020-05-23,0.0,A,0.0
2020-05-24,0.0,A,0.0
2020-05-25,0.0,A,0.0
2020-05-26,0.0,A,0.0
2020-05-27,0.0,A,0.0
2020-05-28,0.0,A,0.0
2020-05-29,0.0,A,0.0
2020-05-30,0.0,A,0.0
2020-05-31,0.0,A,0.0
2020-06-01,0.0,A,0.0
2020-06-02,0.0,A,0.0
2020-06-03,0.0,A,0.0
2020-06-04,0.0,A,0.0
2020-06-05,0.0,A,0.0
2020-06-06,0.0,A,0.0
2020-06-07,0.0,A,0.0
2020-06-08,0.0,A,0.0
2020-06-09,0.0,A,0.0
2020-06-10,0.0,A,0.0
2020-06-11,0.0,A,0.0
2020-06-12,0.0,A,0.0
2020-06-13,0.0,A,0.0
2020-06-14,0.0,A,0.0
2020-06-15,0.0,A,0.0
2020-06-16,0.0,A,0.0
2020-06-17,0.0,A,0.0
2020-06-18,0.0,A,0.0
2020-06-19,0.0,A,0.0
2020-06-20,0.0,A,0.0
2020-06-21,0.0,A,0.0
2020-06-22,0.0,A,0.0
2020-06-23,0.0,A,0.0
2020-06-24,0.0,A,0.0
2020-06-25,0.0,A,0.0
2020-06-26,0.0,A,0.0
2020-06-27,0.0,A,0.0
2020-06-28,0.0,A,0.0
2020-06-29,0.0,A,0.0
2020-06-30,0.0,A,0.0
2020-07-01,0.0,A,0.0
2020-07-02,0.0,A,0.0
2020-07-03,0.0,A,0.0
2020-07-04,0.0,A,0.0
2020-07-05,0.0,A,0.0
2020-07-06,0.0,A,0.0
2020-07-07,0.0,A,0.0
2020-07-08,0.0,A,0.0
2020-07-09,0.0,A,0.0
2020-07-10,0.0,A,0.0
2020-07-11,0.0,A,0.0
2020-07-12,0.0,A,0.0
2020-07-13,0.0,A,0.0
2020-07-14,0.0,A,0.0
2020-07-15,0.0,A,0.0
2020-07-16,0.0,A,0.0
2020-07-17,0.0,A,0.0
2020-07-18,0.0,A,0.0
2020-07-19,0.0,A,0.0
2020-07-20,0.0,A,0.0
2020-07-21,0.0,A,0.0
2020-07-22,0.0,A,0.0
2020-07-23,0.0,A,0.0
2020-07-24,0.0,A,0.0
2020-07-25,0.0,A,0.0
2020-07-26,0.0,A,0.0
2020-07-27,0.0,A,0.0
2020-07-28,0.0,A,0.0
2020-07-29,0.0,A,0.0
2020-07-30,0.0,A,0.0
2020-07-31,0.0,A,0.0
2020-08-01,0.0,A,0.0
2020-08-02,0.0,A,0.0
2020-08-03,0.0,A,0.0
2020-08-04,0.0,A,0.0
2020-08-05,0.0,A,0.0
2020-08-06,0.0,A,0.0
2020-08-07,0.0,A,0.0
2020-08-08,0.0,A,0.0
2020-08-09,0.0,A,0.0
2020-08-10,0.0,A,0.0
2020-08-11,0.0,A,0.0
2020-08-12,0.0,A,0.0
2020-08-13,0.0,A,0.0
2020-08-14,0.0,A,0.0
2020-08-15,0.0,A,0.0
2020-08-16,25.3,A,0.7164
2020-08-17,19.7,A,0.5578
2020-08-18,2.78,A,0.0787
2020-08-19,0.67,A,0.019
2020-08-20,0.17,A,0.0048
2020-08-21,0.02,A,0.0006
2020-08-22,0.0,A,0.0
2020-08-23,0.0,A,0.0
2020-08-24,0.0,A,0.0
2020-08-25,0.0,A,0.0
2020-08-26,0.0,A,0.0
2020-08-27,0.0,A,0.0
2020-08-28,0.0,A,0.0
2020-08-29,0.0,A,0.0
2020-08-30,0.0,A,0.0
2020-08-31,0.0,A,0.0
2020-09-01,0.0,A,0.0
2020-09-02,0.0,A,0.0
2020-09-03,0.0,A,0.0
2020-09-04,0.0,A,0.0
2020-09-05,0.0,A,0.0
2020-09-06,0.0,A,0.0
2020-09-07,0.0,A,0.0
2020-09-08,0.0,A,0.0
2020-09-09,0.0,A,0.0
2020-09-10,0.0,A,0.0
2020-09-11,0.0,A,0.0
2020-09-12,0.0,A,0.0
2020-09-13,0.0,A,0.0
2020-09-14,0.0,A,0.0
2020-09-15,0.0,A,0.0
2020-09-16,0.0,A,0.0
2020-09-17,0.0,A,0.0
2020-09-18,0.0,A,0.0
2020-09-19,0.0,A,0.0
2020-09-20,0.0,A,0.0
2020-09-21,0.0,A,0.0
2020-09-22,0.0,A,0.0
2020-09-23,0.0,A,0.0
2020-09-24,0.0,A,0.0
2020-09-25,0.0,A,0.0
2020-09-26,0.0,A,0.0
2020-09-27,0.0,A,0.0
2020-09-28,0.0,A,0.0
2020-09-29,0.0,A,0.0
2020-09-30,0.0,A,0.0
2020-10-01,0.0,A,0.0
2020-10-02,0.0,A,0.0
2020-10-03,0.0,A,0.0
2020-10-04,0.0,A,0.0
2020-10-05,0.0,A,0.0
2020-10-06,0.0,A,0.0
2020-10-07,0.0,A,0.0
2020-10-08,0.0,A,0.0
2020-10-09,0.0,A,0.0
2020-10-10,0.0,A,0.0
2020-10-11,0.0,A,0.0
2020-10-12,0.0,A,0.0
2020-10-13,0.0,A,0.0
2020-10-14,0.0,A,0.0
2020-10-15,0.0,A,0.0
2020-10-16,0.0,A,0.0
2020-10-17,0.0,A,0.0
2020-10-18,0.0,A,0.0
2020-10-19,0.0,A,0.0
2020-10-20,0.0,A,0.0
2020-10-21,0.0,A,0.0
2020-10-22,0.0,A,0.0
2020-10-23,0.0,A,0.0
2020-10-24,0.0,A,0.0
2020-10-25,0.0,A,0.0
2020-10-26,0.0,A,0.0
2020-10-27,0.0,A,0.0
2020-10-28,0.0,A,0.0
2020-10-29,0.0,A,0.0
2020-10-30,0.0,A,0.0
2020-10-31,0.0,A,0.0
2020-11-01,0.0,A,0.0
2020-11-02,0.0,A,0.0
2020-11-03,0.0,A,0.0
2020-11-04,0.0,A,0.0
2020-11-05,0.0,A,0.0
2020-11-06,0.0,A,0.0
2020-11-07,0.0,A,0.0
2020-11-08,0.0,A,0.0
2020-11-09,0.0,A,0.0
2020-11-10,0.0,A,0.0
2020-11-11,0.0,A,0.0
2020-11-12,0.0,A,0.0
2020-11-13,0.0,A,0.0
2020-11-14,0.0,A,0.0
2020-11-15,0.0,A,0.0
2020-11-16,0.0,A,0.0
2020-11-17,0.0,A,0.0
2020-11-18,0.0,A,0.0
2020-11-19,0.0,A,0.0
2020-11-20,0.0,A,0.0
2020-11-21,0.0,A,0.0
2020-11-22,0.0,A,0.0
2020-11-23,0.0,A,0.0
2020-11-24,0.0,A,0.0
2020-11-25,0.0,A,0.0
2020-11-26,0.0,A,0.0
2020-11-27,0.0,A,0.0
2020-11-28,0.0,A,0.0
2020-11-29,0.0,A,0.0
2020-11-30,0.0,A,0.0
2020-12-01,0.0,A,0.0
2020-12-02,0.0,A,0.0
2020-12-03,0.0,A,0.0
2020-12-04,0.0,A,0.0
2020-12-05,0.0,A,0.0
2020-12-06,0.0,A,0.0
2020-12-07,0.0,A,0.0
2020-12-08,0.0,A,0.0
2020-12-09,0.0,A,0.0
2020-12-10,0.0,A,0.0
2020-12-11,0.0,A,0.0
2020-12-12,0.0,A,0.0
2020-12-13,0.0,A,0.0
2020-12-14,0.0,A,0.0
2020-12-15,0.0,A,0.0
2020-12-16,0.0,A,0.0
2020-12-17,0.0,A,0.0
2020-12-18,0.0,A,0.0
2020-12-19,0.0,A,0.0
2020-12-20,0.0,A,0.0
2020-12-21,0.0,A,0.0
2020-12-22,0.0,A,0.0
2020-12-23,0.0,A,0.0
2020-12-24,0.0,A,0.0
2020-12-25,0.0,A,0.0
2020-12-26,0.0,A,0.0
2020-12-27,0.0,A,0.0
2020-12-28,0.0,A,0.0
2020-12-29,0.0,A,0.0
2020-12-30,0.0,A,0.0
2020-12-31,0.0,A,0.0
2021-01-01,0.0,A,0.0
2021-01-02,0.0,A,0.0
2021-01-03,0.0,A,0.0
2021-01-04,0.0,A,0.0
2021-01-05,0.0,A,0.0
2021-01-06,0.0,A,0.0
2021-01-07,0.0,A,0.0
2021-01-08,0.0,A,0.0
2021-01-09,0.0,A,0.0
2021-01-10,0.0,A,0.0
2021-01-11,0.0,A,0.0
2021-01-12,0.0,A,0.0
2021-01-13,0.0,A,0.0
2021-01-14,0.0,A,0.0
2021-01-15,0.0,A,0.0
2021-01-16,0.0,A,0.0
2021-01-17,0.0,A,0.0
2021-01-18,0.0,A,0.0
2021-01-19,0.0,A,0.0
2021-01-20,0.0,A,0.0
2021-01-21,0.0,A,0.0
2021-01-22,0.0,A,0.0
2021-01-23,0.0,A,0.0
2021-01-24,0.0,A,0.0
2021-01-25,0.0,A,0.0
2021-01-26,0.0,A,0.0
2021-01-27,0.0,A,0.0
2021-01-28,0.0,A,0.0
2021-01-29,0.0,A,0.0
2021-01-30,0.0,A,0.0
2021-01-31,0.0,A,0.0
2021-02-01,10.2,A,0.2888
2021-02-02,31.2,A,0.8835
2021-02-03,31.0,A,0.8778
2021-02-04,29.9,A,0.8467
2021-02-05,14.8,A,0.4191
2021-02-06,8.11,A,0.2296
2021-02-07,5.92,A,0.1676
2021-02-08,4.71,A,0.1334
2021-02-09,3.97,A,0.1124
2021-02-10,3.45,A,0.0977
2021-02-11,2.82,A,0.0799
2021-02-12,2.73,A,0.0773
2021-02-13,2.61,A,0.0739
2021-02-14,2.56,A,0.0725
2021-02-15,2.31,A,0.0654
2021-02-16,1.98,A,0.0561
2021-02-17,1.72,A,0.0487
2021-02-18,1.51,A,0.0428
2021-02-19,1.35,A,0.0382
2021-02-20,1.19,A,0.0337
2021-02-21,1.1,A,0.0311
2021-02-22,1.06,A,0.03
2021-02-23,1.03,A,0.0292
2021-02-24,0.94,A,0.0266
2021-02-25,0.88,A,0.0249
2021-02-26,0.87,A,0.0246
2021-02-27,0.98,A,0.0278
2021-02-28,1.08,A,0.0306
2021-03-01,1.07,A,0.0303
2021-03-02,1.1,A,0.0311
2021-03-03,0.77,A,0.0218
2021-03-04,0.73,A,0.0207
2021-03-05,0.75,A,0.0212
2021-03-06,0.63,A,0.0178
2021-03-07,0.53,A,0.015
2021-03-08,0.5,A,0.0142
2021-03-09,0.5,A,0.0142
2021-03-10,0.48,A,0.0136
2021-03-11,0.49,A,0.0139
2021-03-12,0.5,A,0.0142
2021-03-13,1.42,A,0.0402
2021-03-14,1.83,A,0.0518
2021-03-15,1.54,A,0.0436
2021-03-16,2.62,A,0.0742
2021-03-17,2.97,A,0.0841
2021-03-18,3.23,A,0.0915
2021-03-19,4.28,A,0.1212
2021-03-20,3.53,A,0.1
2021-03-21,2.9,A,0.0821
2021-03-22,2.23,A,0.0631
2021-03-23,1.93,A,0.0547
2021-03-24,1.9,A,0.0538
2021-03-25,2.33,A,0.066
2021-03-26,2.82,A,0.0799
2021-03-27,2.82,A,0.0799
2021-03-28,2.56,A,0.0725
2021-03-29,2.24,A,0.0634
2021-03-30,2.0,A,0.0566
2021-03-31,1.86,A,0.0527
2021-04-01,1.6,A,0.0453
2021-04-02,1.37,A,0.0388
2021-04-03,1.15,A,0.0326
2021-04-04,1.0,A,0.0283
2021-04-05,0.85,A,0.0241
2021-04-06,0.69,A,0.0195
2021-04-07,0.59,A,0.0167
2021-04-08,0.52,A,0.0147
2021-04-09,0.46,A,0.013
2021-04-10,0.41,A,0.0116
2021-04-11,0.35,A,0.0099
2021-04-12,0.31,A,0.0088
2021-04-13,0.27,A,0.0076
2021-04-14,0.24,A,0.0068
2021-04-15,0.23,A,0.0065
2021-04-16,0.24,A,0.0068
2021-04-17,0.17,A,0.0048
2021-04-18,0.17,A,0.0048
2021-04-19,0.15,A,0.0042
2021-04-20,0.13,A,0.0037
2021-04-21,0.12,A,0.0034
2021-04-22,0.1,A,0.0028
2021-04-23,0.08,A,0.0023
2021-04-24,0.07,A,0.002
2021-04-25,0.04,A,0.0011
2021-04-26,0.0,A,0.0
2021-04-27,0.0,A,0.0
2021-04-28,0.0,A,0.0
2021-04-29,0.0,A,0.0
2021-04-30,0.0,A,0.0
2021-05-01,0.0,A,0.0
2021-05-02,0.0,A,0.0
2021-05-03,0.0,A,0.0
2021-05-04,0.0,A,0.0
2021-05-05,0.0,A,0.0
2021-05-06,0.0,A,0.0
2021-05-07,0.0,A,0.0
2021-05-08,0.0,A,0.0
2021-05-09,0.0,A,0.0
2021-05-10,0.0,A,0.0
2021-05-11,0.0,A,0.0
2021-05-12,0.0,A,0.0
2021-05-13,0.0,A,0.0
2021-05-14,0.0,A,0.0
2021-05-15,0.0,A,0.0
2021-05-16,0.0,A,0.0
2021-05-17,0.0,A,0.0
2021-05-18,0.0,A,0.0
2021-05-19,0.0,A,0.0
2021-05-20,0.0,A,0.0
2021-05-21,0.0,A,0.0
2021-05-22,0.0,A,0.0
2021-05-23,0.0,A,0.0
2021-05-24,0.0,A,0.0
2021-05-25,0.0,A,0.0
2021-05-26,0.0,A,0.0
2021-05-27,0.0,A,0.0
2021-05-28,0.0,A,0.0
2021-05-29,0.0,A,0.0
2021-05-30,0.0,A,0.0
2021-05-31,0.0,A,0.0
2021-06-01,0.0,A,0.0
2021-06-02,0.0,A,0.0
2021-06-03,0.0,A,0.0
2021-06-04,0.0,A,0.0
2021-06-05,0.0,A,0.0
2021-06-06,0.0,A,0.0
2021-06-07,0.0,A,0.0
2021-06-08,0.0,A,0.0
2021-06-09,0.0,A,0.0
2021-06-10,0.0,A,0.0
2021-06-11,0.0,A,0.0
2021-06-12,0.0,A,0.0
2021-06-13,0.0,A,0.0
2021-06-14,0.0,A,0.0
2021-06-15,0.0,A,0.0
2021-06-16,0.0,A,0.0
2021-06-17,0.0,A,0.0
2021-06-18,0.0,A,0.0
2021-06-19,0.0,A,0.0
2021-06-20,0.0,A,0.0
2021-06-21,0.0,A,0.0
2021-06-22,0.0,A,0.0
2021-06-23,0.0,A,0.0
2021-06-24,0.0,A,0.0
2021-06-25,0.0,A,0.0
2021-06-26,0.0,A,0.0
2021-06-27,0.0,A,0.0
2021-06-28,0.0,A,0.0
2021-06-29,0.0,A,0.0
2021-06-30,0.0,A,0.0
2021-07-01,0.0,A,0.0
2021-07-02,0.0,A,0.0
2021-07-03,0.0,A,0.0
2021-07-04,0.0,A,0.0
2021-07-05,0.0,A,0.0
2021-07-06,0.0,A,0.0
2021-07-07,0.0,A,0.0
2021-07-08,0.0,A,0.0
2021-07-09,0.0,A,0.0
2021-07-10,0.0,A,0.0
2021-07-11,0.0,A,0.0
2021-07-12,0.0,A,0.0
2021-07-13,0.0,A,0.0
2021-07-14,0.0,A,0.0
2021-07-15,0.0,A,0.0
2021-07-16,0.0,A,0.0
2021-07-17,0.0,A,0.0
2021-07-18,0.0,A,0.0
2021-07-19,0.0,A,0.0
2021-07-20,0.0,A,0.0
2021-07-21,0.0,A,0.0
2021-07-22,0.0,A,0.0
2021-07-23,247.0,"A, e",6.9942
2021-07-24,259.0,A,7.3341
2021-07-25,970.0,A,27.4673
2021-07-26,138.0,A,3.9077
2021-07-27,236.0,A,6.6828
2021-07-28,128.0,A,3.6246
2021-07-29,67.9,A,1.9227
2021-07-30,108.0,A,3.0582
2021-07-31,173.0,A,4.8988
2021-08-01,63.4,A,1.7953
2021-08-02,32.6,A,0.9231
2021-08-03,21.9,A,0.6201
2021-08-04,14.3,A,0.4049
2021-08-05,10.2,A,0.2888
2021-08-06,8.92,A,0.2526
2021-08-07,8.98,A,0.2543
2021-08-08,6.22,A,0.1761
2021-08-09,6.95,A,0.1968
2021-08-10,262.0,A,7.419
2021-08-11,171.0,A,4.8422
2021-08-12,63.2,A,1.7896
2021-08-13,37.0,A,1.0477
2021-08-14,151.0,A,4.2758
2021-08-15,116.0,A,3.2847
2021-08-16,65.2,A,1.8463
2021-08-17,106.0,A,3.0016
2021-08-18,282.0,A,7.9853
2021-08-19,205.0,A,5.8049
2021-08-20,69.0,A,1.9539
2021-08-21,39.6,A,1.1213
2021-08-22,26.3,A,0.7447
2021-08-23,17.9,A,0.5069
2021-08-24,12.9,A,0.3653
2021-08-25,9.99,A,0.2829
2021-08-26,12.2,A,0.3455
2021-08-27,9.48,A,0.2684
2021-08-28,9.29,A,0.2631
2021-08-29,14.0,A,0.3964
2021-08-30,16.9,A,0.4786
2021-08-31,153.0,A,4.3325
2021-09-01,530.0,A,15.0079
2021-09-02,99.9,A,2.8288
2021-09-03,48.2,A,1.3649
2021-09-04,30.8,A,0.8722
2021-09-05,42.0,A,1.1893
2021-09-06,40.9,A,1.1582
2021-09-07,19.5,A,0.5522
2021-09-08,13.7,A,0.3879
2021-09-09,10.3,A,0.2917
2021-09-10,8.56,A,0.2424
2021-09-11,7.22,A,0.2044
2021-09-12,6.37,A,0.1804
2021-09-13,5.58,A,0.158
2021-09-14,4.87,A,0.1379
2021-09-15,4.17,A,0.1181
2021-09-16,3.56,A,0.1008
2021-09-17,3.24,A,0.0917
2021-09-18,2.97,A,0.0841
2021-09-19,2.53,A,0.0716
2021-09-20,2.23,A,0.0631
2021-09-21,1.98,A,0.0561
2021-09-22,1.68,A,0.0476
2021-09-23,1.7,A,0.0481
2021-09-24,1.64,A,0.0464
2021-09-25,2.81,A,0.0796
2021-09-26,34.9,A,0.9883
2021-09-27,11.2,A,0.3171
2021-09-28,7.86,A,0.2226
2021-09-29,6.69,A,0.1894
2021-09-30,11.0,A,0.3115
2021-10-01,11.6,A,0.3285
2021-10-02,7.08,A,0.2005
2021-10-03,5.24,A,0.1484
2021-10-04,4.28,A,0.1212
2021-10-05,3.86,A,0.1093
2021-10-06,3.68,A,0.1042
2021-10-07,3.12,A,0.0883
2021-10-08,2.6,A,0.0736
2021-10-09,2.21,A,0.0626
2021-10-10,1.92,A,0.0544
2021-10-11,1.69,A,0.0479
2021-10-12,1.41,A,0.0399
2021-10-13,1.29,A,0.0365
2021-10-14,1.26,A,0.0357
2021-10-15,1.2,A,0.034
2021-10-16,1.02,A,0.0289
2021-10-17,0.9,A,0.0255
2021-10-18,0.83,A,0.0235
2021-10-19,0.78,A,0.0221
2021-10-20,0.74,A,0.021
2021-10-21,0.67,A,0.019
2021-10-22,0.62,A,0.0176
2021-10-23,0.57,A,0.0161
2021-10-24,0.52,A,0.0147
2021-10-25,0.49,A,0.0139
2021-10-26,0.45,A,0.0127
2021-10-27,0.44,A,0.0125
2021-10-28,0.43,A,0.0122
2021-10-29,0.41,A,0.0116
2021-10-30,0.35,A,0.0099
2021-10-31,0.32,A,0.0091
2021-11-01,0.3,A,0.0085
2021-11-02,0.27,A,0.0076
2021-11-03,0.27,A,0.0076
2021-11-04,0.25,A,0.0071
2021-11-05,0.22,A,0.0062
2021-11-06,0.2,A,0.0057
2021-11-07,0.18,A,0.0051
2021-11-08,0.17,A,0.0048
2021-11-09,0.16,A,0.0045
2021-11-10,0.15,A,0.0042
2021-11-11,0.15,A,0.0042
2021-11-12,0.14,A,0.004
2021-11-13,0.13,A,0.0037
2021-11-14,0.11,A,0.0031
2021-11-15,0.09,A,0.0025
2021-11-16,0.08,A,0.0023
2021-11-17,0.07,A,0.002
2021-11-18,0.07,A,0.002
2021-11-19,0.07,A,0.002
2021-11-20,0.06,A,0.0017
2021-11-21,0.06,A,0.0017
2021-11-22,0.05,A,0.0014
2021-11-23,0.03,A,0.0008
2021-11-24,0.03,A,0.0008
2021-11-25,0.03,A,0.0008
2021-11-26,0.05,A,0.0014
2021-11-27,0.03,A,0.0008
2021-11-28,0.06,A,0.0017
2021-11-29,0.07,A,0.002
2021-11-30,0.06,A,0.0017
2021-12-01,0.05,A,0.0014
2021-12-02,0.05,A,0.0014
2021-12-03,0.04,A,0.0011
2021-12-04,0.04,A,0.0011
2021-12-05,0.05,A,0.0014
2021-12-06,0.05,A,0.0014
2021-12-07,0.05,A,0.0014
2021-12-08,0.06,A,0.0017
2021-12-09,0.07,A,0.002
2021-12-10,0.13,A,0.0037
2021-12-11,1.32,A,0.0374
2021-12-12,0.84,A,0.0238
2021-12-13,0.63,A,0.0178
2021-12-14,0.55,A,0.0156
2021-12-15,0.49,A,0.0139
2021-12-16,0.83,A,0.0235
2021-12-17,0.94,A,0.0266
2021-12-18,0.73,A,0.0207
2021-12-19,0.6,A,0.017
2021-12-20,0.52,A,0.0147
2021-12-21,0.45,A,0.0127
2021-12-22,0.39,A,0.011
2021-12-23,0.32,A,0.0091
2021-12-24,8.85,A,0.2506
2021-12-25,8.77,A,0.2483
2021-12-26,2.22,A,0.0629
2021-12-27,1.32,A,0.0374
2021-12-28,1.04,A,0.0294
2021-12-29,1.37,A,0.0388
2021-12-30,2.14,A,0.0606
2021-12-31,161.0,A,4.559
2022-01-01,456.0,A,12.9125
2022-01-02,91.3,A,2.5853
2022-01-03,57.4,A,1.6254
2022-01-04,46.0,A,1.3026
2022-01-05,39.9,A,1.1298
2022-01-06,42.7,A,1.2091
2022-01-07,42.1,A,1.1921
2022-01-08,37.2,A,1.0534
2022-01-09,29.2,A,0.8269
2022-01-10,24.1,A,0.6824
2022-01-11,20.8,A,0.589
2022-01-12,18.2,A,0.5154
2022-01-13,15.1,A,0.4276
2022-01-14,14.4,A,0.4078
2022-01-15,13.8,A,0.3908
2022-01-16,11.8,A,0.3341
2022-01-17,10.6,A,0.3002
2022-01-18,10.8,A,0.3058
2022-01-19,14.8,A,0.4191
2022-01-20,12.9,A,0.3653
2022-01-21,10.7,A,0.303
2022-01-22,9.36,A,0.265
2022-01-23,8.61,A,0.2438
2022-01-24,7.71,A,0.2183
2022-01-25,6.83,A,0.1934
2022-01-26,6.05,A,0.1713
2022-01-27,5.72,A,0.162
2022-01-28,4.97,A,0.1407
2022-01-29,4.42,A,0.1252
2022-01-30,4.34,A,0.1229
2022-01-31,4.05,A,0.1147
2022-02-01,3.65,A,0.1034
2022-02-02,3.55,A,0.1005
2022-02-03,3.35,A,0.0949
2022-02-04,2.83,A,0.0801
2022-02-05,2.67,A,0.0756
2022-02-06,2.52,A,0.0714
2022-02-07,2.34,A,0.0663
2022-02-08,2.38,A,0.0674
2022-02-09,2.2,A,0.0623
2022-02-10,2.1,A,0.0595
2022-02-11,2.03,A,0.0575
2022-02-12,2.01,A,0.0569
2022-02-13,1.96,A,0.0555
2022-02-14,1.76,A,0.0498
2022-02-15,1.67,A,0.0473
2022-02-16,1.67,A,0.0473
2022-02-17,1.86,A,0.0527
2022-02-18,1.63,A,0.0462
2022-02-19,1.61,A,0.0456
2022-02-20,1.58,A,0.0447
2022-02-21,1.52,A,0.043
2022-02-22,1.51,A,0.0428
2022-02-23,1.48,A,0.0419
2022-02-24,1.52,A,0.043
2022-02-25,1.44,A,0.0408
2022-02-26,1.47,A,0.0416
2022-02-27,1.46,A,0.0413
2022-02-28,1.34,A,0.0379
2022-03-01,1.25,A,0.0354
2022-03-02,1.24,A,0.0351
2022-03-03,1.23,A,0.0348
2022-03-04,1.17,A,0.0331
2022-03-05,1.22,A,0.0345
2022-03-06,1.2,A,0.034
2022-03-07,1.18,A,0.0334
2022-03-08,1.13,A,0.032
2022-03-09,1.1,A,0.0311
2022-03-10,1.05,A,0.0297
2022-03-11,1.12,A,0.0317
2022-03-12,1.11,A,0.0314
2022-03-13,1.08,A,0.0306
2022-03-14,1.09,A,0.0309
2022-03-15,1.05,A,0.0297
2022-03-16,1.01,A,0.0286
2022-03-17,0.97,A,0.0275
2022-03-18,0.95,A,0.0269
2022-03-19,0.94,A,0.0266
2022-03-20,0.95,A,0.0269
2022-03-21,1.17,A,0.0331
2022-03-22,1.52,A,0.043
2022-03-23,1.66,A,0.047
2022-03-24,1.44,A,0.0408
2022-03-25,1.26,A,0.0357
2022-03-26,1.14,A,0.0323
2022-03-27,1.11,A,0.0314
2022-03-28,1.13,A,0.032
2022-03-29,1.57,A,0.0445
2022-03-30,4.7,A,0.1331
2022-03-31,8.12,A,0.2299
2022-04-01,4.96,A,0.1405
2022-04-02,3.73,A,0.1056
2022-04-03,3.01,A,0.0852
2022-04-04,2.59,A,0.0733
2022-04-05,2.36,A,0.0668
2022-04-06,2.24,A,0.0634
2022-04-07,1.97,A,0.0558
2022-04-08,1.88,A,0.0532
2022-04-09,1.81,A,0.0513
2022-04-10,1.72,A,0.0487
2022-04-11,1.63,A,0.0462
2022-04-12,1.56,A,0.0442
2022-04-13,1.42,A,0.0402
2022-04-14,1.3,A,0.0368
2022-04-15,1.25,A,0.0354
2022-04-16,1.11,A,0.0314
2022-04-17,1.02,A,0.0289
2022-04-18,0.91,A,0.0258
2022-04-19,0.81,A,0.0229
2022-04-20,0.71,A,0.0201
2022-04-21,0.63,A,0.0178
2022-04-22,0.52,A,0.0147
2022-04-23,0.51,A,0.0144
2022-04-24,0.47,A,0.0133
2022-04-25,0.44,A,0.0125
2022-04-26,0.38,A,0.0108
2022-04-27,0.31,A,0.0088
2022-04-28,0.27,A,0.0076
2022-04-29,0.24,A,0.0068
2022-04-30,0.21,A,0.0059
2022-05-01,0.17,A,0.0048
2022-05-02,0.14,A,0.004
2022-05-03,0.13,A,0.0037
2022-05-04,0.12,A,0.0034
2022-05-05,0.09,A,0.0025
2022-05-06,0.07,A,0.002
2022-05-07,0.03,A,0.0008
2022-05-08,0.0,A,0.0
2022-05-09,0.0,A,0.0
2022-05-10,0.0,A,0.0
2022-05-11,0.0,A,0.0
2022-05-12,0.0,A,0.0
2022-05-13,0.0,A,0.0
2022-05-14,0.0,A,0.0
2022-05-15,0.0,A,0.0
2022-05-16,0.0,A,0.0
2022-05-17,0.0,A,0.0
2022-05-18,0.0,A,0.0
2022-05-19,0.0,A,0.0
2022-05-20,0.0,A,0.0
2022-05-21,0.0,A,0.0
2022-05-22,0.0,A,0.0
2022-05-23,0.0,A,0.0
2022-05-24,0.0,A,0.0
2022-05-25,0.0,A,0.0
2022-05-26,0.0,A,0.0
2022-05-27,0.0,A,0.0
2022-05-28,0.0,A,0.0
2022-05-29,0.0,A,0.0
2022-05-30,0.0,A,0.0
2022-05-31,0.0,A,0.0
2022-06-01,0.0,A,0.0
2022-06-02,0.0,A,0.0
2022-06-03,0.0,A,0.0
2022-06-04,0.0,A,0.0
2022-06-05,0.0,A,0.0
2022-06-06,0.0,A,0.0
2022-06-07,0.0,A,0.0
2022-06-08,0.0,A,0.0
2022-06-09,0.0,A,0.0
2022-06-10,0.0,A,0.0
2022-06-11,0.0,A,0.0
2022-06-12,0.0,A,0.0
2022-06-13,0.0,A,0.0
2022-06-14,0.0,A,0.0
2022-06-15,0.0,A,0.0
2022-06-16,0.0,A,0.0
2022-06-17,0.0,A,0.0
2022-06-18,0.0,A,0.0
2022-06-19,0.0,A,0.0
2022-06-20,0.0,A,0.0
2022-06-21,0.0,A,0.0
2022-06-22,0.0,A,0.0
2022-06-23,0.0,A,0.0
2022-06-24,0.0,A,0.0
2022-06-25,0.0,A,0.0
2022-06-26,0.0,A,0.0
2022-06-27,80.1,A,2.2682
2022-06-28,10.8,A,0.3058
2022-06-29,3.22,A,0.0912
2022-06-30,3.28,A,0.0929
2022-07-01,11.8,A,0.3341
2022-07-02,23.4,A,0.6626
2022-07-03,14.0,A,0.3964
2022-07-04,4.69,A,0.1328
2022-07-05,2.66,A,0.0753
2022-07-06,1.81,A,0.0513
2022-07-07,1.44,A,0.0408
2022-07-08,1.27,A,0.036
2022-07-09,1.09,A,0.0309
2022-07-10,0.75,A,0.0212
2022-07-11,0.23,A,0.0065
2022-07-12,0.01,A,0.0003
2022-07-13,6.07,A,0.1719
2022-07-14,3.23,A,0.0915
2022-07-15,1.86,A,0.0527
2022-07-16,1.38,A,0.0391
2022-07-17,1.23,A,0.0348
2022-07-18,1.1,A,0.0311
2022-07-19,0.7,A,0.0198
2022-07-20,0.19,A,0.0054
2022-07-21,0.01,A,0.0003
2022-07-22,0.0,A,0.0
2022-07-23,0.0,A,0.0
2022-07-24,0.0,A,0.0
2022-07-25,0.0,A,0.0
2022-07-26,0.0,A,0.0
2022-07-27,0.0,A,0.0
2022-07-28,0.18,A,0.0051
2022-07-29,44.5,A,1.2601
2022-07-30,13.7,A,0.3879
2022-07-31,98.4,A,2.7864
2022-08-01,77.9,A,2.2059
2022-08-02,15.2,A,0.4304
2022-08-03,9.98,A,0.2826
2022-08-04,24.8,A,0.7023
2022-08-05,15.1,A,0.4276
2022-08-06,8.48,A,0.2401
2022-08-07,7.56,A,0.2141
2022-08-08,129.0,A,3.6529
2022-08-09,377.0,A,10.6754
2022-08-10,65.3,A,1.8491
2022-08-11,166.0,A,4.7006
2022-08-12,523.0,A,14.8097
2022-08-13,238.0,A,6.7394
2022-08-14,124.0,A,3.5113
2022-08-15,54.7,A,1.5489
2022-08-16,32.1,A,0.909
2022-08-17,34.1,A,0.9656
2022-08-18,66.4,A,1.8802
2022-08-19,113.0,A,3.1998
2022-08-20,1250.0,A,35.396
2022-08-21,276.0,A,7.8154
2022-08-22,121.0,A,3.4263
2022-08-23,59.7,A,1.6905
2022-08-24,48.5,A,1.3734
2022-08-25,48.7,A,1.379
2022-08-26,34.8,A,0.9854
2022-08-27,28.0,A,0.7929
2022-08-28,28.9,A,0.8184
2022-08-29,17.6,A,0.4984
2022-08-30,10.7,"A, R",0.303
2022-08-31,9.94,"A, e",0.2815
2022-09-01,8.45,"A, R",0.2393
2022-09-02,7.57,"A, R",0.2144
2022-09-03,6.82,"A, R",0.1931
2022-09-04,7.17,"A, R",0.203
2022-09-05,9.82,"A, R",0.2781
2022-09-06,9.45,"A, R",0.2676
2022-09-07,9.31,"A, e",0.2636
2022-09-08,6.9,"A, R",0.1954
2022-09-09,7.03,"A, R",0.1991
2022-09-10,6.24,"A, R",0.1767
2022-09-11,6.24,"A, R",0.1767
2022-09-12,10.8,"A, R",0.3058
2022-09-13,7.27,"A, R",0.2059
2022-09-14,6.39,"A, R",0.1809
2022-09-15,6.8,"A, R",0.1926
2022-09-16,7.28,"A, R",0.2061
2022-09-17,6.67,"A, R",0.1889
2022-09-18,6.89,"A, R",0.1951
2022-09-19,6.96,"A, R",0.1971
2022-09-20,14.4,"A, R",0.4078
2022-09-21,44.5,"A, R",1.2601
2022-09-22,12.0,"A, e",0.3398
2022-09-23,7.69,"A, e",0.2178
2022-09-24,6.33,"A, e",0.1792
2022-09-25,5.21,"A, e",0.1475
2022-09-26,4.27,"A, e",0.1209
2022-09-27,3.53,"A, e",0.1
2022-09-28,3.37,"A, R",0.0954
2022-09-29,3.43,"A, e",0.0971
2022-09-30,3.25,"A, R",0.092
2022-10-01,5.11,"A, R",0.1447
2022-10-02,3.72,"A, R",0.1053
2022-10-03,3.07,"A, R",0.0869
2022-10-04,3.55,"A, e",0.1005
2022-10-05,4.66,"A, e",0.132
2022-10-06,4.87,"A, R",0.1379
2022-10-07,4.42,"A, R",0.1252
2022-10-08,5.01,"A, R",0.1419
2022-10-09,5.86,"A, R",0.1659
2022-10-10,6.71,"A, R",0.19
2022-10-11,7.77,"A, R",0.22
2022-10-12,7.3,"A, R",0.2067
2022-10-13,5.28,"A, R",0.1495
2022-10-14,6.81,"A, R",0.1928
2022-10-15,7.75,"A, e",0.2195
2022-10-16,25.9,"A, e",0.7334
2022-10-17,16.9,"A, e",0.4786
2022-10-18,9.9,"A, e",0.2803
2022-10-19,7.33,"A, e",0.2076
2022-10-20,5.26,"A, e",0.1489
2022-10-21,3.96,"A, R",0.1121
2022-10-22,3.68,"A, e",0.1042
2022-10-23,3.57,"A, R",0.1011
2022-10-24,3.55,"A, e",0.1005
2022-10-25,3.27,"A, e",0.0926
2022-10-26,2.86,"A, R",0.081
2022-10-27,2.66,"A, R",0.0753
2022-10-28,2.51,"A, R",0.0711
2022-10-29,2.47,"A, R",0.0699
2022-10-30,2.39,"A, R",0.0677
2022-10-31,2.35,"A, R",0.0665
2022-11-01,2.31,"A, R",0.0654
2022-11-02,2.3,"A, R",0.0651
2022-11-03,2.29,"A, R",0.0648
2022-11-04,2.32,"A, R",0.0657
2022-11-05,2.35,"A, R",0.0665
2022-11-06,2.28,"A, R",0.0646
2022-11-07,2.17,"A, R",0.0614
2022-11-08,2.17,"A, R",0.0614
2022-11-09,2.16,"A, R",0.0612
2022-11-10,2.21,"A, R",0.0626
2022-11-11,2.24,"A, R",0.0634
2022-11-12,2.15,"A, R",0.0609
2022-11-13,2.13,"A, R",0.0603
2022-11-14,2.25,"A, R",0.0637
2022-11-15,2.27,"A, R",0.0643
2022-11-16,2.26,"A, R",0.064
2022-11-17,2.24,"A, R",0.0634
2022-11-18,2.26,"A, R",0.064
2022-11-19,2.24,"A, R",0.0634
2022-11-20,2.23,"A, R",0.0631
2022-11-21,2.24,"A, R",0.0634
2022-11-22,2.23,"A, R",0.0631
2022-11-23,2.23,"A, R",0.0631
2022-11-24,2.24,"A, R",0.0634
2022-11-25,2.37,"A, R",0.0671
2022-11-26,2.36,"A, R",0.0668
2022-11-27,2.36,"A, R",0.0668
2022-11-28,2.35,"A, R",0.0665
2022-11-29,2.44,"A, R",0.0691
2022-11-30,2.5,"A, R",0.0708
2022-12-01,2.49,"A, R",0.0705
2022-12-02,2.49,"A, R",0.0705
2022-12-03,2.84,"A, R",0.0804
2022-12-04,131.0,"A, R",3.7095
2022-12-05,61.7,"A, R",1.7471
2022-12-06,17.7,"A, R",0.5012
2022-12-07,10.4,"A, R",0.2945
2022-12-08,8.15,"A, R",0.2308
2022-12-09,7.07,"A, R",0.2002
2022-12-10,6.32,"A, R",0.179
2022-12-11,5.77,"A, R",0.1634
2022-12-12,6.22,"A, R",0.1761
2022-12-13,7.08,"A, R",0.2005
2022-12-14,7.05,"A, R",0.1996
2022-12-15,6.58,"A, R",0.1863
2022-12-16,6.6,"A, R",0.1869
2022-12-17,6.16,"A, R",0.1744
2022-12-18,5.77,"A, R",0.1634
2022-12-19,5.72,"A, R",0.162
2022-12-20,5.59,"A, R",0.1583
2022-12-21,5.03,"A, R",0.1424
2022-12-22,4.68,"A, R",0.1325
2022-12-23,4.41,"A, R",0.1249
2022-12-24,4.2,"A, R",0.1189
2022-12-25,4.21,"A, R",0.1192
2022-12-26,4.22,"A, R",0.1195
2022-12-27,4.19,"A, R",0.1186
2022-12-28,5.25,"A, R",0.1487
2022-12-29,14.3,"A, R",0.4049
2022-12-30,44.2,"A, R",1.2516
2022-12-31,31.0,"A, R",0.8778
2023-01-01,256.0,"A, R",7.2491
2023-01-02,176.0,"A, R",4.9838
2023-01-03,79.1,"A, R",2.2399
2023-01-04,59.8,"A, R",1.6933
2023-01-05,57.1,"A, R",1.6169
2023-01-06,45.8,"A, R",1.2969
2023-01-07,42.7,"A, R",1.2091
2023-01-08,39.8,"A, R",1.127
2023-01-09,34.9,"A, R",0.9883
2023-01-10,29.8,"A, R",0.8438
2023-01-11,25.9,"A, R",0.7334
2023-01-12,21.6,"A, R",0.6116
2023-01-13,18.8,"A, R",0.5324
2023-01-14,18.4,"A, R",0.521
2023-01-15,101.0,"A, R",2.86
2023-01-16,867.0,"A, R",24.5507
2023-01-17,985.0,"A, R",27.892
2023-01-18,272.0,"A, R",7.7022
2023-01-19,139.0,"A, R",3.936
2023-01-20,94.1,"A, R",2.6646
2023-01-21,70.7,"A, R",2.002
2023-01-22,65.6,"A, R",1.8576
2023-01-23,60.1,"A, R",1.7018
2023-01-24,42.3,"A, R",1.1978
2023-01-25,35.4,"A, R",1.0024
2023-01-26,32.3,"A, R",0.9146
2023-01-27,26.1,"A, R",0.7391
2023-01-28,26.0,"A, R",0.7362
2023-01-29,24.1,"A, R",0.6824
2023-01-30,22.1,"A, R",0.6258
2023-01-31,20.4,"A, R",0.5777
2023-02-01,19.4,"A, R",0.5493
2023-02-02,17.6,"A, R",0.4984
2023-02-03,17.2,"A, R",0.487
2023-02-04,18.3,"A, R",0.5182
2023-02-05,23.5,"A, R",0.6654
2023-02-06,28.3,"A, R",0.8014
2023-02-07,22.6,"A, R",0.64
2023-02-08,18.3,"A, R",0.5182
2023-02-09,16.0,"A, R",0.4531
2023-02-10,13.5,"A, R",0.3823
2023-02-11,12.6,"A, R",0.3568
2023-02-12,11.3,"A, R",0.32
2023-02-13,12.2,"A, R",0.3455
2023-02-14,13.0,"A, R",0.3681
2023-02-15,12.0,"A, R",0.3398
2023-02-16,10.8,"A, R",0.3058
2023-02-17,11.8,"A, R",0.3341
2023-02-18,11.3,"A, R",0.32
2023-02-19,19.1,"A, R",0.5409
2023-02-20,27.6,"A, R",0.7815
2023-02-21,40.4,"A, R",1.144
2023-02-22,124.0,"A, R",3.5113
2023-02-23,100.0,"A, R",2.8317
2023-02-24,90.9,"A, R",2.574
2023-02-25,93.0,"A, R",2.6335
2023-02-26,91.8,"A, R",2.5995
2023-02-27,75.8,"A, R",2.1464
2023-02-28,75.5,"A, R",2.1379
2023-03-01,65.7,"A, R",1.8604
2023-03-02,67.5,"A, R",1.9114
2023-03-03,70.2,"A, R",1.9878
2023-03-04,84.7,"A, R",2.3984
2023-03-05,88.3,"A, R",2.5004
2023-03-06,82.7,"A, R",2.3418
2023-03-07,90.2,"A, R",2.5542
2023-03-08,87.6,"A, R",2.4806
2023-03-09,79.3,"A, R",2.2455
2023-03-10,70.0,"A, R",1.9822
2023-03-11,86.0,"A, R",2.4352
2023-03-12,93.0,"A, R",2.6335
2023-03-13,66.7,"A, R",1.8887
2023-03-14,51.9,"A, R",1.4696
2023-03-15,50.9,"A, R",1.4413
2023-03-16,114.0,"A, R",3.2281
2023-03-17,62.5,"A, R",1.7698
2023-03-18,43.6,"A, R",1.2346
2023-03-19,35.7,"A, R",1.0109
2023-03-20,31.0,"A, R",0.8778
2023-03-21,31.5,"A, R",0.892
2023-03-22,50.6,"A, R",1.4328
2023-03-23,56.9,"A, R",1.6112
2023-03-24,34.8,"A, R",0.9854
2023-03-25,25.3,"A, R",0.7164
2023-03-26,18.8,"A, R",0.5324
2023-03-27,14.8,"A, R",0.4191
2023-03-28,12.4,"A, R",0.3511
2023-03-29,11.0,"A, R",0.3115
2023-03-30,10.1,"A, R",0.286
2023-03-31,9.13,"A, R",0.2585
2023-04-01,8.26,"A, R",0.2339
2023-04-02,7.13,"A, R",0.2019
2023-04-03,6.98,"A, R",0.1977
2023-04-04,6.29,"A, R",0.1781
2023-04-05,5.96,"A, R",0.1688
2023-04-06,5.03,"A, R",0.1424
2023-04-07,4.43,"A, R",0.1254
2023-04-08,4.43,"A, R",0.1254
2023-04-09,4.23,"A, e",0.1198
2023-04-10,4.23,"A, e",0.1198
2023-04-11,5.5,"A, e",0.1557
2023-04-12,7.66,"A, R",0.2169
2023-04-13,7.63,"A, R",0.2161
2023-04-14,5.81,"A, R",0.1645
2023-04-15,4.35,"A, R",0.1232
2023-04-16,3.17,"A, e",0.0898
2023-04-17,2.42,"A, e",0.0685
2023-04-18,2.11,"A, e",0.0597
2023-04-19,1.9,"A, e",0.0538
2023-04-20,1.71,"A, R",0.0484
2023-04-21,1.54,"A, R",0.0436
2023-04-22,1.41,"A, R",0.0399
2023-04-23,1.27,"A, R",0.036
2023-04-24,1.21,"A, R",0.0343
2023-04-25,1.19,"A, R",0.0337
2023-04-26,1.17,"A, R",0.0331
2023-04-27,1.07,"A, R",0.0303
2023-04-28,1.04,"A, R",0.0294
2023-04-29,0.96,"A, R",0.0272
2023-04-30,0.94,"A, R",0.0266
2023-05-01,0.92,"A, R",0.0261
2023-05-02,0.91,"A, R",0.0258
2023-05-03,0.87,"A, R",0.0246
2023-05-04,0.85,"A, R",0.0241
2023-05-05,0.83,"A, R",0.0235
2023-05-06,0.79,"A, R",0.0224
2023-05-07,0.77,"A, R",0.0218
2023-05-08,0.75,"A, R",0.0212
2023-05-09,0.71,"A, R",0.0201
2023-05-10,0.7,"A, R",0.0198
2023-05-11,0.69,"A, R",0.0195
2023-05-12,0.66,"A, R",0.0187
2023-05-13,0.64,"A, R",0.0181
2023-05-14,0.62,"A, R",0.0176
2023-05-15,0.61,"A, R",0.0173
2023-05-16,0.65,"A, R",0.0184
2023-05-17,0.69,"A, R",0.0195
2023-05-18,0.84,"A, e",0.0238
2023-05-19,0.76,"A, e",0.0215
2023-05-20,0.68,"A, e",0.0193
2023-05-21,0.63,"A, e",0.0178
2023-05-22,0.57,"A, e",0.0161
2023-05-23,0.56,"A, R",0.0159
2023-05-24,0.54,"A, R",0.0153
2023-05-25,0.52,"A, R",0.0147
2023-05-26,0.49,"A, R",0.0139
2023-05-27,0.47,"A, R",0.0133
2023-05-28,0.47,"A, e",0.0133
2023-05-29,0.38,"A, e",0.0108
2023-05-30,0.18,"A, e",0.0051
2023-05-31,0.02,"A, e",0.0006
2023-06-01,0.0,"A, R",0.0
2023-06-02,0.0,"A, R",0.0
2023-06-03,0.0,"A, R",0.0
2023-06-04,0.0,"A, R",0.0
2023-06-05,0.0,"A, R",0.0
2023-06-06,0.0,"A, R",0.0
2023-06-07,0.0,"A, R",0.0
2023-06-08,0.0,"A, R",0.0
2023-06-09,0.0,"A, R",0.0
2023-06-10,0.0,"A, R",0.0
2023-06-11,0.0,"A, R",0.0
2023-06-12,0.0,"A, R",0.0
2023-06-13,0.0,"A, R",0.0
2023-06-14,0.0,"A, R",0.0
2023-06-15,0.0,"A, R",0.0
2023-06-16,0.0,"A, R",0.0
2023-06-17,0.0,"A, R",0.0
2023-06-18,0.0,"A, R",0.0
2023-06-19,0.0,"A, R",0.0
2023-06-20,0.0,"A, R",0.0
2023-06-21,0.0,"A, R",0.0
2023-06-22,0.0,"A, R",0.0
2023-06-23,0.0,"A, R",0.0
2023-06-24,0.0,"A, R",0.0
2023-06-25,0.0,"A, R",0.0
2023-06-26,0.0,"A, R",0.0
2023-06-27,0.0,"A, R",0.0
2023-06-28,0.0,"A, R",0.0
2023-06-29,0.0,"A, R",0.0
2023-06-30,0.0,"A, R",0.0
2023-07-01,0.0,"A, R",0.0
2023-07-02,0.0,"A, R",0.0
2023-07-03,0.0,"A, R",0.0
2023-07-04,0.0,"A, R",0.0
2023-07-05,0.0,"A, R",0.0
2023-07-06,0.0,"A, R",0.0
2023-07-07,0.0,"A, R",0.0
2023-07-08,0.0,"A, R",0.0
2023-07-09,0.0,"A, R",0.0
2023-07-10,0.0,"A, R",0.0
2023-07-11,0.0,"A, R",0.0
2023-07-12,0.0,"A, R",0.0
2023-07-13,0.0,"A, R",0.0
2023-07-14,0.0,"A, R",0.0
2023-07-15,0.0,"A, R",0.0
2023-07-16,0.0,"A, R",0.0
2023-07-17,0.0,"A, R",0.0
2023-07-18,0.0,"A, R",0.0
2023-07-19,0.0,"A, R",0.0
2023-07-20,0.0,"A, R",0.0
2023-07-21,0.0,"A, R",0.0
2023-07-22,0.0,"A, R",0.0
2023-07-23,0.0,"A, R",0.0
2023-07-24,0.0,"A, R",0.0
2023-07-25,0.0,"A, R",0.0
2023-07-26,0.0,"A, R",0.0
2023-07-27,0.0,"A, R",0.0
2023-07-28,0.0,"A, R",0.0
2023-07-29,0.0,"A, R",0.0
2023-07-30,0.0,"A, R",0.0
2023-07-31,0.0,"A, R",0.0
2023-08-01,0.0,"A, R",0.0
2023-08-02,0.0,"A, R",0.0
2023-08-03,0.0,"A, R",0.0
2023-08-04,0.0,"A, R",0.0
2023-08-05,0.0,"A, R",0.0
2023-08-06,0.0,"A, R",0.0
2023-08-07,0.0,"A, R",0.0
2023-08-08,0.0,"A, R",0.0
2023-08-09,0.0,"A, R",0.0
2023-08-10,0.0,"A, R",0.0
2023-08-11,0.0,"A, R",0.0
2023-08-12,0.0,"A, R",0.0
2023-08-13,0.0,"A, R",0.0
2023-08-14,0.0,"A, R",0.0
2023-08-15,0.0,"A, R",0.0
2023-08-16,0.0,"A, R",0.0
2023-08-17,0.0,"A, R",0.0
2023-08-18,0.0,"A, R",0.0
2023-08-19,0.0,"A, R",0.0
2023-08-20,0.0,"A, R",0.0
2023-08-21,0.0,"A, R",0.0
2023-08-22,0.0,"A, R",0.0
2023-08-23,0.0,"A, R",0.0
2023-08-24,0.0,"A, R",0.0
2023-08-25,0.0,"A, R",0.0
2023-08-26,0.0,"A, R",0.0
2023-08-27,0.0,"A, R",0.0
2023-08-28,0.0,"A, R",0.0
2023-08-29,0.0,"A, R",0.0
2023-08-30,0.0,"A, R",0.0
2023-08-31,0.0,"A, R",0.0
2023-09-01,0.0,"A, R",0.0
2023-09-02,0.0,"A, R",0.0
2023-09-03,0.0,"A, R",0.0
2023-09-04,0.0,"A, R",0.0
2023-09-05,0.0,"A, R",0.0
2023-09-06,0.0,"A, R",0.0
2023-09-07,0.0,"A, R",0.0
2023-09-08,0.0,"A, R",0.0
2023-09-09,0.0,"A, R",0.0
2023-09-10,0.0,"A, R",0.0
2023-09-11,0.0,"A, R",0.0
2023-09-12,0.0,"A, R",0.0
2023-09-13,0.0,"A, R",0.0
2023-09-14,0.0,"A, R",0.0
2023-09-15,0.0,"A, R",0.0
2023-09-16,0.0,"A, R",0.0
2023-09-17,0.0,"A, R",0.0
2023-09-18,0.0,"A, R",0.0
2023-09-19,0.0,"A, R",0.0
2023-09-20,0.0,"A, R",0.0
2023-09-21,0.0,"A, R",0.0
2023-09-22,0.0,"A, R",0.0
2023-09-23,0.0,"A, R",0.0
2023-09-24,0.0,"A, R",0.0
2023-09-25,0.0,"A, R",0.0
2023-09-26,0.0,"A, R",0.0
2023-09-27,0.0,"A, R",0.0
2023-09-28,0.0,"A, R",0.0
2023-09-29,0.0,"A, R",0.0
2023-09-30,0.0,"A, R",0.0
2023-10-01,0.0,"A, R",0.0
2023-10-02,0.0,"A, R",0.0
2023-10-03,0.0,"A, R",0.0
2023-10-04,0.0,"A, R",0.0
2023-10-05,0.0,"A, R",0.0
2023-10-06,0.0,"A, R",0.0
2023-10-07,0.0,"A, R",0.0
2023-10-08,0.0,"A, R",0.0
2023-10-09,0.0,"A, R",0.0
2023-10-10,0.0,"A, R",0.0
2023-10-11,0.0,"A, R",0.0
2023-10-12,0.0,"A, R",0.0
2023-10-13,0.0,"A, R",0.0
2023-10-14,0.0,"A, R",0.0
2023-10-15,0.0,"A, R",0.0
2023-10-16,0.0,"A, R",0.0
2023-10-17,0.0,"A, R",0.0
2023-10-18,0.0,"A, R",0.0
2023-10-19,0.0,"A, R",0.0
2023-10-20,0.0,"A, R",0.0
2023-10-21,0.0,"A, R",0.0
2023-10-22,0.0,"A, R",0.0
2023-10-23,0.0,"A, R",0.0
2023-10-24,0.0,"A, R",0.0
2023-10-25,0.0,"A, R",0.0
2023-10-26,0.0,"A, R",0.0
2023-10-27,0.0,"A, R",0.0
2023-10-28,0.0,"A, R",0.0
2023-10-29,0.0,"A, R",0.0
2023-10-30,0.0,"A, R",0.0
2023-10-31,0.0,"A, R",0.0
2023-11-01,0.0,"A, R",0.0
2023-11-02,0.0,"A, R",0.0
2023-11-03,0.0,"A, R",0.0
2023-11-04,0.0,"A, R",0.0
2023-11-05,0.0,"A, R",0.0
2023-11-06,0.0,"A, R",0.0
2023-11-07,0.0,"A, R",0.0
2023-11-08,0.0,"A, R",0.0
2023-11-09,0.0,"A, R",0.0
2023-11-10,0.0,"A, R",0.0
2023-11-11,0.0,"A, R",0.0
2023-11-12,0.0,"A, R",0.0
2023-11-13,0.0,"A, R",0.0
2023-11-14,0.0,"A, R",0.0
2023-11-15,0.0,"A, R",0.0
2023-11-16,0.0,"A, R",0.0
2023-11-17,0.0,"A, R",0.0
2023-11-18,0.0,"A, R",0.0
2023-11-19,0.0,"A, R",0.0
2023-11-20,0.0,"A, R",0.0
2023-11-21,0.0,"A, R",0.0
2023-11-22,0.0,"A, R",0.0
2023-11-23,0.0,"A, R",0.0
2023-11-24,0.0,"A, R",0.0
2023-11-25,0.0,"A, R",0.0
2023-11-26,0.0,"A, R",0.0
2023-11-27,0.0,"A, R",0.0
2023-11-28,0.0,"A, R",0.0
2023-11-29,0.0,"A, R",0.0
2023-11-30,0.0,"A, R",0.0
2023-12-01,0.0,"A, R",0.0
2023-12-02,0.0,"A, R",0.0
2023-12-03,0.0,"A, R",0.0
2023-12-04,0.0,"A, R",0.0
2023-12-05,0.0,"A, R",0.0
2023-12-06,0.0,"A, R",0.0
2023-12-07,0.0,"A, R",0.0
2023-12-08,0.0,"A, R",0.0
2023-12-09,0.0,"A, R",0.0
2023-12-10,0.0,"A, R",0.0
2023-12-11,0.0,"A, R",0.0
2023-12-12,0.0,"A, R",0.0
2023-12-13,0.0,"A, R",0.0
2023-12-14,0.0,"A, R",0.0
2023-12-15,0.0,"A, R",0.0
2023-12-16,0.0,"A, R",0.0
2023-12-17,0.0,"A, R",0.0
2023-12-18,0.0,"A, R",0.0
2023-12-19,0.0,"A, R",0.0
2023-12-20,0.0,"A, R",0.0
2023-12-21,0.0,"A, R",0.0
2023-12-22,0.0,"A, R",0.0
2023-12-23,23.6,"A, R",0.6683
2023-12-24,3.11,"A, R",0.0881
2023-12-25,1.05,"A, R",0.0297
2023-12-26,0.83,"A, R",0.0235
2023-12-27,0.74,"A, R",0.021
2023-12-28,0.66,"A, R",0.0187
2023-12-29,0.63,"A, R",0.0178
2023-12-30,0.59,"A, R",0.0167
2023-12-31,0.59,"A, R",0.0167
2024-01-01,0.57,"A, R",0.0161
2024-01-02,0.51,"A, R",0.0144
2024-01-03,0.49,"A, R",0.0139
2024-01-04,0.54,"A, R",0.0153
2024-01-05,0.54,"A, R",0.0153
2024-01-06,0.54,"A, R",0.0153
2024-01-07,0.55,"A, R",0.0156
2024-01-08,0.57,"A, R",0.0161
2024-01-09,0.58,"A, R",0.0164
2024-01-10,0.58,"A, R",0.0164
2024-01-11,0.55,"A, R",0.0156
2024-01-12,0.61,"A, R",0.0173
2024-01-13,0.69,"A, R",0.0195
2024-01-14,0.63,"A, R",0.0178
2024-01-15,0.58,"A, R",0.0164
2024-01-16,0.6,"A, R",0.017
2024-01-17,0.63,"A, R",0.0178
2024-01-18,0.63,"A, R",0.0178
2024-01-19,0.65,"A, R",0.0184
2024-01-20,0.74,"A, R",0.021
2024-01-21,25.9,"A, R",0.7334
2024-01-22,67.6,"A, R",1.9142
2024-01-23,128.0,"A, R",3.6246
2024-01-24,73.5,"A, R",2.0813
2024-01-25,38.4,"A, R",1.0874
2024-01-26,28.6,"A, R",0.8099
2024-01-27,20.8,"A, R",0.589
2024-01-28,16.0,"A, R",0.4531
2024-01-29,13.3,"A, R",0.3766
2024-01-30,12.5,"A, R",0.354
2024-01-31,11.8,"A, R",0.3341
2024-02-01,12.1,"A, R",0.3426
2024-02-02,47.5,"A, R",1.345
2024-02-03,56.3,"A, R",1.5942
2024-02-04,41.5,"A, R",1.1751
2024-02-05,39.1,"A, R",1.1072
2024-02-06,39.5,"A, R",1.1185
2024-02-07,115.0,"A, R",3.2564
2024-02-08,87.7,"A, R",2.4834
2024-02-09,92.9,"A, R",2.6306
2024-02-10,71.4,"A, R",2.0218
2024-02-11,55.2,"A, R",1.5631
2024-02-12,51.7,"A, R",1.464
2024-02-13,56.1,"A, R",1.5886
2024-02-14,52.6,"A, R",1.4895
2024-02-15,52.1,"A, R",1.4753
2024-02-16,53.7,"A, R",1.5206
2024-02-17,57.4,"A, R",1.6254
2024-02-18,57.4,"A, R",1.6254
2024-02-19,53.3,"A, R",1.5093
2024-02-20,47.4,"A, R",1.3422
2024-02-21,45.6,"A, R",1.2912
2024-02-22,40.8,"A, R",1.1553
2024-02-23,32.6,"A, R",0.9231
2024-02-24,28.0,"A, R",0.7929
2024-02-25,26.5,"A, R",0.7504
2024-02-26,31.5,"A, R",0.892
2024-02-27,29.9,"A, R",0.8467
2024-02-28,30.2,"A, R",0.8552
2024-02-29,41.7,"A, R",1.1808
2024-03-01,27.8,"A, R",0.7872
2024-03-02,20.3,"A, R",0.5748
2024-03-03,15.0,"A, R",0.4248
2024-03-04,13.1,"A, R",0.371
2024-03-05,12.6,"A, R",0.3568
2024-03-06,10.6,"A, R",0.3002
2024-03-07,10.5,"A, R",0.2973
2024-03-08,16.0,"A, R",0.4531
2024-03-09,22.8,"A, R",0.6456
2024-03-10,18.5,"A, R",0.5239
2024-03-11,18.6,"A, R",0.5267
2024-03-12,14.5,"A, R",0.4106
2024-03-13,12.1,"A, R",0.3426
2024-03-14,12.1,"A, R",0.3426
2024-03-15,15.1,"A, R",0.4276
2024-03-16,21.0,"A, R",0.5947
2024-03-17,18.2,"A, R",0.5154
2024-03-18,17.0,"A, R",0.4814
2024-03-19,14.1,"A, R",0.3993
2024-03-20,9.36,"A, R",0.265
2024-03-21,8.31,"A, R",0.2353
2024-03-22,8.53,"A, R",0.2415
2024-03-23,6.93,"A, R",0.1962
2024-03-24,9.98,"A, R",0.2826
2024-03-25,20.6,"A, R",0.5833
2024-03-26,24.5,"A, R",0.6938
2024-03-27,31.0,"A, R",0.8778
2024-03-28,44.3,"A, R",1.2544
2024-03-29,42.1,"A, R",1.1921
2024-03-30,34.3,"A, R",0.9713
2024-03-31,51.7,"A, R",1.464
2024-04-01,144.0,"A, R",4.0776
2024-04-02,154.0,"A, R",4.3608
2024-04-03,146.0,"A, R",4.1343
2024-04-04,116.0,"A, R",3.2847
2024-04-05,75.6,"A, R",2.1408
2024-04-06,54.6,"A, R",1.5461
2024-04-07,45.2,"A, R",1.2799
2024-04-08,35.7,"A, R",1.0109
2024-04-09,30.6,"A, R",0.8665
2024-04-10,27.9,"A, R",0.79
2024-04-11,23.7,"A, R",0.6711
2024-04-12,19.7,"A, R",0.5578
2024-04-13,18.7,"A, R",0.5295
2024-04-14,16.3,"A, R",0.4616
2024-04-15,16.5,"A, R",0.4672
2024-04-16,18.2,"A, R",0.5154
2024-04-17,12.6,"A, R",0.3568
2024-04-18,10.8,"A, R",0.3058
2024-04-19,9.71,"A, R",0.275
2024-04-20,9.46,"A, R",0.2679
2024-04-21,11.0,"A, R",0.3115
2024-04-22,9.72,"A, R",0.2752
2024-04-23,9.22,"A, e",0.2611
2024-04-24,8.71,"A, e",0.2466
2024-04-25,8.07,"A, e",0.2285
2024-04-26,7.22,"A, e",0.2044
2024-04-27,5.85,"A, R",0.1657
2024-04-28,4.74,"A, R",0.1342
2024-04-29,3.71,"A, e",0.1051
2024-04-30,3.27,"A, e",0.0926
2024-05-01,3.07,"A, e",0.0869
2024-05-02,2.9,"A, R",0.0821
2024-05-03,2.37,"A, R",0.0671
2024-05-04,1.79,"A, R",0.0507
2024-05-05,1.45,"A, R",0.0411
2024-05-06,1.21,"A, R",0.0343
2024-05-07,0.97,"A, R",0.0275
2024-05-08,0.84,"A, R",0.0238
2024-05-09,0.71,"A, R",0.0201
2024-05-10,0.63,"A, R",0.0178
2024-05-11,0.53,"A, R",0.015
2024-05-12,0.51,"A, R",0.0144
2024-05-13,0.51,"A, R",0.0144
2024-05-14,0.41,"A, R",0.0116
2024-05-15,0.35,"A, R",0.0099
2024-05-16,0.34,"A, R",0.0096
2024-05-17,0.26,"A, R",0.0074
2024-05-18,0.24,"A, R",0.0068
2024-05-19,0.21,"A, R",0.0059
2024-05-20,0.19,"A, R",0.0054
2024-05-21,0.17,"A, R",0.0048
2024-05-22,0.13,"A, R",0.0037
2024-05-23,0.1,"A, R",0.0028
2024-05-24,0.06,"A, R",0.0017
2024-05-25,0.03,"A, R",0.0008
2024-05-26,0.01,"A, R",0.0003
2024-05-27,0.01,"A, R",0.0003
2024-05-28,0.0,"A, R",0.0
2024-05-29,0.0,"A, R",0.0
2024-05-30,0.0,"A, R",0.0
2024-05-31,0.0,"A, R",0.0
2024-06-01,0.0,"A, R",0.0
2024-06-02,0.0,"A, R",0.0
2024-06-03,0.0,"A, R",0.0
2024-06-04,0.0,"A, R",0.0
2024-06-05,0.0,"A, R",0.0
2024-06-06,0.0,"A, R",0.0
2024-06-07,0.0,"A, R",0.0
2024-06-08,0.0,"A, e",0.0
2024-06-09,0.0,"A, e",0.0
2024-06-10,0.0,"A, R",0.0
2024-06-11,0.0,"A, R",0.0
2024-06-12,0.0,"A, R",0.0
2024-06-13,0.0,"A, R",0.0
2024-06-14,0.0,"A, R",0.0
2024-06-15,0.0,"A, R",0.0
2024-06-16,0.0,"A, R",0.0
2024-06-17,0.0,"A, R",0.0
2024-06-18,0.0,"A, R",0.0
2024-06-19,0.0,"A, R",0.0
2024-06-20,0.0,"A, R",0.0
2024-06-21,0.0,"A, R",0.0
2024-06-22,0.0,"A, R",0.0
2024-06-23,7.84,"A, e",0.222
2024-06-24,3.38,"A, e",0.0957
2024-06-25,1.06,"A, R",0.03
2024-06-26,1.63,"A, e",0.0462
2024-06-27,0.86,"A, R",0.0244
2024-06-28,1.01,"A, e",0.0286
2024-06-29,0.84,"A, e",0.0238
2024-06-30,0.57,"A, e",0.0161
2024-07-01,0.37,"A, e",0.0105
2024-07-02,0.2,"A, e",0.0057
2024-07-03,0.01,"A, e",0.0003
2024-07-04,0.0,"A, R",0.0
2024-07-05,0.0,"A, R",0.0
2024-07-06,0.0,"A, R",0.0
2024-07-07,0.0,"A, R",0.0
2024-07-08,0.0,"A, R",0.0
2024-07-09,0.0,"A, R",0.0
2024-07-10,0.0,"A, R",0.0
2024-07-11,0.0,"A, R",0.0
2024-07-12,0.0,"A, R",0.0
2024-07-13,0.0,"A, R",0.0
2024-07-14,0.0,"A, R",0.0
2024-07-15,0.0,"A, R",0.0
2024-07-16,0.0,"A, R",0.0
2024-07-17,0.0,"A, R",0.0
2024-07-18,17.3,"A, R",0.4899
2024-07-19,46.9,"A, R",1.3281
2024-07-20,8.35,"A, R",0.2364
2024-07-21,12.2,"A, R",0.3455
2024-07-22,33.6,"A, e",0.9514
2024-07-23,12.3,"A, e",0.3483
2024-07-24,8.71,"A, e",0.2466
2024-07-25,6.18,"A, e",0.175
2024-07-26,4.38,"A, e",0.124
2024-07-27,3.1,"A, e",0.0878
2024-07-28,2.2,"A, e",0.0623
2024-07-29,1.59,"A, e",0.045
2024-07-30,1.17,"A, R",0.0331
2024-07-31,1.04,"A, R",0.0294
2024-08-01,0.97,"A, R",0.0275
2024-08-02,0.86,"A, R",0.0244
2024-08-03,0.83,"A, R",0.0235
2024-08-04,0.86,"A, R",0.0244
2024-08-05,0.81,"A, R",0.0229
2024-08-06,0.72,"A, R",0.0204
2024-08-07,0.71,"A, R",0.0201
2024-08-08,0.65,"A, R",0.0184
2024-08-09,0.64,"A, R",0.0181
2024-08-10,1.24,"A, R",0.0351
2024-08-11,1.05,"A, R",0.0297
2024-08-12,0.8,"A, R",0.0227
2024-08-13,12.5,"A, R",0.354
2024-08-14,5.42,"A, R",0.1535
2024-08-15,1.18,"A, R",0.0334
2024-08-16,0.75,"A, R",0.0212
2024-08-17,0.73,"A, R",0.0207
2024-08-18,0.93,"A, R",0.0263
2024-08-19,0.98,"A, R",0.0278
2024-08-20,0.84,"A, R",0.0238
2024-08-21,0.72,"A, e",0.0204
2024-08-22,0.64,"A, e",0.0181
2024-08-23,0.57,"A, e",0.0161
2024-08-24,0.52,"A, e",0.0147
2024-08-25,0.47,"A, e",0.0133
2024-08-26,0.42,"A, e",0.0119
2024-08-27,0.38,"A, e",0.0108
2024-08-28,0.34,"A, e",0.0096
2024-08-29,0.31,"A, e",0.0088
2024-08-30,0.26,"A, e",0.0074
2024-08-31,0.23,"A, R",0.0065
2024-09-01,0.12,"A, R",0.0034
2024-09-02,0.02,"A, R",0.0006
2024-09-03,0.0,"A, R",0.0
2024-09-04,0.0,"A, R",0.0
2024-09-05,0.0,"A, R",0.0
2024-09-06,0.0,"A, R",0.0
2024-09-07,0.0,"A, R",0.0
2024-09-08,0.0,"A, R",0.0
2024-09-09,0.0,"A, R",0.0
2024-09-10,0.0,"A, R",0.0
2024-09-11,0.0,"A, R",0.0
2024-09-12,0.0,"A, R",0.0
2024-09-13,0.0,"A, R",0.0
2024-09-14,0.0,"A, R",0.0
2024-09-15,0.0,"A, R",0.0
2024-09-16,0.0,"A, R",0.0
2024-09-17,0.0,"A, R",0.0
2024-09-18,0.0,"A, R",0.0
2024-09-19,0.0,"A, R",0.0
2024-09-20,0.0,"A, R",0.0
2024-09-21,0.0,"A, R",0.0
2024-09-22,0.0,"A, R",0.0
2024-09-23,0.0,"A, R",0.0
2024-09-24,0.0,"A, R",0.0
2024-09-25,0.0,"A, R",0.0
2024-09-26,0.0,"A, R",0.0
2024-09-27,0.0,"A, R",0.0
2024-09-28,0.0,"A, R",0.0
2024-09-29,0.0,"A, R",0.0
2024-09-30,0.0,"A, R",0.0
2024-10-01,0.0,"A, R",0.0
2024-10-02,0.0,P,0.0
2024-10-03,0.0,"A, R",0.0
2024-10-04,0.0,"A, R",0.0
2024-10-05,0.0,"A, R",0.0
2024-10-06,0.0,"A, R",0.0
2024-10-07,0.0,"A, R",0.0
2024-10-08,0.0,"A, R",0.0
2024-10-09,0.0,"A, R",0.0
2024-10-10,0.0,"A, R",0.0
2024-10-11,0.0,"A, R",0.0
2024-10-12,0.0,"A, R",0.0
2024-10-13,0.0,"A, R",0.0
2024-10-14,0.0,"A, R",0.0
2024-10-15,0.0,"A, R",0.0
2024-10-16,0.0,"A, R",0.0
2024-10-17,0.0,"A, R",0.0
2024-10-18,0.0,"A, R",0.0
2024-10-19,0.0,"A, R",0.0
2024-10-20,0.0,"A, R",0.0
2024-10-21,0.0,"A, R",0.0
2024-10-22,0.0,"A, R",0.0
2024-10-23,0.0,"A, R",0.0
2024-10-24,0.0,"A, R",0.0
2024-10-25,0.0,"A, R",0.0
2024-10-26,0.0,"A, R",0.0
2024-10-27,0.0,"A, R",0.0
2024-10-28,0.0,"A, R",0.0
2024-10-29,0.0,"A, R",0.0
2024-10-30,0.0,"A, R",0.0
2024-10-31,0.0,"A, R",0.0
2024-11-01,0.0,"A, R",0.0
2024-11-02,0.0,"A, R",0.0
2024-11-03,0.0,"A, R",0.0
2024-11-04,0.0,"A, R",0.0
2024-11-05,0.0,"A, R",0.0
2024-11-06,0.0,"A, R",0.0
2024-11-07,0.0,"A, R",0.0
2024-11-08,0.0,"A, R",0.0
2024-11-09,0.0,"A, R",0.0
2024-11-10,0.0,"A, R",0.0
2024-11-11,0.0,"A, R",0.0
2024-11-12,0.0,"A, R",0.0
2024-11-13,0.0,"A, R",0.0
2024-11-14,0.0,"A, R",0.0
2024-11-15,0.0,"A, R",0.0
2024-11-16,0.0,A,0.0
2024-11-17,0.0,A,0.0
2024-11-18,0.0,A,0.0
2024-11-19,0.0,A,0.0
2024-11-20,0.0,A,0.0
2024-11-21,0.0,A,0.0
2024-11-22,0.0,A,0.0
2024-11-23,0.0,A,0.0
2024-11-24,0.0,A,0.0
2024-11-25,0.0,A,0.0
2024-11-26,0.0,A,0.0
2024-11-27,0.0,A,0.0
2024-11-28,0.0,A,0.0
2024-11-29,0.0,A,0.0
2024-11-30,0.0,A,0.0
2024-12-01,0.0,A,0.0
2024-12-02,0.0,A,0.0
2024-12-03,0.0,A,0.0
2024-12-04,0.0,A,0.0
2024-12-05,0.0,A,0.0
2024-12-06,0.0,A,0.0
2024-12-07,0.0,A,0.0
2024-12-08,0.0,A,0.0
2024-12-09,0.0,A,0.0
2024-12-10,0.0,A,0.0
2024-12-11,0.0,A,0.0
2024-12-12,0.0,A,0.0
2024-12-13,0.0,A,0.0
2024-12-14,0.0,A,0.0
2024-12-15,0.0,A,0.0
2024-12-16,0.0,A,0.0
2024-12-17,0.0,A,0.0
2024-12-18,0.0,A,0.0
2024-12-19,0.0,A,0.0
2024-12-20,0.0,A,0.0
2024-12-21,0.0,A,0.0
2024-12-22,0.0,A,0.0
2024-12-23,0.0,A,0.0
2024-12-24,0.0,A,0.0
2024-12-25,0.0,A,0.0
2024-12-26,0.0,A,0.0
2024-12-27,0.0,A,0.0
2024-12-28,0.0,A,0.0
2024-12-29,0.0,A,0.0
2024-12-30,0.0,A,0.0
2024-12-31,0.0,A,0.0
