site_no,station_name,latitude,longitude,land_surface_elev_ft,well_depth_ft,hole_depth_ft,aquifer_code,county_code,land_surface_elev_m,well_depth_m
320000110555701,D-16-14 32BAA1,32.00008084,-110.9331455,2673.0,61.0,61.0,120VLCC,19,814.73,18.59
320001110584201,D-16-13 35AAA1,32.0003584,-110.9789804,2720.0,110.0,110.0,120VLCC,19,829.06,33.53
320002110584001,D-16-13 35AAA3,32.00063619,-110.9784248,2725.0,835.0,835.0,120VLCC,19,830.58,254.51
320002110584201,D-16-13 35AAA2,32.00063619,-110.9789804,2725.0,,,120VLCC,19,830.58,
320002110584301,D-16-13 35BAB,32.00063619,-110.9792582,2769.0,500.0,500.0,120VLCC,19,843.99,152.4
320002110585901,D-16-13 35BBB,32.0006361,-110.9945365,2793.0,500.0,500.0,120VLCC,19,851.31,152.4
320002110590501,D-16-13 35ABB,32.00063616,-110.9853695,2754.0,500.0,500.0,120VLCC,19,839.42,152.4
320004110572601,D-16-14 30CCD2,32.0011918,-110.9578686,2659.0,397.0,397.0,,19,810.46,121.01
320004111051301,D-16-12 26DCC,32.0011914,-111.0875952,3345.0,210.0,210.0,,19,1019.56,64.01
320005110573001,D-16-14 30CCD3,32.00146959,-110.9589797,2650.0,835.0,835.0,,19,807.72,254.51
320006110572001,D-16-14 30CDC,32.00174737,-110.9562019,2653.0,225.0,225.0,120VLCC,19,808.63,68.58
320006110572801,D-16-14 30CCD1,32.00174736,-110.9584242,2655.0,200.0,200.0,120VLCC,19,809.24,60.96
320006110573601,D-16-14 30CCC,32.00174736,-110.9606464,2659.0,210.0,210.0,120VLCC,19,810.46,64.01
320007110522801,D-16-14 25CCD,32.00202549,-110.8734213,2800.0,990.0,990.0,,19,853.44,301.75
320007110533301,D-16-14 26CCC,32.0020254,-110.8931442,2755.0,810.0,810.0,,19,839.72,246.89
320007110570601,D-16-14 30DCC,32.00202516,-110.9523128,2655.0,244.0,244.0,,19,809.24,74.37
320009110560701,D-16-14 29DCC,32.00258077,-110.9359234,2660.0,575.0,575.0,120VLCC,19,810.77,175.26
320010110514001,D-16-14 25DDD2,32.00285885,-110.8617543,2845.0,1000.0,1000.0,,19,867.16,304.8
320011111084801,D-16-12 29CCB,32.00313568,-111.1473194,3550.0,40.0,40.0,,19,1082.04,12.19
320014110564001,D-16-14 30DDA,32.0039696,-110.9450904,2655.0,,,,19,809.24,
320016110472901,D-16-15 34AAA,32.00452577,-110.7920297,3074.0,703.0,703.0,,19,936.96,214.27
320016110553301,D-16-14 28CCB,32.0045252,-110.9264786,2685.0,500.0,500.0,120VLCC,19,818.39,152.4
320017111075701,D-16-12 29DAC,32.00480235,-111.1331523,3465.0,,,,19,1056.13,
320017111114301,D-16-11 26CBD,32.0048022,-111.1959322,3550.0,,,,19,1082.04,
320020110483401,D-16-15 27CCC,32.0056368,-110.8067524,3013.0,830.0,830.0,,19,918.36,252.98
320022110462801,D-16-15 26DDD,32.00619247,-110.7750847,3145.0,1117.0,1117.0,,19,958.6,340.46
320028110591101,D-16-13 26CAA,32.00785823,-110.9870362,2739.0,739.0,739.0,120VLCC,19,834.85,225.25
320028110592701,D-15-13 26CCD,32.09035656,-110.9906477,2533.0,608.0,608.0,,19,772.06,185.32
320030110522001,D-16-14 25CBA,32.00841424,-110.8728657,2801.0,205.0,205.0,,19,853.74,62.48
320030110584001,D-16-13 26ADD,32.0084138,-110.9784248,2700.0,744.0,744.0,120VLCC,19,822.96,226.77
320031110560201,D-16-14 29ACC,32.00869176,-110.9345345,2670.0,,,,19,813.82,
320033110561901,D-16-14 29BDC,32.00924729,-110.9392569,2655.0,350.0,350.0,,19,809.24,106.68
320033110563401,D-16-14 29BCC,32.00924727,-110.9448126,2655.0,240.0,240.0,,19,809.24,73.15
320033110570601,D-16-14 30ACC,32.00924723,-110.9523129,2646.0,251.0,251.0,,19,806.5,76.5
320033110573801,D-16-14 30CBB,32.00841388,-110.961202,2648.0,267.0,267.0,,19,807.11,81.38
320035111004501,D-16-13 28ADD,32.00980255,-111.0131482,2854.0,440.0,482.0,120VLCC,19,869.9,134.11
320041110554201,D-16-14 29ADA,32.0114695,-110.9289787,2682.0,245.0,245.0,,19,817.47,74.68
320043110522901,D-16-14 25BBB,32.01591407,-110.8753658,2802.0,2500.0,2500.0,,19,854.05,762.0
320046110560801,D-16-14 29ABC,32.01285834,-110.9362012,2661.0,,,,19,811.07,
320053110513501,D-16-14 25AAA,32.0150808,-110.859532,2841.0,885.0,885.0,,19,865.94,269.75
320056110584001,D-16-13 26AAA,32.01563589,-110.9784249,2682.0,825.0,825.0,120VLCC,19,817.47,251.46
320059110582801,D-16-14 19CCD,32.01646929,-110.9575908,2638.0,260.0,260.0,,19,804.06,79.25
320100110562601,D-16-14 20CBC2,32.0167471,-110.9412014,2650.0,442.0,442.0,120VLCC,19,807.72,134.72
320100110571501,D-16-14 19CDD,32.01619154,-110.9523129,2638.0,200.0,200.0,,19,804.06,60.96
320101110550201,D-16-14 21DCD,32.017025,-110.9150894,2724.0,600.0,600.0,,19,830.28,182.88
320101110563201,D-16-14 20CCC,32.01702489,-110.942868,2645.0,447.0,447.0,,19,806.2,136.25
320105110573001,D-16-14 19CCA,32.0181359,-110.9589798,2636.0,,,,19,803.45,
320106110553401,D-16-14 21CCB,32.0184138,-110.9267565,2700.0,600.0,600.0,,19,822.96,182.88
320108110493201,D-16-15 29AAA,32.01896975,-110.8261975,2935.0,843.0,843.0,,19,894.59,256.95
320113110563401,D-16-14 20CBC1,32.02035815,-110.9434237,2646.0,54.0,54.0,120VLCC,19,806.5,16.46
320113110573701,D-16-14 19CBC,32.0203581,-110.9575908,2637.0,252.0,252.0,120VLCC,19,803.76,76.81
320114111004301,D-16-13 21DAD,32.02063567,-111.0125927,2809.8,336.0,336.0,112BSFL,19,856.43,102.41
320124110550601,D-16-14 21DBB,32.02341374,-110.9189784,2688.0,650.0,650.0,,19,819.3,198.12
320125110570001,D-16-14 19ACD,32.02369139,-110.9506462,2632.0,375.0,375.0,,19,802.23,114.3
320125110572701,D-16-14 19BCD,32.02369136,-110.9581464,2632.0,186.0,186.0,120VLCC,19,802.23,56.69
320128110564101,D-16-14 19ADD,32.0245247,-110.9453682,2635.0,401.0,401.0,120VLCC,19,803.15,122.22
320132110573501,D-16-14 19BCB,32.02563575,-110.9609243,2634.0,328.0,328.0,,19,802.84,99.97
320133111035201,D-16-12 24ADA,32.02591324,-111.0650945,3040.0,300.0,300.0,,19,926.59,91.44
320135110560701,D-16-14 20ACB,32.02646916,-110.9359235,2680.0,580.0,580.0,,19,816.86,176.78
320136110554001,D-16-14 20ADA,32.02674696,-110.9284232,2700.0,650.0,650.0,,19,822.96,198.12
320137110482301,D-16-15 22CBB,32.0270252,-110.8070302,2992.0,,,120VLCC,19,911.96,
320143110563601,D-16-14 20BBB,32.0286913,-110.9439793,2635.0,403.0,403.0,,19,803.15,122.83
320143110564501,D-16-14 19AA,32.0286913,-110.9464794,2640.0,50.0,50.0,120VLCC,19,804.67,15.24
320146110572801,D-16-14 19BBA2,32.02952457,-110.9584242,2625.0,671.0,671.0,120VLCC,19,800.1,204.52
320147110572801,D-16-14 19BBA1,32.02980234,-110.9584242,2625.0,251.0,251.0,,19,800.1,76.5
320155110564101,D-16-14 18DDD,32.03202457,-110.9453682,2645.0,,,120VLCC,19,806.2,
320159110482401,D-16-15 22BBB,32.03313617,-110.807308,2990.0,892.0,892.0,,19,911.35,271.88
320203110554001,D-16-14 17DAD,32.0342468,-110.9284232,2684.0,466.0,503.0,,19,818.08,142.04
320205110462001,D-16-15 13CCC,32.0348029,-110.7728624,3085.0,1020.0,1020.0,,19,940.31,310.9
320214111103601,D-16-11 13BDC,32.0373017,-111.1773206,3200.0,540.0,540.0,,19,975.36,164.59
320218110563701,D-16-14 17BCC,32.0384133,-110.944257,2642.0,360.0,360.0,,19,805.28,109.73
320218110565501,D-16-14 18ACD,32.0384133,-110.9492573,2625.0,200.0,200.0,120VLCC,19,800.1,60.96
320218110571801,D-16-14 18BDC,32.03841329,-110.9556464,2617.0,225.0,225.0,,19,797.66,68.58
320232110572001,D-16-14 18BAC,32.04230209,-110.956202,2608.0,185.0,185.0,120VLCC,19,794.92,56.39
320232110572501,D-16-14 18BBD,32.04230209,-110.9575909,2616.0,215.0,215.0,120VLCC,19,797.36,65.53
320237110565101,D-16-14 18AAB,32.04369098,-110.9481461,2623.0,49.0,49.0,120VLCC,19,799.49,14.94
320237110584101,D-16-13 14AAA,32.04369087,-110.9787027,2613.0,136.0,136.0,,19,796.44,41.45
320238110465201,D-16-15 14ACB,32.04396935,-110.7823071,3055.0,905.0,905.0,,19,931.16,275.84
320238110564801,D-16-14 18DBD,32.04396876,-110.9473128,2627.0,300.0,,112BSFL,19,800.71,91.44
320239110572801,D-16-14 18BBA,32.04424649,-110.9584243,2610.0,230.0,230.0,,19,795.53,70.1
320243110572201,D-16-14 07CCD,32.04535758,-110.9567575,2608.0,230.0,230.0,,19,794.92,70.1
320251110570401,D-16-14 07DCB1,32.04757978,-110.9517574,2610.0,575.0,,120VLCC,19,795.53,175.26
320252110492501,D-16-15 16BBB,32.047858,-110.824253,2921.0,870.0,870.0,120VLCC,19,890.32,265.18
320252110504801,D-16-15 18ABD,32.04646906,-110.8467538,2857.0,311.0,311.0,,19,870.81,94.79
320252110571201,D-16-14 07DCB2,32.04785755,-110.9517574,2610.0,705.0,705.0,,19,795.53,214.88
320258110502601,D-16-15 08CCC,32.04952457,-110.841198,2872.0,1103.0,1103.0,,19,875.39,336.19
320301110462001,D-16-15 13BBB,32.0503581,-110.7728624,3079.0,963.0,963.0,,19,938.48,293.52
320320110524601,D-16-14 11BDB,32.0556354,-110.8800883,2760.0,392.0,392.0,112BSFL,19,841.25,119.48
320322110532901,D-16-14 11BCA,32.05516667,-110.8914444,2755.0,392.0,392.0,112BSFL,19,839.72,119.48
320323110571101,D-16-14 07BAD1,32.05646848,-110.9537019,2605.0,50.0,50.0,120VLCC,19,794.0,15.24
320325110572001,D-16-14 07BAD2,32.057024,-110.956202,2592.0,575.0,575.0,120VLCC,19,790.04,175.26
320329110570401,D-16-14 07ABB,32.0581351,-110.9517574,2612.0,48.0,48.0,,19,796.14,14.63
320334110572601,D-16-14 07BBA,32.05952395,-110.9578687,2603.0,350.0,350.0,,19,793.39,106.68
320335110572701,D-16-14S06CCD,32.0598017,-110.9581465,2580.0,206.0,206.0,,19,786.38,62.79
320340110572401,D-16-14 06CDC2,32.0613611,-110.9569444,2592.0,275.0,275.0,112BSFL,19,790.04,83.82
320340111034301,D-16-13S06CCB,32.06119036,-111.0625946,2790.0,117.0,177.0,120VLCC,19,850.39,35.66
320340111062301,D-16-12NO3CDA,32.06119029,-111.1070406,2915.0,405.0,405.0,,19,888.49,123.44
320342110562001,D-16-14S05CAC,32.06480168,-110.9395348,2650.0,300.0,300.0,,19,807.72,91.44
320344110554901,D-16-14S05DDB,32.06230177,-110.9309234,2658.0,,,,19,810.16,
320345110492601,D-16-15 09BBB,32.06257989,-110.8245308,2905.0,1000.0,1000.0,,19,885.44,304.8
320351110523201,D-16-14S01CBC,32.06424635,-110.8761992,2781.0,265.0,265.0,,19,847.65,80.77
320352110512901,D-16-15 06CCC,32.06452418,-110.8586986,2830.0,,,,19,862.58,
320354111000801,D-16-13S03DBB,32.06591257,-111.0023147,2610.0,,106.0,120VLCC,19,795.53,
320355110574301,D-16-13S01DAA2,32.06535715,-110.9625911,2565.0,,100.0,120VLCC,19,781.81,
320356110574401,D-16-13S01DAA1,32.0656349,-110.9628689,2565.0,100.0,100.0,120VLCC,19,781.81,30.48
320402110455001,D-16-15 01DBC,32.0673022,-110.7639731,3072.0,600.0,600.0,,19,936.35,182.88
320402110502801,D-16-15 05CBC  PZ1,32.06730195,-110.8417536,2867.0,327.0,1140.0,120VLCC,19,873.86,99.67
320402110502802,D-16-15 05CBC  PZ2,32.06730195,-110.8417536,2867.0,558.0,1140.0,120VLCC,19,873.86,170.08
320402110502803,D-16-15 05CBC  PZ3,32.06730195,-110.8417536,2867.0,990.0,1140.0,120VLCC,19,873.86,301.75
320402110544001,D-16-14S04ADD,32.0673017,-110.911756,2710.0,,,120VLCC,19,826.01,
320402110573701,D-16-14S06CBA,32.06730157,-110.9581465,2590.0,551.0,790.0,,19,789.43,167.94
320402110592201,D-16-13S02BDC,32.06757924,-110.9906477,2569.0,180.0,180.0,120VLCC,19,783.03,54.86
320403110483801,D-16-15 04DDA,32.0675798,-110.811197,2945.0,505.0,505.0,120VLCC,19,897.64,153.92
320403110483901,D-16-15 04DAC,32.0667465,-110.8114748,2952.0,510.0,510.0,120VLCC,19,899.77,155.45
320408110573401,D-16-14S06BCB,32.0689682,-110.960091,2600.0,1054.0,,120VLCC,19,792.48,321.26
320413110593001,D-16-13S02BBA2,32.07341245,-110.991481,2561.0,232.0,232.0,120VLCC,19,780.59,70.71
320414110592901,D-16-13S02BBA1,32.0706347,-110.9920366,2560.0,143.0,143.0,120VLCC,19,780.29,43.59
320416110582801,D-16-13S01BBD,32.0711903,-110.9750916,2560.0,27.0,27.0,120VLCC,19,780.29,8.23
320421110575801,D-16-13S01ABA,32.0725792,-110.966758,2568.0,30.0,30.0,120VLCC,19,782.73,9.14
320421110594601,D-16-13S03AAA,32.0725791,-110.996759,2570.0,102.0,102.0,120VLCC,19,783.34,31.09
320428110512601,D-16-15 06BBB,32.07452396,-110.8578653,2820.0,934.0,934.0,,19,859.54,284.68
320428110570501,D-16-14N06DCC,32.07452366,-110.9520352,2600.0,1054.0,1054.0,,19,792.48,321.26
320430110550801,D-16-14N04CDD,32.0750793,-110.919534,2673.0,540.0,1805.0,,19,814.73,164.59
320431110520901,D-16-14N01CDC,32.07535724,-110.8698101,2808.0,,,,19,855.88,
320432110573001,D-16-14N06CCD,32.0756347,-110.9589799,2578.0,550.0,865.0,,19,785.77,167.64
320435110482601,D-15-15 33DDD,32.0764685,-110.8078635,2930.0,675.0,675.0,,19,893.06,205.74
320435110573301,D-15-14 31CCC,32.07646804,-110.9598133,2580.0,41.0,41.0,,19,786.38,12.5
320436110590501,D-15-13 35DCC,32.07674574,-110.9853697,2555.0,76.0,76.0,,19,778.76,23.16
320442111001501,D-15-13 34CDA,32.0784123,-111.0048149,2575.0,47.0,47.0,,19,784.86,14.33
320444110592501,D-15-13 35CCA,32.0789679,-110.9909255,2550.0,260.0,260.0,,19,777.24,79.25
320448110593601,D-15-13 35CBC,32.08007898,-110.9939811,2548.0,238.0,238.0,,19,776.63,72.54
320455110573401,D-15-14 31CBB,32.08202348,-110.960091,2595.0,400.0,620.0,,19,790.96,121.92
320457111003201,D-15-13 34CBA,32.0825789,-111.0095373,2570.0,,,,19,783.34,
320458110560001,D-15-14 32DBB,32.08285688,-110.933979,2648.0,600.0,600.0,,19,807.11,182.88
320502110594301,D-15-13 34ADD,32.08396778,-110.9959257,2542.0,80.0,80.0,,19,774.8,24.38
320506110592301,D-15-13 35BCD,32.08424557,-110.9903699,2542.0,440.0,440.0,,19,774.8,134.11
320508110594301,D-15-13 34ADA,32.0856344,-110.9959257,2538.0,100.0,100.0,,19,773.58,30.48
320510110573401,D-15-14 31BCB,32.08535675,-110.960091,2595.0,553.0,553.0,,19,790.96,168.55
320515110511701,D-15-15 31BBD,32.08757924,-110.8553652,2797.0,,,,19,852.53,
320516110542301,D-15-14 34BBC,32.08785686,-110.9070337,2690.0,450.0,450.0,,19,819.91,137.16
320516111000001,D-15-13 34ABD,32.08702326,-110.9998147,2540.0,340.0,340.0,,19,774.19,103.63
320518111114001,D-15-11 35BAB,32.08952304,-111.194266,2610.0,528.0,,,19,795.53,160.93
320520110573501,D-15-14 31BBB,32.0895233,-110.9598133,2587.0,556.0,556.0,,19,788.52,169.47
320520110595001,D-15-13 34AAB,32.08896767,-110.9978702,2535.0,55.0,55.0,,19,772.67,16.76
320522110534701,D-15-14 34ABA,32.0895235,-110.8970333,2700.0,175.0,175.0,,19,822.96,53.34
320522111000801,D-15-13 34ABB,32.0895232,-111.0028704,2542.0,29.0,29.0,,19,774.8,8.84
320525110592101,D-15-13 35BAB,32.09035656,-110.9898144,2535.0,,,,19,772.67,
320528110581901,D-15-13 25CDC,32.09118993,-110.970647,2550.0,365.0,365.0,,19,777.24,111.25
320528110584101,D-15-13 26DDD,32.0911899,-110.9787029,2537.0,339.0,362.0,,19,773.28,103.33
320529110594401,D-15-13 27DDD1,32.09091209,-110.9962035,2534.0,239.0,239.0,,19,772.36,72.85
320529110594501,D-15-13 27DDD2,32.09091208,-110.9964813,2533.0,290.0,290.0,,19,772.06,88.39
320533110454901,D-15-15 25DBC2,32.09313494,-110.7639731,3025.0,883.0,883.0,,19,922.02,269.14
320534110455001,D-15-15 25DBC1,32.09313494,-110.7639731,3025.0,1480.0,1480.0,,19,922.02,451.1
320535111003201,D-15-13 27CCA,32.09313424,-111.0095373,2545.0,,,,19,775.72,
320538110493701,D-15-15 29DDA,32.09396807,-110.8275865,2863.0,500.0,500.0,,19,872.64,152.4
320539110474501,D-15-15 27DBD,32.0942459,-110.7964743,2946.0,404.0,404.0,,19,897.94,123.14
320540110493801,D-15-15 29DAC,32.0945236,-110.8278642,2860.0,410.0,410.0,,19,871.73,124.97
320540110542901,D-15-14 27CBC,32.09452338,-110.9087004,2690.0,300.0,300.0,,19,819.91,91.44
320540110573401,D-15-14 30CBC [SC-017 A],32.0936899,-110.9606467,2587.0,805.0,815.0,,19,788.52,245.36
320545110482701,D-15-15 28DAA,32.0959125,-110.8081413,2900.0,,,,19,883.92,
320547111002301,D-15-13 27CAA,32.0964675,-111.0053705,2527.0,,,,19,770.23,
320551110591601,D-15-13 26CAB,32.09757864,-110.9884255,2522.0,,,,19,768.71,
320552110513101,D-15-14 25ADD,32.09785678,-110.8592542,2773.0,209.0,2993.0,,19,845.21,63.7
320553110495801,D-15-15 29BDD,32.0981346,-110.83342,2842.0,500.0,500.0,,19,866.24,152.4
320553110542901,D-15-14 27CBB,32.09757887,-110.9087004,2675.0,410.0,410.0,,19,815.34,124.97
320553110560801,D-15-14 29BDD,32.09813433,-110.9362014,2608.0,450.0,450.0,,19,794.92,137.16
320554110593801,D-15-13 26BCC,32.0978564,-110.9945368,2523.0,378.0,400.0,,19,769.01,115.21
320556110502401,D-15-15 29BCC,32.0989679,-110.8406425,2808.0,,,,19,855.88,
320559110563301,D-15-14 30ADA,32.09980094,-110.943146,2592.0,504.0,504.0,,19,790.04,153.62
320600110501201,D-15-15 29BCA,32.100079,-110.837309,2828.0,439.0,439.0,,19,861.97,133.81
320600110590201,D-15-13 26ACB,32.1000786,-110.9845364,2525.0,300.0,,,19,769.62,91.44
320600110592001,D-15-13 26BDA,32.10007859,-110.9873143,2510.0,243.0,243.0,,19,765.05,74.07
320600111002301,D-15-13 27BDB,32.10007855,-111.0070372,2525.0,151.0,151.0,,19,769.62,46.02
320602110593801,D-15-13 26BCB,32.1006341,-110.9945368,2502.35,92.0,308.0,,19,762.72,28.04
320604110590701,D-15-13 26ABC1,32.10118969,-110.9859254,2525.0,115.0,115.0,,19,769.62,35.05
320605110585101,D-15-13 26AAC,32.10146747,-110.9814808,2535.0,26.0,26.0,,19,772.67,7.92
320605110595201,D-15-13 27AAC,32.1014674,-110.9984258,2515.0,380.0,380.0,,19,766.57,115.82
320606110590401,D-15-13 26ABC3,32.10174523,-110.985092,2525.0,100.0,100.0,,19,769.62,30.48
320606110590501,D-15-13 26ABC4,32.1017452,-110.9853698,2525.0,243.0,243.0,,19,769.62,74.07
320606111000701,D-15-13 27ABC,32.10174519,-111.0025926,2519.0,40.0,40.0,,19,767.79,12.19
320608110502801,D-15-15 30AAD,32.10230117,-110.8417536,2812.0,988.0,988.0,,19,857.1,301.14
320608110590601,D-15-13 26ABC2,32.10230077,-110.9856476,2525.0,240.0,300.0,,19,769.62,73.15
320610111002401,D-15-13 27BAB,32.10285627,-111.0067594,2516.0,182.0,182.0,,19,766.88,55.47
320612110520301,D-15-14 25BAA,32.10341219,-110.8681434,2753.0,300.0,300.0,,19,839.11,91.44
320612110595301,D-15-13 27AAB,32.1034118,-110.9987036,2513.0,,,,19,765.96,
320613111000201,D-15-13 27ABB1,32.10368959,-111.0012037,2515.0,265.0,265.0,,19,766.57,80.77
320613111000601,D-15-13 27ABB2,32.10368959,-111.0023148,2515.0,200.0,300.0,,19,766.57,60.96
320614110503101,D-15-15 30AAA,32.1039678,-110.842587,2811.0,375.0,375.0,,19,856.79,114.3
320616110560801,D-15-14 29BAA,32.10452309,-110.9362014,2618.0,400.0,400.0,,19,797.97,121.92
320616110563201,D-15-14 29BBB,32.10452307,-110.9428683,2604.0,600.0,600.0,,19,793.7,182.88
320617110511601,D-15-15 30BBA,32.10480108,-110.8550874,2787.0,,,,19,849.48,
320618111000701,D-15-13 22DCC1,32.10507845,-111.0025926,2512.0,40.0,40.0,,19,765.66,12.19
320618111005301,D-15-13 21DDC,32.10507845,-111.0153709,2530.0,130.0,130.0,,19,771.14,39.62
320618111012101,D-15-13 21CDC1,32.10507844,-111.0231489,2530.0,126.0,126.0,,19,771.14,38.4
320619111000701,D-15-13 22DCC2,32.1053562,-111.0025926,2512.0,45.0,45.0,,19,765.66,13.72
320620110572901,D-15-14 19CCC,32.10507857,-110.9600911,2564.0,620.0,620.0,,19,781.51,188.98
320620110593501,D-15-13 23CCC,32.105634,-110.9937034,2490.0,,,,19,758.95,
320620111003001,D-15-13 22CCD,32.105634,-111.0089818,2520.0,20.0,20.0,,19,768.1,6.1
320622110542801,D-15-14 27BBB,32.1061898,-110.9084226,2673.0,,,,19,814.73,
320622110584601,D-15-13 26DAB,32.1061896,-110.9800918,2525.0,300.0,,,19,769.62,91.44
320622111012501,D-15-13 21CDC2,32.1061895,-111.02426,2530.0,116.0,116.0,,19,771.14,35.36
320626111003101,D-15-13 22CCA,32.1073006,-111.0092595,2520.0,101.0,101.0,,19,768.1,30.78
320627110593601,D-15-13 23CCB1,32.1075784,-110.9939812,2502.0,35.0,35.0,,19,762.61,10.67
320630110502601,D-15-15 19DAD,32.10841215,-110.841198,2815.0,610.0,610.0,,19,858.01,185.93
320631111011701,D-15-13 21CAD,32.10868948,-111.0220378,2521.0,135.0,135.0,,19,768.4,41.15
320632111000701,D-15-13 22DBC1,32.10896727,-111.0025927,2500.0,,,,19,762.0,
320633110591301,D-15-13 23CAD,32.10924507,-110.9875921,2575.0,36.0,36.0,,19,784.86,10.97
320633110593001,D-15-13 23CCB2,32.1075784,-110.9934257,2504.24,280.0,280.0,,19,763.29,85.34
320633111000701,D-15-13 22DBC2,32.10924504,-111.0025927,2502.0,225.0,225.0,,19,762.61,68.58
320638110565701,D-15-14 19DBB,32.11063404,-110.949813,2584.0,402.0,402.0,,19,787.6,122.53
320639111011701,D-15-13 21CAA,32.11091166,-111.0220378,2510.0,130.0,130.0,,19,765.05,39.62
320641110592801,D-15-13 23CBA,32.11146724,-110.9917589,2501.0,410.0,410.0,,19,762.3,124.97
320643110595101,D-15-13 22ADC2,32.11202277,-110.998148,2505.0,,,,19,763.52,
320644110595101,D-15-13 22ADC1,32.11230054,-110.998148,2505.0,44.0,44.0,,19,763.52,13.41
320645110455801,D-15-15 24BDC,32.1125789,-110.7684177,2980.0,564.0,564.0,,19,908.3,171.91
320647110590401,D-15-13 23ACC,32.11313389,-110.985092,2520.0,40.0,40.0,,19,768.1,12.19
320652110595001,D-15-13 22ADB,32.1145227,-110.9978703,2502.0,34.0,34.0,,19,762.61,10.36
320653110512201,D-15-15 19BCB,32.11480086,-110.8567542,2780.0,300.0,300.0,,19,847.34,91.44
320653110590401,D-15-13 23ACB,32.1148005,-110.985092,2510.0,,,,19,765.05,
320653110595901,D-15-13 22ACA,32.11480048,-111.0003704,2492.0,35.0,35.0,,19,759.56,10.67
320653111000701,D-15-13 22ACB,32.11480048,-111.0025927,2495.0,37.0,37.0,,19,760.48,11.28
320657111011301,D-15-13 21BAD2,32.11591156,-111.0209267,2505.0,200.0,200.0,,19,763.52,60.96
320658111011301,D-15-13 21BAD1,32.11563379,-111.0209267,2505.0,80.0,80.0,,19,763.52,24.38
320659110460701,D-15-15 24BBD,32.1164677,-110.769251,2963.0,536.0,536.0,,19,903.12,163.37
320659110584201,D-15-13 23AAD2,32.11646717,-110.9789807,2525.0,365.0,365.0,,19,769.62,111.25
320659110584901,D-15-13 23AAC,32.11646717,-110.9809252,2515.0,,,,19,766.57,
320659110595801,D-15-13 22ABD,32.1164671,-111.0000926,2487.0,36.0,36.0,,19,758.04,10.97
320700110510301,D-15-15 19BCA,32.11674526,-110.8548096,2785.0,350.0,350.0,,19,848.87,106.68
320700110570701,D-15-14 19BAD,32.116745,-110.9525909,2574.0,310.0,310.0,,19,784.56,94.49
320702110472401,D-15-15 15DDD,32.11730097,-110.7906407,2910.0,1000.0,1000.0,,19,886.97,304.8
320704110505901,D-15-15 19BAA,32.11785636,-110.850365,2773.0,,,,19,845.21,
320705111005301,D-15-13 21AAB,32.11813375,-111.0153709,2492.0,,,,19,759.56,
320705111010501,D-15-13 21ABA2,32.11813374,-111.016482,2495.0,131.0,131.0,,19,760.48,39.93
320706111010501,D-15-13 21ABA1,32.1184115,-111.0187044,2495.0,,,,19,760.48,
320708110573601,D-15-14 19BBB1,32.11904495,-110.960519,2554.7,190.0,202.0,,19,778.67,57.91
320710110580901,D-15-13 13CDD1,32.1196111,-110.9696944,2530.0,110.0,115.0,,19,771.14,33.53
320710111003301,D-15-13 15CCD2,32.1195226,-111.0098152,2490.0,127.0,127.0,,19,758.95,38.71
320711110533201,D-15-14 15DDD,32.11980066,-110.8928666,2690.0,300.0,300.0,,19,819.91,91.44
320711111002801,D-15-13 15CCC1,32.11980038,-111.0084262,2490.0,122.0,122.0,,19,758.95,37.19
320712110594401,D-15-13 15DDD,32.12007817,-110.9962036,2480.0,,,,19,755.9,
320712110595001,D-15-13 15DDC,32.12007816,-110.9978703,2490.0,133.0,133.0,,19,758.95,40.54
320712111000601,D-15-13 15DCC,32.12007816,-111.0023149,2490.0,200.0,200.0,,19,758.95,60.96
320712111002201,D-15-13 15CDC,32.12007815,-111.0067595,2490.0,,,,19,758.95,
320712111014701,D-15-13 17DDD,32.12007815,-111.0303715,2540.0,,,,19,774.19,
320712111020201,D-15-13 17DCD,32.12007815,-111.0345383,2545.0,,,,19,775.72,
320713110572801,D-15-13 14CCD,32.12035595,-110.9914812,2478.0,465.0,465.0,,19,755.29,141.73
320713110583101,D-15-13 13CCC1,32.12029444,-110.9762056,2518.4,520.0,520.0,,19,767.61,158.5
320713110591201,D-15-13 14CDD2,32.12035596,-110.9873144,2493.0,,250.0,,19,759.87,
320713111012901,D-15-13 16CCD,32.1203559,-111.0253713,2490.0,,,,19,758.95,
320715110572001,D-15-14 18CCD1,32.120931,-110.9563022,2559.25,168.0,173.0,,19,780.06,51.21
320715110573101,D-15-14 18CCC1 [D-1],32.12097269,-110.9593773,2554.0,149.0,156.0,,19,778.46,45.42
320716110590801,D-15-13 14CDD1,32.12118928,-110.9862032,2497.0,,200.0,,19,761.09,
320716110593701,D-15-13 14CCC,32.12118926,-110.994259,2487.0,440.0,440.0,,19,758.04,134.11
320718110504301,D-15-15 18DCA,32.12174518,-110.8459204,2785.0,417.0,417.0,,19,848.87,127.1
320718110560101,D-15-14 17DCB2,32.12174496,-110.9342569,2590.0,200.0,1925.0,,19,789.43,60.96
320718110561001,D-15-14 17CDA,32.12174495,-110.936757,2585.0,300.0,,,19,787.91,91.44
320719110575101,D-15-13 13DCA1 [D-6],32.12196154,-110.9648191,2541.0,128.3,129.0,,19,774.5,39.11
320719111002101,D-15-13 15CDB,32.12202256,-111.0064817,2486.0,200.0,200.0,,19,757.73,60.96
320720110555901,D-15-14 17DCB1,32.1223005,-110.9337014,2590.0,103.0,103.0,,19,789.43,31.39
320720110580801,D-15-13 13DCB,32.1223004,-110.969536,2536.0,150.0,,,19,772.97,45.72
320720111000601,D-15-13 15DCB,32.12230033,-111.0023149,2484.0,403.0,403.0,,19,757.12,122.83
320721110574301,D-15-13 13DDA2,32.1225782,-110.9625913,2546.0,217.0,217.0,,19,776.02,66.14
320722110573601,D-15-14 13DDA1 [D-5],32.12273376,-110.96068,2552.0,156.0,161.0,,19,777.85,47.55
320722110574601,D-15-13 13DDB,32.12285597,-110.9634246,2543.0,,160.0,,19,775.11,
320723110574101,D-15-13 13DDA1,32.12313375,-110.9620357,2546.0,,,,19,776.02,
320723110574401,D-15-13 13DAC3 [D-8],32.1231976,-110.962819,2545.0,138.0,139.0,,19,775.72,42.06
320723110574801,D-15-13 13DAC2 [D-7],32.12319207,-110.9640913,2542.0,147.0,150.0,,19,774.8,44.81
320723110581701,D-15-13 13CAC1,32.12305833,-110.9719028,2528.3,95.0,151.0,,19,770.63,28.96
320723110585901,D-15-13 14DBD1,32.12319444,-110.9837222,2500.0,83.0,85.0,,19,762.0,25.3
320725110554901,D-15-14 17DBD,32.12368937,-110.9309235,2600.0,,,,19,792.48,
320726110573401,D-15-14 18CBC5 [D-9],32.12405318,-110.9601412,2552.0,170.0,171.0,,19,777.85,51.82
320726110573701,D-15-14 18CBB,32.12396707,-110.9609246,2550.0,320.0,320.0,,19,777.24,97.54
320726111002001,D-15-13 15CAC,32.12396697,-111.0062039,2480.0,221.0,252.0,,19,755.9,67.36
320727110562901,D-15-14 17CBC,32.12424488,-110.942035,2580.0,,,,19,786.38,
320728110522601,D-15-14 13CBC,32.1245228,-110.8745326,2722.0,306.0,306.0,,19,829.67,93.27
320728110572301,D-15-14 18CBD,32.1245226,-110.9570355,2561.0,250.0,250.0,,19,780.59,76.2
320728110572801,D-15-14 18CBC1,32.1245226,-110.9584245,2550.0,320.0,320.0,,19,777.24,97.54
320728110580001,D-15-13 13DBD1,32.12452259,-110.9673137,2523.0,406.0,406.0,,19,769.01,123.75
320728110580101,D-15-13 13DBD2,32.1249,-110.9669417,2534.1,140.0,144.0,,19,772.39,42.67
320729110572901,D-15-14 18CBC4 [D-4],32.1248476,-110.9586689,2555.0,166.0,181.0,,19,778.76,50.6
320729110573601,D-15-14 18CBC2,32.12480038,-110.9606468,2552.64,128.0,135.0,,19,778.04,39.01
320729110573701,D-15-14 18CBC3,32.12480038,-110.9609246,2550.76,357.0,362.0,,19,777.47,108.81
320731110474001,D-15-15 15DAB,32.12535633,-110.7950853,2900.0,230.0,230.0,,19,883.92,70.1
320731110474701,D-15-15 15CAA,32.1253563,-110.7984188,2898.0,426.0,426.0,,19,883.31,129.84
320732110492201,D-15-15 16CBB  PZ1,32.12563403,-110.8234196,2842.0,600.0,1843.0,,19,866.24,182.88
320732110492202,D-15-15 16CBB  PZ2,32.12563403,-110.8234196,2842.0,1454.0,1843.0,,19,866.24,443.18
320732110492203,D-15-15 16CBB  PZ3,32.12563403,-110.8234196,2842.0,1843.0,1843.0,,19,866.24,561.75
320732110582601,D-15-13 13CBA1,32.12496667,-110.9742889,2517.5,743.0,743.0,,19,767.33,226.47
320732111003701,D-15-13 15DBB,32.1256336,-111.0025927,2475.0,263.0,263.0,,19,754.38,80.16
320733110522401,D-15-14 13CBB,32.12591168,-110.873977,2718.0,771.0,790.0,,19,828.45,235.0
320735110593701,D-15-13 14BCC1,32.12646693,-110.994259,2472.0,600.0,618.0,,19,753.47,182.88
320736110593701,D-15-13 14BCC2,32.1267447,-110.994259,2472.0,610.0,610.0,,19,753.47,185.93
320737110581001,D-15-13 13BDD1,32.126825,-110.9698278,2527.8,130.0,145.0,,19,770.47,39.62
320737110582001,D-15-13 13BDC,32.1270225,-110.9728694,2516.0,,,,19,766.88,
320738110494201,D-15-15 17ACB,32.12924505,-110.8314755,2820.0,500.0,500.0,,19,859.54,152.4
320738110553401,D-15-14 17ADD2,32.1273004,-110.9267567,2602.0,1125.0,1125.0,,19,793.09,342.9
320738110553501,D-15-14 17ADD1,32.1273004,-110.9270345,2605.0,450.0,450.0,,19,794.0,137.16
320738110574801,D-15-13 13ADC2,32.1273003,-110.9639802,2541.0,,,,19,774.5,
320738111002201,D-15-13 15BDC,32.12730023,-111.0067595,2475.0,183.0,183.0,,19,754.38,55.78
320738111002901,D-15-13 15BCD,32.12730023,-111.008704,2478.0,250.0,250.0,,19,755.29,76.2
320738111005501,D-15-13 16ADC,32.1273002,-111.0159265,2482.0,,,,19,756.51,
320743110561701,D-15-14 17BDC,32.12868924,-110.9387015,2573.0,190.0,195.0,,19,784.25,57.91
320746110511501,D-15-15 18BCA,32.12952276,-110.8548097,2768.0,505.0,505.0,,19,843.69,153.92
320746110574101,D-15-13 13ADA,32.1295225,-110.9620357,2538.0,223.0,223.0,,19,773.58,67.97
320746110581101,D-15-13 13BDA2,32.12938056,-110.9703611,2526.8,178.0,178.0,,19,770.17,54.25
320746110581201,D-15-13 13BDA3,32.12940278,-110.9707972,2526.0,130.0,130.0,,19,769.92,39.62
320746110581401,D-15-13 13BDA1,32.12952248,-110.9712027,2523.0,400.0,405.0,,19,769.01,121.92
320746110585601,D-15-13 14ACA,32.12952245,-110.9828698,2490.0,260.0,260.0,,19,758.95,79.25
320748110525801,D-15-14 14ACB,32.13007824,-110.8834218,2700.0,604.5,605.0,,19,822.96,184.25
320749111002601,D-15-13 15BBD,32.1303557,-111.0078707,2475.0,133.0,133.0,,19,754.38,40.54
320750110561801,D-15-14 17BAC,32.13063365,-110.9389793,2568.0,194.0,194.0,,19,782.73,59.13
320750110574601,D-15-13 13AAC1,32.13066389,-110.9637167,2533.9,393.0,393.0,,19,772.33,119.79
320750110580501,D-15-13 13ABC1,32.13063358,-110.9687026,2524.0,110.0,142.0,,19,769.32,33.53
320751110553501,D-15-14 17AAD2,32.13091145,-110.9270345,2611.0,200.0,200.0,,19,795.83,60.96
320751110555701,D-15-14 17ABC1,32.13091143,-110.9331458,2591.0,,,,19,789.74,
320751111000701,D-15-13 15ABC,32.13091127,-111.0025927,2475.0,240.0,240.0,,19,754.38,73.15
320752110580301,D-15-13 13ABC2,32.1311891,-110.968147,2524.0,1000.0,1000.0,,19,769.32,304.8
320753110560101,D-15-14 17ABC2,32.13146697,-110.9342569,2592.0,,,,19,790.04,
320755110583201,D-15-13 13BBC1,32.13185556,-110.9760861,2411.1,140.0,140.0,,19,734.9,42.67
320756111002001,D-15-13 15BAB,32.13230013,-111.006204,2480.0,270.0,270.0,,19,755.9,82.3
320757110595001,D-15-13 15AAB1,32.1325779,-110.9978703,2468.0,,,,19,752.25,
320758110562201,D-15-14 17BBA,32.1328558,-110.9400905,2574.0,,,,19,784.56,
320758110570101,D-15-14 18ABB,32.13285579,-110.9509242,2542.0,402.0,402.0,,19,774.8,122.53
320758111084801,D-15-12 17BBB,32.13285567,-111.14732,2459.0,450.0,450.0,,19,749.5,137.16
320759110573401,D-15-14 18BBB,32.13313355,-110.9600912,2541.0,1000.0,1000.0,,19,774.5,304.8
320800110521501,D-15-14 13BBA,32.1334115,-110.8714769,2725.0,400.0,400.0,,19,830.58,121.92
320800110580201,D-15-13 13ABB2,32.1334946,-110.9675137,2522.0,373.0,390.0,,19,768.71,113.69
320801110574501,D-15-13 13AAB,32.13368908,-110.9631469,2530.0,210.0,210.0,,19,771.14,64.01
320801110580201,D-15-13 13ABB1,32.1337222,-110.9675694,2525.3,160.0,190.0,,19,769.71,48.77
320801111110201,D-15-11 11DDD,32.13368899,-111.1845436,2407.97,479.0,479.0,,19,733.95,146.0
320802110555201,D-15-14 17ABA,32.1339669,-110.9317569,2593.0,,211.0,,19,790.35,
320802111082401,D-15-11 12CCC,32.13313344,-111.1831547,2412.0,1012.0,1475.0,,19,735.18,308.46
320803110572401,D-15-14 07CCD2,32.13441667,-110.9573083,2538.0,233.0,235.0,,19,773.58,71.02
320803110581701,D-15-13 12CDC1,32.13456944,-110.9721194,2512.7,160.0,160.0,,19,765.87,48.77
320803111002301,D-15-13 10CDC,32.13424454,-111.0070373,2475.0,125.0,125.0,,19,754.38,38.1
320804110504401,D-15-15 07DCA,32.1359115,-110.8461982,2771.0,290.0,290.0,,19,844.6,88.39
320804110553801,D-15-14 08DDD,32.13452248,-110.9278678,2606.0,700.0,700.0,,19,794.31,213.36
320804110572401,D-15-14 07CCD1,32.1345224,-110.9573133,2535.0,372.0,377.0,,19,772.67,113.39
320804111000701,D-15-13 10DCC,32.1345223,-111.0025927,2471.0,366.0,366.0,,19,753.16,111.56
320804111002901,D-15-13 10CCD,32.1345223,-111.008704,2470.0,,,,19,752.86,
320804111014601,D-15-13 08DDD,32.1345223,-111.0300937,2525.0,140.0,140.0,,19,769.62,42.67
320804111101501,D-15-11 12DCD,32.1345223,-111.1714876,2420.3,502.0,502.0,,19,737.71,153.01
320805110585001,D-15-13 11DDC,32.1348001,-110.981203,2500.0,275.0,275.0,,19,762.0,83.82
320808110570401,D-15-14 07DCC,32.1356335,-110.9517576,2545.0,194.0,194.0,,19,775.72,59.13
320808110580401,D-15-13 12DCC2,32.13563347,-110.9684249,2516.0,150.0,150.0,,19,766.88,45.72
320809111101501,D-15-11 12DCA1,32.13591118,-111.1714876,2416.23,550.0,550.0,,19,736.47,167.64
320810110585001,D-15-13 11DDB2,32.13718889,-110.9817,2479.1,229.6,237.0,,19,755.63,69.98
320810110595001,D-15-13 10DAC,32.1375778,-110.9987037,2462.0,230.0,230.0,,19,750.42,70.1
320813110534001,D-15-14 10DCD1,32.1350781,-110.8962,2654.0,450.0,500.0,,19,808.94,137.16
320813110534401,D-15-14 10DCD2,32.13535587,-110.8973112,2653.0,500.0,500.0,,19,808.63,152.4
320815110574901,D-15-13 12DDB2,32.13757789,-110.964258,2522.0,,,,19,768.71,
320815110585201,D-15-13 11DDB1,32.13737778,-110.9818167,2491.1,150.0,150.0,,19,759.29,45.72
320818110572801,D-15-14 07CBC,32.1384112,-110.9584245,2531.0,370.0,370.0,,19,771.45,112.78
320819110583601,D-15-13 12CBB1,32.14018889,-110.9774528,2493.7,175.0,176.0,,19,760.08,53.34
320821110580701,D-15-13 12DBC1,32.13908056,-110.9691111,2512.6,150.0,162.0,,19,765.84,45.72
320823110494301,D-15-15 08DBA,32.13980037,-110.8292532,2805.0,318.0,318.0,,19,854.96,96.93
320823110534301,D-15-14 10DAC,32.1398002,-110.8959223,2659.0,223.0,223.0,,19,810.46,67.97
320823110571901,D-15-14 07CAB2,32.13980008,-110.9559244,2536.0,225.0,225.0,,19,772.97,68.58
320823111000401,D-15-13 10DBB,32.13979998,-111.0017594,2462.0,141.0,146.0,,19,750.42,42.98
320824110593001,D-15-13 11CBA,32.14007777,-110.9923146,2457.41,281.0,281.0,,19,749.02,85.65
320825110514501,D-15-14 12DBA,32.14035584,-110.8631433,2729.0,1100.0,1100.0,,19,831.8,335.28
320826110574801,D-15-13 12DBA2,32.1410861,-110.9651444,2508.8,900.0,900.0,,19,764.68,274.32
320827110554401,D-15-14 08DAB,32.1409112,-110.9295346,2588.0,,,,19,788.82,
320828110575201,D-15-13 12DBA1,32.14105833,-110.9651861,2508.6,189.0,189.0,,19,764.62,57.61
320828110585201,D-15-13 11ADC,32.14118889,-110.9817587,2485.0,1560.0,1560.0,,19,757.43,475.49
320828111110401,D-15-11 11ADD,32.1406333,-111.1850993,2388.0,588.0,588.0,,19,727.86,179.22
320829110535401,D-15-14 10DBB,32.14146684,-110.8989779,2648.0,500.0,500.0,,19,807.11,152.4
320830110563901,D-15-14 07ADC,32.14230006,-110.9456463,2562.0,440.0,440.0,,19,780.9,134.11
320831110533601,D-15-14 10ADC,32.1420224,-110.8939777,2663.0,404.0,404.0,,19,811.68,123.14
320833110582701,D-15-13 12BCD1,32.1424722,-110.9742889,2497.3,158.0,170.0,,19,761.18,48.16
320834110580401,D-15-13 12ACC2,32.14299444,-110.9682694,2503.0,144.5,165.0,,19,762.91,44.04
320834110583301,D-15-13 12BCC1,32.14310278,-110.9758583,2491.4,160.0,165.0,,19,759.38,48.77
320835110580501,D-15-13 12ACC1,32.14309167,-110.9684278,2502.4,400.0,400.0,,19,762.73,121.92
320835110584501,D-15-13 11ADB2,32.14302778,-110.9796944,2485.0,81.0,81.0,,19,757.43,24.69
320836110574201,D-15-13 12ADA3,32.1434111,-110.9623135,2523.0,200.0,213.0,,19,769.01,60.96
320837110584401,D-15-13 11ADA1,32.14376389,-110.9796889,2486.3,250.0,250.0,,19,757.82,76.2
320837110585001,D-15-13 11ADB1,32.1448361,-110.9817528,2478.1,522.0,522.0,,19,755.32,159.11
320838110574201,D-15-13 12ADA2,32.14396665,-110.9623135,2523.0,235.0,235.0,,19,769.01,71.63
320840110582701,D-15-13 12BCA1,32.1447,-110.9748139,2489.9,155.0,170.0,,19,758.92,47.24
320841110580001,D-15-13 12ACB1,32.14479996,-110.9673137,2511.0,240.0,240.0,,19,765.35,73.15
320842110574201,D-15-13 12AAD,32.14507774,-110.9623135,2523.0,,,,19,769.01,
320842110581901,D-15-13 12BAC1,32.14516389,-110.9728306,2490.6,165.0,170.0,,19,759.13,50.29
320842110595801,D-15-13 10ABD,32.1445221,-111.0000927,2452.0,142.0,350.0,,19,747.37,43.28
320843110581301,D-15-13 12BAD1,32.1456861,-110.9706222,2495.7,170.0,175.0,,19,760.69,51.82
320844110574301,D-15-13 12AAC,32.14563328,-110.9625913,2523.0,265.0,265.0,,19,769.01,80.77
320844110580801,D-15-13 12BAD2,32.1461361,-110.9696611,2497.6,150.0,170.0,,19,761.27,45.72
320845110551201,D-15-14 09BAC [WR-53],32.14591115,-110.9206454,2636.0,1030.0,1030.0,,19,803.45,313.94
320845110583801,D-15-13 11AAD2,32.14608333,-110.9777639,2483.6,141.0,167.0,,19,757.0,42.98
320846110583801,D-15-13 11AAD1,32.14621389,-110.9777583,2482.0,401.0,405.0,,19,756.51,122.22
320847111115601,D-15-11 11BBB,32.14646656,-111.1995443,2365.0,1120.0,1120.0,,19,720.85,341.38
320848111000301,D-15-13 10ABB,32.14674429,-111.0014816,2450.0,50.0,50.0,,19,746.76,15.24
320849110582201,D-15-13 12BAB1,32.1470221,-110.973425,2491.8,203.0,203.0,,19,759.5,61.87
320850110591201,D-15-13 11BAA,32.14729986,-110.9873145,2465.0,258.0,258.0,,19,751.33,78.64
320851110582301,D-15-13 12BAB2,32.14749167,-110.9731611,2494.5,177.0,,,19,760.32,53.95
320851111044901,D-15-12 02DDD,32.1475776,-111.0809289,2568.0,200.0,200.0,,19,782.73,60.96
320852110535001,D-15-14 10ABA,32.1478556,-110.8978668,2640.0,563.0,563.0,,19,804.67,171.6
320852110542701,D-15-14 10BBB,32.14785558,-110.9081449,2619.0,510.0,510.0,,19,798.27,155.45
320852110580501,D-15-13 01DCC1,32.14785545,-110.9687027,2502.0,765.0,900.0,,19,762.61,233.17
320853110552801,D-15-14 09BBB2,32.1481333,-110.92509,2592.0,184.0,184.0,,19,790.04,56.08
320853110575401,D-15-13 12ABA,32.1481332,-110.965647,2512.0,150.0,150.0,,19,765.66,45.72
320853110584601,D-15-13 11AAB,32.14813319,-110.980092,2480.0,190.0,202.0,,19,755.9,57.91
320855110512501,D-15-15 06CCC,32.148689,-110.8575875,2730.0,400.0,400.0,,19,832.1,121.92
320857110502801,D-15-15 06DCA,32.15118897,-110.8456427,2753.0,407.0,407.0,,19,839.11,124.05
320858110445801,D-15-16 06CDC,32.14952254,-110.7500837,2825.0,580.0,580.0,,19,861.06,176.78
320858110523801,D-15-14 02DDC,32.14938889,-110.8780833,2693.0,330.0,330.0,112BSFL,19,820.83,100.58
320858110551801,D-15-14 04CCD1,32.14952218,-110.922312,2596.0,240.0,240.0,,19,791.26,73.15
320858110580201,D-15-13 01DCC2,32.14920556,-110.9679639,2503.4,160.0,165.0,,19,763.04,48.77
320901110513601,D-15-14 01DDB,32.1503556,-110.8606432,2720.0,980.0,980.0,,19,829.06,298.7
320902110583801,D-15-13 01CCC1,32.15041389,-110.9773028,2479.9,350.0,355.0,,19,755.87,106.68
320902111043501,D-15-12 01CCA,32.1506331,-111.0770399,2575.0,212.0,212.0,,19,784.86,64.62
320904110570401,D-15-14 06DCB2,32.15118875,-110.9517576,2528.0,1020.0,1020.0,,19,770.53,310.9
320904110584001,D-15-13 02DDA,32.15118869,-110.9784253,2475.0,515.0,515.0,,19,754.38,156.97
320905110573101,D-15-14 06DCB1,32.1514665,-110.9517576,2532.0,303.0,303.0,,19,771.75,92.35
320905111082001,D-15-12 05DBC,32.15146646,-111.1387088,2425.0,550.0,550.0,,19,739.14,167.64
320906110592701,D-15-13 02CCA,32.1517442,-110.9914813,2440.0,105.0,105.0,,19,743.71,32.0
320907110582801,D-15-13 01CCC2,32.15053333,-110.9754944,2485.2,175.0,175.0,,19,757.49,53.34
320909110531101,D-15-14 02CAC2,32.15257774,-110.887033,2669.0,360.0,360.0,,19,813.51,109.73
320909110582101,D-15-13 01CAC1,32.15306389,-110.97315,2489.3,110.0,195.0,,19,758.74,33.53
320910110533001,D-15-14 03DAD,32.1528555,-110.892311,2653.23,2505.0,2505.0,,19,808.7,763.52
320911110580601,D-15-13 01DBC1,32.153,-110.9688361,2493.1,235.0,235.0,,19,759.9,71.63
320911111042101,D-15-12 01CAD,32.15313308,-111.0731509,2575.0,139.0,139.0,,19,784.86,42.37
320912110550601,D-15-14 04CAD3,32.15341099,-110.9189787,2593.0,,,,19,790.35,
320914110585201,D-15-13 02DBD1,32.1538861,-110.9817944,2463.5,402.0,405.0,,19,750.87,122.53
320916110570701,D-15-14 06CAA,32.154522,-110.952591,2524.0,501.0,501.0,,19,769.32,152.7
320916110585001,D-15-13 02DAB,32.15452195,-110.9812031,2465.0,402.0,402.0,,19,751.33,122.53
320917110551501,D-15-14 04CAB1,32.15479985,-110.9214788,2585.0,170.0,170.0,,19,787.91,51.82
320917110552301,D-15-14 04CBA1,32.15479984,-110.923701,2579.0,,,,19,786.08,
320917110570001,D-15-14 06DBB2,32.15479979,-110.9506465,2526.0,855.0,855.0,,19,769.92,260.6
320918110530201,D-15-14 02CAA,32.15535546,-110.8848108,2665.0,360.0,360.0,112BSFL,19,812.29,109.73
320918110570001,D-15-14 06DBB1,32.15507756,-110.9506465,2525.0,650.0,650.0,,19,769.62,198.12
320919110551301,D-15-14 04CAB2,32.15535539,-110.9209232,2585.0,278.0,278.0,,19,787.91,84.73
320919110581901,D-15-13 01CAB,32.15535529,-110.9725917,2482.0,59.0,59.0,,19,756.51,17.98
320921110510401,D-15-15 06BDC,32.15591108,-110.851754,2735.0,1050.0,1050.0,,19,833.63,320.04
320921110592001,D-15-13 02CAA1,32.1542361,-110.9870139,2461.9,320.0,320.0,,19,750.39,97.54
320922110514401,D-15-14 01DBA,32.1561888,-110.8628655,2709.0,1010.0,1010.0,,19,825.7,307.85
320923110450601,D-15-16 06BCD,32.1564668,-110.752306,2815.0,280.0,280.0,,19,858.01,85.34
320923110580601,D-15-13 01ACC,32.15646638,-110.9689805,2494.0,226.0,250.0,,19,760.17,68.88
320924110595001,D-15-13 03DAB,32.15535523,-110.9978704,2432.0,142.0,142.0,,19,741.27,43.28
320927110590001,D-15-13 02ACA2,32.15793056,-110.9836833,2361.0,240.0,245.0,,19,719.63,73.15
320927110591001,D-15-13 02BDA2,32.1576972,-110.9869028,2344.6,420.0,430.0,,19,714.63,128.02
320931110592001,D-15-13 02BDA,32.16035515,-110.9873145,2450.0,350.0,350.0,,19,746.76,106.68
320932110583401,D-15-13 01BCB1,32.1589663,-110.9767586,2471.0,500.0,500.0,,19,753.16,152.4
320933110583001,D-15-13 01BCB3,32.15955519,-110.9760363,2471.0,215.0,221.0,,19,753.16,65.53
320933110583201,D-15-13 01BCB2,32.1595361,-110.9761306,2368.1,300.0,405.0,,19,721.8,91.44
320933110590301,D-15-13 02ACB,32.15924407,-110.9848144,2464.0,302.0,302.0,,19,751.03,92.05
320933111015901,D-15-13 05ABD,32.15924405,-111.033705,2538.0,,,,19,773.58,
320934110584701,D-15-13 02ADB1,32.15946667,-110.9802222,2361.8,350.0,355.0,,19,719.88,106.68
320935110540001,D-15-14 03BAD,32.15979978,-110.9006447,2621.0,,,,19,798.88,
320937110500501,D-15-15 05BAB,32.1628554,-110.8353645,2765.0,1010.0,1010.0,,19,842.77,307.85
320937110500801,D-15-15 05BBB,32.16035545,-110.8361979,2749.0,365.0,377.0,,19,837.9,111.25
320938110535501,D-15-14 03ABC,32.1606331,-110.8992557,2625.0,820.0,820.0,,19,800.1,249.94
320940110502501,D-14-15 31DDD,32.16118876,-110.8409203,2742.0,360.0,367.0,,19,835.76,109.73
320940110582501,D-15-13 01BBD1,32.16133889,-110.9743333,2472.6,400.0,400.0,,19,753.65,121.92
320941110511301,D-15-15 06BBA,32.16285536,-110.854254,2714.0,425.0,425.0,,19,827.23,129.54
320941110512201,D-15-15 06BBB,32.1614665,-110.8575876,2715.0,492.0,492.0,,19,827.53,149.96
320942110475501,D-15-15 03BBB,32.16257768,-110.8061968,2790.0,1024.0,1024.0,,19,850.39,312.12
320942110491101,D-15-15 04BBA,32.16174434,-110.820364,2803.0,1310.0,1310.0,,19,854.35,399.29
320942110554701,D-15-14 05AAB2,32.1617441,-110.930368,2557.0,,,,19,779.37,
320942110592401,D-15-13 02BBD,32.161744,-110.990648,2425.0,198.0,198.0,,19,739.14,60.35
320943110585801,D-15-13 02ABA1,32.161944,-110.9834116,2453.0,400.0,410.0,,19,747.67,121.92
320944110554701,D-15-14 05AAB1,32.16229967,-110.930368,2551.0,,,,19,777.54,
320944110583901,D-15-13 02AAA1,32.16228056,-110.97835,2463.2,400.0,405.0,,19,750.78,121.92
320944110584001,D-15-13 02AAA2 [WR-088S],32.1622972,-110.9784278,2463.0,220.0,226.0,,19,750.72,67.06
320945110542701,D-15-14 03BBB,32.16257749,-110.908145,2600.0,868.0,868.0,,19,792.48,264.57
320946110472101,D-14-15 34DDD,32.16285549,-110.7898073,2810.0,950.0,950.0,,19,856.49,289.56
320946110570601,D-15-14 06BAA,32.16285517,-110.9523132,2515.0,501.0,501.0,,19,766.57,152.7
320946110591701,D-15-13 02BAB1,32.16300833,-110.9883278,2332.6,250.0,255.0,,19,710.98,76.2
320947110583201,D-14-13 36CCC,32.1631329,-110.976203,2465.0,516.0,516.0,,19,751.33,157.28
320947110591801,D-14-13 35CDC1,32.16313287,-110.9889812,2425.0,225.0,232.0,,19,739.14,68.58
320947110592601,D-15-13 02BBA1,32.16313287,-110.9912035,2422.0,182.0,182.0,,19,738.23,55.47
320947110594001,D-14-13 34DDD,32.16313286,-110.9950926,2423.0,130.0,130.0,,19,738.53,39.62
320948110462401,D-14-15 35DDD,32.16341106,-110.7739734,2779.0,344.0,344.0,,19,847.04,104.85
320949110575501,D-14-13 36DCD,32.16368846,-110.9659248,2483.0,270.0,304.0,,19,756.82,82.3
320949111064001,D-14-12 34CC,32.16368846,-111.1117634,2532.0,322.0,322.0,,19,771.75,98.15
320950110582601,D-14-13 36CCD,32.1639662,-110.9745363,2565.0,250.0,250.0,,19,781.81,76.2
320950110592801,D-14-13 35CCD,32.16396618,-110.9917591,2428.0,182.0,182.0,,19,740.05,55.47
320950110593501,D-14-13 35CCC,32.16396618,-110.9937036,2424.0,250.0,250.0,,19,738.84,76.2
320950110595801,D-14-13 34DCD,32.16396617,-111.0000927,2425.0,,,,19,739.14,
320951110595001,D-14-13 34DDC,32.16424394,-110.9978704,2425.0,119.0,119.0,,19,739.14,36.27
320953110583501,D-14-13 36CCB1,32.16529444,-110.9770333,2460.8,415.0,425.0,,19,750.05,126.49
320954110584201,D-14-13 35DDA1,32.16655,-110.979,2454.4,415.0,475.0,,19,748.1,126.49
320955110582901,D-14-13 36CC,32.16535508,-110.9753696,2562.0,46.0,46.0,,19,780.9,14.02
320956110584901,D-14-13 35DDB2,32.1659222,-110.9810139,2449.6,415.0,425.0,,19,746.64,126.49
320956110590101,D-14-13 35DCB3,32.16566944,-110.98435,2445.7,400.0,405.0,,19,745.45,121.92
320957110513601,D-14-14 36DDB,32.16591084,-110.8606432,2695.0,940.0,940.0,,19,821.44,286.51
320957110561701,D-14-14 32CDB,32.16591069,-110.9387016,2530.0,250.0,250.0,,19,771.14,76.2
320957110585101,D-14-13 35DDB1,32.16617778,-110.9818528,2447.0,415.0,425.0,,19,745.85,126.49
320957110591801,D-14-13 35CDB,32.16591059,-110.9889812,2425.0,168.0,168.0,,19,739.14,51.21
320958110583301,D-14-13 36CCB2,32.166275,-110.9764722,2458.9,400.0,405.0,,19,749.47,121.92
320958110590201,D-14-13 35DCB1,32.16638333,-110.9842556,2443.7,255.0,255.0,,19,744.84,77.72
320959110521801,D-14-14 36CCA,32.16563304,-110.8723103,2671.0,500.0,500.0,,19,814.12,152.4
320959110590001,D-14-13 35DCB2,32.1663828,-110.98412,2442.3,387.5,387.5,,19,744.41,118.11
321000110584901,D-14-13 35DAD1,32.16722778,-110.9788194,2453.2,500.0,500.0,,19,747.74,152.4
321000110585601,D-14-13 35DBD1,32.1668722,-110.98285,2446.4,380.0,385.0,,19,745.66,115.82
321002110465401,D-14-15 35CAD,32.16729984,-110.782307,2760.0,352.0,352.0,,19,841.25,107.29
321002110471001,D-14-15 35CBD,32.16729984,-110.7867516,2760.0,501.0,501.0,,19,841.25,152.7
321003110495001,D-14-15 32CBD,32.1675775,-110.8311977,2751.0,279.0,279.0,,19,838.5,85.04
321003110592101,D-14-13 35CAC1,32.16710833,-110.9898972,2321.0,476.0,476.33,,19,707.44,145.08
321005110581702,D-14-13 36CAC,32.1681328,-110.9720362,2464.0,536.0,536.0,,19,751.03,163.37
321005111043701,D-14-12 36CB,32.1681328,-111.0775955,2565.0,152.0,152.0,,19,781.81,46.33
321008110533500,D-14-14 34DAB,32.16896627,-110.8937,2615.08,330.0,330.0,,19,797.08,100.58
321008110590801,D-14-13 35CAA,32.16896609,-110.9862034,2425.0,200.0,200.0,,19,739.14,60.96
321008110592001,D-14-13 35CAB,32.16896609,-110.9895368,2410.0,207.0,207.0,,19,734.57,63.09
321008111044001,D-14-12 36CBB,32.1689661,-111.0784289,2565.0,301.0,301.0,,19,781.81,91.74
321008111062901,D-14-12 34CAB,32.16896614,-111.1087078,2523.0,180.0,180.0,,19,769.01,54.86
321010110553801,D-14-14 32DAA,32.16952175,-110.9278679,2553.0,,,,19,778.15,
321011110530006,D-14-14 35ACB6,32.1697996,-110.8839774,2637.15,327.0,327.0,,19,803.8,99.67
321011110533000,D-14-14 34DAA,32.16979958,-110.892311,2618.14,367.0,367.0,,19,798.01,111.86
321012110530005,D-14-14 35ACB5,32.17007737,-110.8839774,2637.22,326.0,326.0,,19,803.82,99.36
321012111070801,D-14-12 33ACD,32.17007724,-111.1195415,2495.0,207.0,207.0,,19,760.48,63.09
321013110530001,D-14-14 35ACB1,32.17035514,-110.8839774,2737.37,330.0,335.0,,19,834.35,100.58
321013110530007,D-14-14 35ACB7,32.17035514,-110.8839774,2636.41,326.0,326.0,,19,803.58,99.36
321014110462501,D-14-15 35ADD,32.1706331,-110.7742512,2760.0,300.0,300.0,,19,841.25,91.44
321014110530009,D-14-14 35ACB9,32.1706329,-110.8839774,2637.0,328.0,328.0,,19,803.76,99.97
321014110530104,D-14-14 35ACB4,32.1706329,-110.8842552,2636.73,326.0,326.0,,19,803.68,99.36
321014110530108,D-14-14 35ACB8,32.1706329,-110.8842552,2634.31,324.0,324.0,,19,802.94,98.76
321014110584501,D-14-13 35ADC,32.17063274,-110.9798143,2444.0,300.0,300.0,,19,744.93,91.44
321015110471501,D-14-15 35BCC,32.17091086,-110.7881406,2742.0,,,,19,835.76,
321015110494901,D-14-15 32ACC,32.17091078,-110.8309199,2755.0,,,,19,839.72,
321015110530102,D-14-14 35ACB2,32.17091069,-110.8842552,2634.34,330.0,330.0,,19,802.95,100.58
321015110530103,D-14-14 35ACB3,32.17091069,-110.8842552,2636.33,330.0,330.0,,19,803.55,100.58
321015111035601,D-14-12 36ADC,32.1709105,-111.0662063,2592.0,165.0,165.0,,19,790.04,50.29
321015111043301,D-14-12 36BCD,32.1709105,-111.0764844,2575.0,,,,19,784.86,
321017110591901,D-14-13 35BDC,32.17146604,-110.989259,2412.0,350.0,,,19,735.18,106.68
321017110595001,D-14-13 34ADC,32.171466,-110.9978705,2415.0,204.0,204.0,,19,736.09,62.18
321017111040601,D-14-12 36AC,32.17146607,-111.0689841,2584.0,165.0,165.0,,19,787.6,50.29
321018110471101,D-14-15 35BCA,32.17174418,-110.7870294,2735.0,311.0,311.0,,19,833.63,94.79
321019110470401,D-14-15 35BDB,32.17202195,-110.7850849,2741.0,225.0,225.0,,19,835.46,68.58
321020110523601,D-14-14 35ADA,32.1728551,-110.8750882,2650.0,405.0,405.0,,19,807.72,123.44
321020110594801,D-14-13 34AD,32.17229934,-110.9973149,2425.0,100.0,100.0,,19,739.14,30.48
321023110575201,D-14-13 36ACA2,32.1731327,-110.9650915,2475.0,305.0,305.0,,19,754.38,92.96
321024110575601,D-14-13 36ACA1,32.17341048,-110.9662026,2473.0,219.0,240.0,,19,753.77,66.75
321025110584801,D-14-13 35ADA,32.1736882,-110.9806476,2438.0,400.0,400.0,,19,743.1,121.92
321026110581001,D-14-13 36BAD,32.173966,-110.9700917,2466.0,529.0,529.0,,19,751.64,161.24
321027110472501,D-14-15 34AAD,32.17424409,-110.8025855,2722.0,559.0,559.0,,19,829.67,170.38
321027110525309,D-14-14 35ABC,32.17424395,-110.8820329,2641.76,332.0,332.0,,19,805.21,101.19
321027110595501,D-14-13 34ACA,32.17424374,-110.9992594,2402.0,147.0,147.0,,19,732.13,44.81
321028111100301,D-14-11 36AAC [TA-44],32.17452164,-111.1681544,2377.0,1410.0,1410.0,,19,724.51,429.77
321030110451401,D-14-16 31BBC1,32.17507749,-110.7545282,2974.0,312.0,312.0,,19,906.48,95.1
321030110513001,D-14-14 36AAD,32.17563285,-110.8589765,2684.0,750.0,750.0,,19,818.08,228.6
321030110584901,D-14-13 35AAC,32.17507709,-110.9809254,2432.0,402.0,402.0,,19,741.27,122.53
321031110451301,D-14-16 31BBC2,32.17368863,-110.7553616,2956.0,500.0,500.0,,19,900.99,152.4
321033110523601,D-14-14 35AAA,32.17729945,-110.8750882,2643.0,401.0,401.0,,19,805.59,122.22
321033110592101,D-14-13 35BAB,32.17591039,-110.9898146,2400.0,350.0,350.0,,19,731.52,106.68
321035110492001,D-14-15 33BBB,32.1764662,-110.822864,2749.0,650.0,650.0,,19,837.9,198.12
321036110502401,D-14-15 32BBB,32.17674397,-110.8406425,2719.0,680.0,680.0,,19,828.75,207.26
321038111092001,D-14-12E30DCC,32.17729937,-111.1609319,2415.0,720.0,720.0,,19,736.09,219.46
321038111094701,D-14-12E30CCC,32.17729937,-111.164821,2398.0,1000.0,1000.0,,19,730.91,304.8
321039111093801,D-14-12E30CDC,32.17757714,-111.1612097,2406.0,,,,19,733.35,
321040110482401,D-14-15 28DAD,32.1778551,-110.8073079,2700.0,601.0,601.0,,19,822.96,183.18
321040110482501,D-14-15 28DDD,32.1778551,-110.8075857,2716.0,687.0,687.0,,19,827.84,209.4
321042110492001,D-14-15 28CCC,32.1784106,-110.822864,2745.0,581.0,650.0,,19,836.68,177.09
321045110592301,D-14-13 26CDC,32.17924366,-110.9903702,2401.0,,,,19,731.82,
321047110461701,D-14-15 25CCB,32.17979957,-110.7720289,2860.0,470.0,470.0,,19,871.73,143.26
321048110495401,D-14-15 29DCB,32.18007724,-110.8323089,2730.0,600.0,600.0,,19,832.1,182.88
321053110471901,D-14-15 26CBC,32.18146617,-110.7892517,2750.0,750.0,750.0,,19,838.2,228.6
321054110473101,D-14-15 27DAC,32.18174394,-110.7925852,2720.0,400.0,400.0,112BSFL,19,829.06,121.92
321057110485901,D-14-15 28CA,32.1825772,-110.8170305,2713.0,,,,19,826.92,
321057110574301,D-14-13 25DAA2,32.1842436,-110.9625914,2460.0,500.0,500.0,,19,749.81,152.4
321057110582601,D-14-13 25CBD,32.18257695,-110.9745363,2437.0,499.6,547.0,,19,742.8,152.28
321058110563301,D-14-14 29CBC [B-076 A],32.18285477,-110.9431463,2502.0,885.0,885.0,,19,762.61,269.75
321058110574401,D-14-13 25DAA1,32.18452137,-110.9628692,2460.0,502.0,502.0,,19,749.81,153.01
321102110521801,D-14-14 25CBA,32.18396598,-110.8723103,2638.4,400.0,400.0,,19,804.18,121.92
321103110482601,D-14-15 28DAA,32.18424386,-110.8078635,2688.0,,,,19,819.3,
321103110491401,D-14-15 28CBA,32.1834105,-110.8206418,2726.0,454.0,501.0,,19,830.88,138.38
321103110502401,D-14-15 29CBB,32.1842438,-110.8406425,2701.0,697.0,750.0,,19,823.26,212.45
321103110544401,D-14-14 28DAB,32.18424368,-110.9128674,2555.0,504.0,504.0,,19,778.76,153.62
321103110574301,D-14-13 25DAA3,32.1842436,-110.9625914,2459.0,615.0,615.0,,19,749.5,187.45
321106110591401,D-14-13 26ACC,32.185,-110.987222,2379.0,,,,19,725.12,
321107110493201,D-14-15 29ADD,32.1853549,-110.8261975,2720.0,601.0,601.0,,19,829.06,183.18
321107110590801,D-14-13 26DBB,32.18535465,-110.9862034,2395.0,282.0,282.0,,19,730.0,85.95
321108110590901,D-14-13 26ACA,32.1856324,-110.9864812,2395.0,202.0,202.0,,19,730.0,61.57
321108110594301,D-14-13 27ADC2,32.18507686,-110.998426,2397.0,,127.0,,19,730.61,
321109110595801,D-14-13 27ACD,32.18591017,-111.0000928,2403.0,,,,19,732.43,
321110110594201,D-14-13 27ADD2,32.18618795,-110.9956482,2396.0,203.0,203.0,,19,730.3,61.87
321110110594901,D-14-13 27ADC1,32.18618795,-110.9975927,2395.0,144.0,144.0,,19,730.0,43.89
321114110530501,D-14-14 26BD,32.1872992,-110.8853664,2600.0,,,,19,792.48,
321116110595901,D-14-13 27ACA3,32.18785458,-111.0003706,2405.0,75.0,89.0,,19,733.04,22.86
321119110485601,D-14-15 28BDA,32.18785487,-110.8153638,2686.0,500.0,500.0,,19,818.69,152.4
321122110460101,D-14-15 25BAC,32.18952158,-110.7675843,2911.0,444.0,444.0,,19,887.27,135.33
321122110504901,D-14-15 30ABC,32.18952145,-110.8475872,2680.0,697.0,,,19,816.86,212.45
321122110572501,D-14-14 30BBD,32.18952128,-110.9575913,2460.0,833.0,860.0,,19,749.81,253.9
321122110574801,D-14-13 25AAC,32.18952127,-110.9639804,2448.0,411.0,411.0,,19,746.15,125.27
321122111093201,D-14-12 30BA,32.18952138,-111.159543,2445.0,607.0,607.0,,19,745.24,185.01
321123110565301,D-14-14 30ABD,32.18979906,-110.948702,2473.0,225.0,225.0,,19,753.77,68.58
321126110463701,D-14-15 26AAB,32.19063265,-110.7775846,2860.0,422.0,422.0,,19,871.73,128.63
321129110553701,D-14-14 29AAA,32.1914657,-110.9275902,2513.0,740.0,740.0,,19,765.96,225.55
321129110593401,D-14-13 26BBC3,32.1906323,-110.9928703,2390.0,124.0,130.0,,19,728.47,37.8
321134110515901,D-14-14 24CDD,32.19285468,-110.8670324,2633.0,850.0,850.0,,19,802.54,259.08
321134110591301,D-14-13 23CDD,32.1928545,-110.9875924,2385.0,106.0,106.0,,19,726.95,32.31
321135110513001,D-14-14 24DDD,32.1925769,-110.8578654,2650.0,685.0,685.0,,19,807.72,208.79
321138110511701,D-14-15 19CCA,32.19396579,-110.8553653,2652.0,435.0,600.0,,19,808.33,132.59
321139111072201,D-14-12 21CDA,32.19424348,-111.1234307,2800.0,,,,19,853.44,
321140110451501,D-14-16 19CCB,32.19452148,-110.754806,2962.0,795.0,795.0,,19,902.82,242.32
321140110470901,D-14-15 23CCA,32.19452143,-110.7864738,2786.0,855.0,855.0,,19,849.17,260.6
321142110530301,D-14-14 23CBA [D-061 A],32.1992434,-110.8881443,2592.0,1010.0,1029.0,,19,790.04,307.85
321143110485501,D-14-15 21CAD,32.1953547,-110.8159194,2656.0,300.0,300.0,,19,809.55,91.44
321145110490901,D-14-15 21CBD,32.19591024,-110.8198084,2647.0,525.0,525.0,,19,806.81,160.02
321146110471501,D-14-15 23CBC,32.19618806,-110.7889739,2785.0,840.0,840.0,,19,848.87,256.03
321146110543501,D-14-14 21CAA,32.19618788,-110.9103673,2515.0,502.0,502.0,,19,766.57,153.01
321146110543601,D-14-14 21DDA,32.19618788,-110.910645,2546.0,400.0,400.0,,19,776.02,121.92
321148110554501,D-14-14 20DAC2,32.19674339,-110.9298125,2497.0,355.0,355.0,,19,761.09,108.2
321149110535801,D-14-14 22DBC,32.1970212,-110.9000892,2555.0,820.0,820.0,,19,778.76,249.94
321150110482502,D-14-15 21DAD,32.1972991,-110.8070301,2706.0,1005.0,1005.0,,19,824.79,306.32
321150110541301,D-14-14 22CAC,32.19729897,-110.904256,2545.0,314.0,314.0,,19,775.72,95.71
321152111072501,D-14-12 21CAA,32.1978545,-111.124264,2700.0,79.0,79.0,,19,822.96,24.08
321153110460901,D-14-15 24CBA,32.19813249,-110.7698065,2872.34,600.0,600.0,,19,875.49,182.88
321153110480401,D-14-15 22CAB,32.19813244,-110.8017522,2710.0,502.0,502.0,,19,826.01,153.01
321153110495901,D-14-15 20BDD,32.19924348,-110.8325867,2674.0,1250.0,1250.0,,19,815.04,381.0
321153110512201,D-14-15 19CBB,32.19813236,-110.8567542,2643.0,300.0,635.0,,19,805.59,91.44
321153110542201,D-14-14 22CBA1,32.19813229,-110.906756,2542.0,314.0,314.0,,19,774.8,95.71
321154110542201,D-14-14 22CBA2,32.19841006,-110.906756,2542.0,800.0,800.0,,19,774.8,243.84
321154110554501,D-14-14 20DAC1,32.19841,-110.9298125,2495.0,360.0,360.0,,19,760.48,109.73
321154110591201,D-14-13 23CAA,32.19840994,-110.9873146,2560.0,140.0,140.0,,19,780.29,42.67
321155110594401,D-14-13 22DAA,32.1986877,-110.9962038,2380.0,25.0,25.0,,19,725.42,7.62
321156110520301,D-14-14 24CAA1,32.19896566,-110.8667546,2618.0,1000.0,1000.0,,19,797.97,304.8
321156110563301,D-14-14 20CBB,32.19896555,-110.9431463,2475.0,300.0,300.0,,19,754.38,91.44
321157110515901,D-14-14 24CAA2,32.1992434,-110.8670324,2618.0,1000.0,1000.0,,19,797.97,304.8
321157110574002,D-14-13 24DAA,32.19924329,-110.961758,2438.0,800.0,800.0,,19,743.1,243.84
321158110590101,D-14-13 23ACC,32.19952103,-110.9842589,2371.0,,,,19,722.68,
321200110502203,D-14-15 20BCC,32.20007679,-110.8400869,2662.0,1200.0,1200.0,,19,811.38,365.76
321202110471401,D-14-15 23BCC,32.2006324,-110.7878628,2807.0,343.0,343.0,,19,855.57,104.55
321202110553001,D-14-14 21BCC,32.2006322,-110.9256457,2500.0,434.0,434.0,,19,762.0,132.28
321202110570801,D-14-14 19BDD1,32.20063217,-110.9528689,2452.0,316.0,316.0,,19,747.37,96.32
321202110571201,D-14-14 19BDD2,32.20063217,-110.95398,2452.0,557.0,557.0,,19,747.37,169.77
321202110584901,D-14-13 23ADC,32.2006321,-110.9809255,2376.0,23.0,23.0,,19,724.2,7.01
321204110590401,D-14-13 23ACA,32.2014722,-110.9849722,2370.0,204.0,204.0,112BSFL,19,722.38,62.18
321204111040301,D-14-12 24ACA,32.2011877,-111.0681509,2800.0,107.0,107.0,,19,853.44,32.61
321207110472501,D-14-15 22ADD,32.20007685,-110.791474,2790.0,750.0,750.0,,19,850.39,228.6
321207110555401,D-14-14 20ACA,32.20202106,-110.9323126,2482.0,545.0,545.0,,19,756.51,166.12
321207110591201,D-14-13 23BAD,32.20202098,-110.9873146,2369.0,202.0,202.0,,19,722.07,61.57
321207110594401,D-14-13 22ADA,32.20202097,-110.9962038,2376.0,140.0,140.0,,19,724.2,42.67
321207111100201,D-14-11 24AAD,32.20202118,-111.1678768,2450.0,595.0,595.0,,19,746.76,181.36
321208110491801,D-14-15 21BCB,32.20229898,-110.8223085,2630.0,62.0,62.0,,19,801.62,18.9
321208110525001,D-14-14 22ADB1 [C-045 A],32.20229888,-110.8964779,2555.0,465.0,485.0,,19,778.76,141.73
321208110552901,D-14-14 21BCB,32.20229884,-110.9253679,2493.0,320.0,320.0,,19,759.87,97.54
321209110511001,D-14-15 19BDB,32.2025767,-110.8534208,2635.0,351.0,415.0,,19,803.15,106.98
321209110521301,D-14-14 24BDB,32.20257669,-110.8709214,2602.0,407.0,407.0,,19,793.09,124.05
321209110534101,D-14-14 22ADB2,32.20257665,-110.8978669,2555.0,1117.0,1117.0,,19,778.76,340.46
321209110585401,D-14-13 23ABD,32.2025765,-110.9823144,2370.0,274.0,274.0,,19,722.38,83.52
321210110485401,D-14-15 21BBC,32.20285454,-110.8156416,2625.0,521.0,521.0,,19,800.1,158.8
321212110504501,D-14-15 19ABD,32.20341004,-110.846476,2640.0,315.0,315.0,,19,804.67,96.01
321212111001801,D-14-13 22BAD,32.2034098,-111.0056486,2410.0,169.0,169.0,,19,734.57,51.51
321213110483401,D-14-15 21ADB,32.202299,-110.8100858,2675.2,450.0,502.0,,19,815.4,137.16
321213110502401,D-14-15 20BBC,32.20313227,-110.8398091,2650.0,970.0,970.0,,19,807.72,295.66
321214110514601,D-14-14 24ABD,32.20396556,-110.8634211,2613.0,504.0,504.0,,19,796.44,153.62
321216110474701,D-14-15 22ABC,32.20368787,-110.7981409,2735.0,750.0,750.0,,19,833.63,228.6
321217111105701,D-14-11 13CCC2,32.2047989,-111.183155,2382.0,600.0,600.0,,19,726.03,182.88
321219110500601,D-14-15 20BAB,32.20507668,-110.8361979,2645.0,1050.0,1050.0,,19,806.2,320.04
321220111105501,D-14-11 13CCC1,32.20563225,-111.1825995,2382.0,604.0,604.0,,19,726.03,184.1
321220111111201,D-14-11 14DCD  PZ1,32.20563226,-111.1873219,2374.0,972.0,1010.0,,19,723.6,296.27
321220111111202,D-14-11 14DCD  PZ2,32.20563226,-111.1873219,2374.0,817.0,1010.0,,19,723.6,249.02
321221110522201,D-14-14 23AAB,32.20590994,-110.8734215,2587.0,1000.0,1000.0,,19,788.52,304.8
321221110561501,D-14-14 20BAB,32.20590986,-110.9381461,2460.0,500.0,500.0,,19,749.81,152.4
321221111100201,D-14-11 13DDD,32.20591,-111.1678768,2457.0,633.0,633.0,,19,748.89,192.94
321223110515801,D-14-14 24BAA,32.2061877,-110.866199,2597.0,705.0,705.0,,19,791.57,214.88
321226110505901,D-14-15 18CDD,32.20729883,-110.850365,2624.0,,,,19,799.8,
321226110514201,D-14-14 13DCD,32.2072988,-110.86231,2602.0,655.0,655.0,,19,793.09,199.64
321227110500901,D-14-15 17CCD,32.20702108,-110.8370313,2643.0,735.0,735.0,,19,805.59,224.03
321227110574801,D-14-13 13CBC,32.21146525,-110.9762031,2367.0,274.0,274.0,,19,721.46,83.52
321229110553201,D-14-14 16CCC  PZ1,32.20813205,-110.9262013,2480.0,1340.0,1400.0,,19,755.9,408.43
321229110553202,D-14-14 16CCC  PZ2,32.20813205,-110.9262013,2480.0,1280.0,1400.0,,19,755.9,390.14
321229110553203,D-14-14 16CCC  PZ3,32.20813205,-110.9262013,2480.0,914.0,1400.0,,19,755.9,278.59
321229110553204,D-14-14 16CCC  PZ4,32.20813205,-110.9262013,2480.0,436.0,1400.0,,19,755.9,132.89
321231110503101,D-14-15 18DDD,32.20785439,-110.8428648,2636.0,1025.0,1025.0,,19,803.45,312.42
321233110541201,D-14-14 15CDB1,32.20924316,-110.9039782,2525.0,310.0,310.0,,19,769.62,94.49
321234110505801,D-14-15 18CDA2,32.2103543,-110.8500873,2612.0,690.0,690.0,,19,796.14,210.31
321234110531001,D-14-14 14CDB,32.20952096,-110.8867553,2563.0,403.0,403.0,,19,781.2,122.83
321234110541401,D-14-14 15CDB3,32.20952094,-110.9045338,2525.0,1015.0,1015.0,,19,769.62,309.37
321235110535001,D-14-14 15DCA,32.2097987,-110.8978669,2541.0,500.0,500.0,,19,774.5,152.4
321235110555001,D-14-14 17DDB,32.20979867,-110.9312014,2472.0,515.0,515.0,,19,753.47,156.97
321236110490501,D-14-15 16CDB,32.20952105,-110.8186972,2620.0,422.0,422.0,,19,798.58,128.63
321237110463101,D-14-15 14DAB1,32.21174327,-110.7764734,2800.0,409.0,409.0,,19,853.44,124.66
321238110500701,D-14-15 17CAC,32.2106321,-110.8359201,2635.0,335.0,335.0,,19,803.15,102.11
321239110472501,D-14-15 15DAD,32.21174325,-110.7911962,2755.0,445.0,445.0,,19,839.72,135.64
321239110560701,D-14-14 17CAD,32.21090976,-110.9359238,2460.0,510.0,515.0,,19,749.81,155.45
321240110531301,D-14-14 14CAC,32.21118759,-110.8875887,2563.0,530.0,532.0,,19,781.2,161.54
321241110463201,D-14-15 14DAB2,32.2114655,-110.7761957,2800.0,1000.0,1000.0,,19,853.44,304.8
321244110504401,D-14-15 18DBA,32.2122987,-110.8456427,2627.0,600.0,600.0,,19,800.71,182.88
321244111021701,D-14-13 17CAD,32.21229859,-111.0387054,2598.0,,,,19,791.87,
321245110475601,D-14-15 15CAA,32.21257656,-110.7995299,2710.0,500.0,500.0,,19,826.01,152.4
321245110480201,D-14-15 15BDC,32.2139654,-110.800641,2700.0,750.0,750.0,,19,822.96,228.6
321246110553101,D-14-14 16CBB1,32.21285417,-110.9259235,2478.0,370.0,370.0,,19,755.29,112.78
321247110481701,D-14-15 15CBB,32.212021,-110.8064746,2680.0,648.0,648.0,,19,816.86,197.51
321247110495501,D-14-15 17CAA,32.21313206,-110.8325867,2640.0,702.0,702.0,,19,804.67,213.97
321247110511501,D-14-15 18CBA,32.213132,-110.8553653,2600.0,650.0,650.0,,19,792.48,198.12
321247110553001,D-14-14 16CBB2,32.21313194,-110.9256457,2478.0,1220.0,1220.0,,19,755.29,371.86
321247110592001,D-14-13 14CAB,32.21313186,-110.989537,2450.0,34.0,34.0,,19,746.76,10.36
321248110530401,D-14-14 14CAA,32.21340977,-110.8850886,2565.0,463.0,463.0,,19,781.81,141.12
321252110500601,D-14-15 17BDC,32.2145209,-110.8356423,2630.0,556.0,620.0,,19,801.62,169.47
321252110555001,D-14-14 17ACC1,32.2145208,-110.9312015,2456.0,485.0,485.0,,19,748.59,147.83
321253110490701,D-14-15 16BDC,32.2147987,-110.8181417,2622.0,276.0,650.0,,19,799.19,84.12
321253110525701,D-14-14 14ACC1,32.2147986,-110.883144,2571.0,445.0,445.0,,19,783.64,135.64
321254110485601,D-14-15 16BDA,32.215632,-110.8181417,2650.0,557.0,557.0,,19,807.72,169.77
321254110525801,D-14-14 14ACC2,32.2150764,-110.8834219,2570.0,987.0,987.0,,19,783.34,300.84
321254110560001,D-14-14 17ACC2,32.21507634,-110.9339793,2456.0,985.0,985.0,,19,748.59,300.23
321255110541801,D-14-14 15BCD1,32.21535414,-110.9056449,2514.0,221.0,320.0,,19,766.27,67.36
321256110464501,D-14-15 14ACB1,32.21563207,-110.7798069,2769.0,284.0,320.0,,19,843.99,86.56
321256110514601,D-14-14 13ACD,32.21563197,-110.8634211,2582.0,450.0,450.0,,19,786.99,137.16
321256111073801,D-14-12 16BCA,32.215632,-111.1278754,3720.0,251.0,251.0,,19,1133.86,76.5
321257110541801,D-14-14 15BCD2,32.21590969,-110.9056449,2514.0,320.0,320.0,,19,766.27,97.54
321258110501401,D-14-15 17BCA,32.21618754,-110.8378646,2620.0,390.0,560.0,,19,798.58,118.87
321259110484101,D-14-15 16ACA,32.21646534,-110.8125859,2656.0,450.0,450.0,,19,809.55,137.16
321259110571801,D-14-14 18BDB,32.21646517,-110.9556468,2415.99,1009.0,1009.0,,19,736.39,307.54
321300110470501,D-14-15 14BCB,32.21729869,-110.7878628,2733.0,350.0,350.0,,19,833.02,106.68
321301110564701,D-14-14 18ADB1,32.2170207,-110.9470354,2432.0,376.0,376.0,,19,741.27,114.6
321302110464601,D-14-15 14ACB2,32.21590984,-110.7800847,2761.0,400.0,400.0,,19,841.55,121.92
321302110530801,D-14-14 14BDB,32.21729857,-110.8861998,2563.0,540.0,540.0,,19,781.2,164.59
321303110542501,D-14-14 15BD,32.2175763,-110.9075895,2513.0,125.0,125.0,,19,765.96,38.1
321304110490401,D-14-15 16BAC,32.21785419,-110.8184195,2625.0,,,,19,800.1,
321304110492102,D-14-15 16BBC,32.21785419,-110.8214751,2595.0,552.0,552.0,,19,790.96,168.25
321304110500601,D-14-15 17BAC,32.2175764,-110.8356423,2615.0,435.0,435.0,,19,797.05,132.59
321305110460801,D-14-15 13BBD,32.218132,-110.7695287,2780.0,435.0,435.0,,19,847.34,132.59
321305110503701,D-14-15 18AAC,32.2184097,-110.8431426,2607.0,500.0,502.0,,19,794.61,152.4
321306110474101,D-14-15 15ABC,32.21840976,-110.795363,2705.0,410.0,410.0,,19,824.48,124.97
321306110510701,D-14-15 18BAC1,32.2184097,-110.8525874,2595.0,300.0,585.0,,19,790.96,91.44
321306110564701,D-14-14 18ADB2,32.21840959,-110.9470354,2432.0,700.0,700.0,,19,741.27,213.36
321306110571801,D-14-14 18BAC,32.21840958,-110.9556468,2400.0,511.0,511.0,,19,731.52,155.75
321307110510701,D-14-15 18BAC2,32.21868747,-110.8520318,2599.0,500.0,500.0,,19,792.18,152.4
321308110543601,D-14-14 16AAD,32.21896517,-110.9106451,2515.0,308.5,308.5,,19,766.57,94.03
321311110480401,D-14-15 15BAC,32.2189653,-110.80203,2678.0,760.0,760.0,,19,816.25,231.65
321311110573601,D-14-14 18BBB,32.2197984,-110.960647,2400.0,500.0,500.0,,19,731.52,152.4
321311111084801,D-14-12 17BBB,32.2197986,-111.1473205,2620.0,110.0,110.0,,19,798.58,33.53
321312110472501,D-14-15 15AAD,32.2189653,-110.7909184,2720.0,510.0,510.0,,19,829.06,155.45
321313110550701,D-14-14 16BAA,32.220354,-110.9192566,2497.0,322.0,322.0,,19,761.09,98.15
321314110532601,D-14-14 11CCB1,32.22507617,-110.8912,2524.0,276.0,301.0,,19,769.32,84.12
321318110472501,D-14-15 10DDD,32.221743,-110.7909184,2700.0,299.0,299.0,,19,822.96,91.14
321318110484901,D-14-15 09DCC2,32.22229854,-110.8134193,2635.0,800.0,935.0,,19,803.15,243.84
321318110485001,D-14-15 09DCC1,32.2225763,-110.813697,2635.0,426.0,444.0,,19,803.15,129.84
321319110481801,D-14-15 10CCC,32.2225763,-110.8061968,2656.0,502.0,502.0,,19,809.55,153.01
321320110532601,D-14-14 11CCC,32.22229846,-110.8912,2535.0,301.0,301.0,,19,772.67,91.74
321321110450101,D-14-16 07CDC,32.22257639,-110.7509169,2807.0,800.0,1000.0,,19,855.57,243.84
321321110534901,D-14-14 10DCD,32.2225762,-110.897589,2525.0,654.0,1003.0,,19,769.62,199.34
321324110505301,D-14-15 07DCB,32.22340959,-110.8486984,2605.0,189.0,310.0,,19,794.0,57.61
321324110563601,D-14-14 07DDA2,32.22340949,-110.9439797,2438.0,905.0,905.0,,19,743.1,275.84
321325110535501,D-14-14 10DCB3,32.2236873,-110.8992558,2519.0,1003.0,1003.0,,19,767.79,305.71
321327110451001,D-14-16 07CCC,32.224243,-110.753417,2805.0,360.0,360.0,,19,854.96,109.73
321327110535701,D-14-14 10DCB1,32.22424285,-110.8998114,2520.0,307.0,307.0,,19,768.1,93.57
321327110535801,D-14-14 10DCB2,32.22424285,-110.9000892,2519.0,599.0,599.0,,19,767.79,182.58
321327110541201,D-14-14 10CDB,32.22424284,-110.9039782,2522.0,308.0,308.0,,19,768.71,93.88
321327110582401,D-14-13 12CCA,32.22424277,-110.9739809,2370.0,160.0,160.0,,19,722.38,48.77
321328111021401,D-14-13 08CDA,32.22452058,-111.0378721,2583.0,,,,19,787.3,
321329110563701,D-14-14 07DDA1,32.22479834,-110.9442575,2470.0,506.0,506.0,,19,752.86,154.23
321330110532301,D-14-14 11CCB2,32.22507618,-110.8903666,2524.0,800.0,800.0,,19,769.32,243.84
321332110460901,D-14-15 12CBD,32.22563185,-110.7698065,2710.0,300.0,300.0,,19,826.01,91.44
321332110483001,D-14-15 09DAC,32.2256318,-110.8089747,2650.0,500.0,500.0,,19,807.72,152.4
321332110512201,D-14-15 07CBB,32.22674284,-110.8561987,2560.0,350.0,350.0,,19,780.29,106.68
321332110580301,D-14-13 12DCA,32.22563164,-110.9681473,2379.0,500.0,500.0,,19,725.12,152.4
321332110580801,D-14-13 12CAD,32.22563163,-110.9695362,2380.0,728.0,728.0,,19,725.42,221.89
321333110504601,D-14-15 07DBD,32.22590954,-110.8467539,2575.0,550.0,550.0,,19,784.86,167.64
321333110523301,D-14-14 11DAD,32.2259095,-110.8764772,2550.0,,,,19,777.24,
321333110524501,D-14-14 11DBD2,32.2259095,-110.8798107,2541.0,1000.0,1000.0,,19,774.5,304.8
321334110524502,D-14-14 11DBD1,32.22618727,-110.8798107,2541.0,572.0,572.0,,19,774.5,174.35
321334110541501,D-14-14 15CDB2,32.22618725,-110.9048116,2527.0,450.0,450.0,,19,770.23,137.16
321335110500301,D-14-15 08CBD,32.2261873,-110.837309,2575.0,460.0,460.0,,19,784.86,140.21
321336110544501,D-14-14 09DAC1,32.22674278,-110.9131452,2513.0,292.0,292.0,,19,765.96,89.0
321336110571801,D-14-14 07CAC1 [UA M-1],32.2266111,-110.9549917,2411.0,271.0,283.0,,19,734.87,82.6
321338110590701,D-14-13 11DBB,32.22729825,-110.9859258,2341.0,250.0,250.0,,19,713.54,76.2
321339110584201,D-14-13 11DAA,32.227576,-110.978981,2345.0,500.0,500.0,,19,714.76,152.4
321341110563801,D-14-14 07DAA,32.2281316,-110.9445353,2445.0,600.0,600.0,,19,745.24,182.88
321341110583301,D-14-13 12BCC,32.22813158,-110.976481,2350.0,677.0,677.0,,19,716.28,206.35
321343110493201,D-14-15 08ADD,32.22868728,-110.8261975,2569.0,416.0,416.0,,19,783.03,126.8
321344110475501,D-14-15 10BDD,32.2284095,-110.7998076,2640.0,500.0,500.0,,19,804.67,152.4
321344110484901,D-14-15 09BDD,32.22896506,-110.8178639,2602.0,450.0,450.0,,19,793.09,137.16
321344110505201,D-14-15 07ACC,32.228965,-110.8484206,2560.0,350.0,350.0,,19,780.29,106.68
321345110543101,D-14-14 10BCC,32.22924273,-110.9092562,2503.0,620.0,620.0,,19,762.91,188.98
321345110552501,D-14-14 09BCD,32.2292427,-110.9242568,2495.0,1007.0,1007.0,,19,760.48,306.93
321346110521001,D-14-14 12BDC1,32.22952054,-110.870088,2544.0,506.0,506.0,,19,775.41,154.23
321346110534901,D-14-14 10ACD,32.22340954,-110.897589,2512.0,334.0,334.0,,19,765.66,101.8
321346110535801,D-14-14 10ACC,32.2295205,-110.9000892,2517.0,560.0,560.0,,19,767.18,170.69
321346110553201,D-14-14 09BCC,32.22952049,-110.9262013,2495.0,351.0,351.0,,19,760.48,106.98
321347110503701,D-14-15 07ADC,32.2292428,-110.8453649,2583.0,345.0,345.0,,19,787.3,105.16
321347110520901,D-14-14 12BDC2,32.23007609,-110.8709214,2542.0,950.0,950.0,,19,774.8,289.56
321347110521701,D-14-14 12BCD,32.2297983,-110.8720326,2540.0,596.0,,,19,774.19,181.66
321349110571201,D-14-14 07BDA,32.23035378,-110.9539801,2431.0,480.0,480.0,,19,740.97,146.3
321350110494301,D-14-15 08ACA,32.23063167,-110.8292532,2560.0,420.0,420.0,,19,780.29,128.02
321351110565001,D-14-14 07ACA,32.2309093,-110.9478688,2438.0,327.0,327.0,,19,743.1,99.67
321352110461401,D-14-15 12BCB,32.23118727,-110.7711955,2642.0,344.0,344.0,,19,805.28,104.85
321352110535901,D-14-14 10ACB,32.23118714,-110.900367,2511.0,449.0,449.0,,19,765.35,136.86
321353110512101,D-14-15 07BDB,32.23146497,-110.8520318,2575.0,371.0,505.0,,19,784.86,113.08
321355110553901,D-14-14 08ADA,32.23202043,-110.9281458,2485.0,352.0,352.0,,19,757.43,107.29
321356110473101,D-14-15 10AAC1,32.23174279,-110.7936963,2632.0,240.0,240.0,,19,802.23,73.15
321356110485601,D-14-15 09BAD,32.2331316,-110.8161972,2600.0,441.0,441.0,,19,792.48,134.42
321357110473201,D-14-15 10AAC2,32.231465,-110.7936963,2633.0,495.0,510.0,,19,802.54,150.88
321357110482601,D-14-15 09ADA,32.2303539,-110.8078635,2618.0,602.0,602.0,,19,797.97,183.49
321358110512801,D-14-14 12AAC2,32.2328538,-110.858421,2538.0,544.0,935.0,,19,773.58,165.81
321358110530401,D-14-14 11BAC1,32.23285379,-110.8850886,2509.0,500.0,500.0,,19,764.74,152.4
321359110511201,D-14-15 07BBA1,32.23313159,-110.8534208,2560.0,338.0,338.0,,19,780.29,103.02
321359110513901,D-14-14 12AAC1,32.23257604,-110.86231,2538.0,600.0,600.0,,19,773.58,182.88
321400110524201,D-14-14 11AAC2,32.23340934,-110.8798107,2519.0,1018.0,1018.0,,19,767.79,310.29
321400110531201,D-14-14 11BAC2,32.23340933,-110.8873109,2510.0,644.0,1000.0,,19,765.05,196.29
321400110592101,D-14-13 11BAB,32.23340923,-110.9898148,2335.0,250.0,250.0,,19,711.71,76.2
321401110524401,D-14-14 11AAC1,32.2336871,-110.8795329,2519.0,318.0,335.0,,19,767.79,96.93
321401110544701,D-14-14 09AAC1,32.23368708,-110.9137008,2481.0,335.0,339.0,,19,756.21,102.11
321401110550001,D-14-14 09ABC,32.23368708,-110.917312,2482.39,536.0,536.0,,19,756.63,163.37
321402110544701,D-14-14 09AAC2,32.23396485,-110.9137008,2481.0,640.0,640.0,,19,756.21,195.07
321404110455901,D-14-15 12BAB,32.23452053,-110.7670286,2595.0,150.0,150.0,,19,790.96,45.72
321404110511501,D-14-15 07BBA2,32.23313159,-110.8534208,2558.0,500.0,500.0,,19,779.68,152.4
321404110524401,D-14-14 11AAB,32.2345204,-110.8795329,2517.0,455.0,455.0,,19,767.18,138.68
321405110511401,D-14-15 07BBA3,32.23452045,-110.8550875,2548.0,534.0,1000.0,,19,776.63,162.76
321405110572001,D-14-14 07BAA,32.2350759,-110.9542579,2438.0,601.0,601.0,,19,743.1,183.18
321406110541301,D-14-14 10BAB,32.23507595,-110.904256,2500.0,300.0,300.0,,19,762.0,91.44
321406110563901,D-14-14 07AAA,32.2350759,-110.9448131,2461.0,302.0,508.0,,19,750.11,92.05
321407110560801,D-14-14 08BAA,32.23535369,-110.9362017,2472.0,449.0,449.0,,19,753.47,136.86
321407110561801,D-14-14 08BAB,32.23535369,-110.9389796,2477.0,510.0,510.0,,19,754.99,155.45
321409110534401,D-14-14 03DDC,32.23590927,-110.8962002,2495.0,350.0,350.0,,19,760.48,106.68
321410110491201,D-14-15 04CCD,32.2361871,-110.8206418,2586.0,214.0,214.0,,19,788.21,65.23
321410110492001,D-14-15 04CCC,32.2361871,-110.822864,2586.0,,,,19,788.21,
321410110504401,D-14-15 06DCD,32.23618709,-110.8461983,2536.0,328.0,328.0,,19,772.97,99.97
321411110480201,D-14-15 03CDC,32.2364649,-110.8011966,2598.0,353.0,353.0,,19,791.87,107.59
321412110454601,D-14-15 01DCC,32.2367427,-110.7634174,2592.0,,,,19,790.04,
321412110462601,D-14-15 02DDD,32.2367427,-110.7745289,2587.0,38.0,38.0,,19,788.52,11.58
321412110592101,D-14-13 02CDC1,32.2367425,-110.9898148,2328.0,695.0,695.0,,19,709.57,211.84
321412110592801,D-14-13 02CCD,32.2367425,-110.9917593,2327.0,33.0,33.0,,19,709.27,10.06
321413110535801,D-14-14 03DCC,32.23702035,-110.9000892,2488.0,126.0,126.0,,19,758.34,38.4
321413110554601,D-14-14 05DDC,32.2370203,-110.9300903,2470.0,226.0,226.0,,19,752.86,68.88
321414110472301,D-14-15 03DDC,32.23590937,-110.793974,2608.0,350.0,350.0,,19,794.92,106.68
321415110451501,D-14-16 06CCB,32.237576,-110.7548059,2610.0,100.0,100.0,,19,795.53,30.48
321416110450301,D-14-16 06CCA,32.2378538,-110.7514725,2625.0,208.0,208.0,,19,800.1,63.4
321417110502901,D-14-15 06DDA,32.23813149,-110.8420315,2560.0,302.0,302.0,,19,780.29,92.05
321417111031701,D-14-13 06CDA,32.23813146,-111.0553728,2585.0,200.0,200.0,,19,787.91,60.96
321418110462401,D-14-15 02DDA1,32.2384093,-110.7728622,2572.0,490.0,490.0,,19,783.95,149.35
321418110513201,D-14-14 01DDA1,32.23840925,-110.8595321,2532.0,311.0,314.0,,19,771.75,94.79
321418110514601,D-14-14 01DCA,32.23840925,-110.8634212,2524.0,,,,19,769.32,
321418110550701,D-14-14 04CDA2,32.2384092,-110.9192566,2462.0,176.0,176.0,,19,750.42,53.64
321418110551201,D-14-14 04CDB,32.2392425,-110.9212011,2457.0,800.0,800.0,,19,748.89,243.84
321418110585801,D-14-13 02DCA,32.23840914,-110.9834257,2360.0,28.0,28.0,,19,719.33,8.53
321418110594501,D-14-13 03DDA,32.2384091,-110.9964817,2320.0,503.0,503.0,,19,707.14,153.31
321418111034001,D-14-13 06CCB,32.23840924,-111.0617619,2600.0,177.0,177.0,,19,792.48,53.95
321419110462101,D-14-15 02DDA2,32.2386871,-110.77314,2572.0,817.0,817.0,,19,783.95,249.02
321419110513101,D-14-14 01DDA3,32.23952034,-110.8514763,2531.0,1100.0,1100.0,,19,771.45,335.28
321419110513201,D-14-14 01DDA2,32.238687,-110.8595321,2530.0,500.0,500.0,,19,771.14,152.4
321419110541401,D-14-14 03CDB,32.23868698,-110.9045338,2490.0,,,,19,758.95,
321419110550701,D-14-14 04CDA1,32.23868697,-110.9192566,2462.0,280.0,280.0,,19,750.42,85.34
321419110560201,D-14-14 05DCB,32.23868695,-110.934535,2455.0,215.0,248.0,,19,748.28,65.53
321420110511401,D-14-15 06CCA,32.2389648,-110.8545319,2530.0,334.0,334.0,,19,771.14,101.8
321421110502801,D-14-15 06DAC,32.23924258,-110.8417537,2530.0,518.0,518.0,,19,771.14,157.89
321421110524601,D-14-14 02DCA2,32.238687,-110.880644,2500.0,503.0,520.0,,19,762.0,153.31
321422110524601,D-14-14 02DCA1,32.2395203,-110.8800885,2497.0,600.0,600.0,,19,761.09,182.88
321422111000201,D-14-13 03DCB2,32.2395202,-111.0012042,2330.0,340.0,340.0,,19,710.18,103.63
321422111000801,D-14-13 03DCB1,32.2384091,-111.0020375,2325.0,260.0,435.0,,19,708.66,79.25
321423110452201,D-14-15 01DAD,32.2397982,-110.7567505,2597.0,,,,19,791.57,
321423110453001,D-14-15 01DAC,32.2397982,-110.7589728,2600.0,132.0,132.0,,19,792.48,40.23
321423110474001,D-14-15 03DBD,32.23979816,-110.7950852,2581.0,66.0,66.0,,19,786.69,20.12
321423110510001,D-14-15 06CAD,32.2397981,-110.8506429,2523.0,,,,19,769.01,
321424110450801,D-14-16 06CBD,32.24007597,-110.7528614,2605.0,,,,19,794.0,
321424110482301,D-14-15 04DAD,32.2400759,-110.8070301,2572.0,500.0,500.0,,19,783.95,152.4
321424110502801,D-14-15 06DAD,32.2400759,-110.8417537,2529.0,470.0,470.0,,19,770.84,143.26
321424110543101,D-14-14 03CBC,32.24007584,-110.9092562,2474.0,511.0,515.0,,19,754.08,155.75
321424110554801,D-14-14 05DAC1,32.2411869,-110.9306459,2460.0,244.0,244.0,,19,749.81,74.37
321424110555901,D-14-14 17DBD,32.2400758,-110.9337016,2469.0,300.0,300.0,,19,752.55,91.44
321424111001301,D-14-13 03CAD,32.24007576,-111.0042598,2380.0,200.0,200.0,,19,725.42,60.96
321425110544401,D-14-14 04DAC1,32.2403536,-110.9128675,2469.0,,,,19,752.55,
321425110564801,D-14-14 06DAC,32.24035357,-110.9473132,2445.0,600.0,600.0,,19,745.24,182.88
321426110532101,D-14-14 02CBD,32.2406314,-110.889811,2491.0,,,,19,759.26,
321426110535201,D-14-14 03DBD2,32.24063139,-110.8975891,2479.0,800.0,800.0,,19,755.6,243.84
321426110541401,D-14-14 03CAC,32.24063138,-110.9045338,2480.0,300.0,300.0,,19,755.9,91.44
321426110544601,D-14-14 04DAC2,32.24063138,-110.913423,2469.0,800.0,800.0,,19,752.55,243.84
321427110554801,D-14-14 05DAC2,32.24090913,-110.9306459,2458.0,638.0,638.0,,19,749.2,194.46
321428110451901,D-14-15 01DAA3,32.24118706,-110.755917,2593.0,29.0,29.0,,19,790.35,8.84
321428111002201,D-14-13 03CAC,32.24118686,-111.0067599,2333.0,570.0,588.0,,19,711.1,173.74
321429110452201,D-14-15 01DAA2,32.2414648,-110.7567505,2593.0,,,,19,790.35,
321429110535201,D-14-14 03DBD1,32.2414647,-110.8984225,2478.0,425.0,425.0,,19,755.29,129.54
321430110451201,D-14-16 06CBB1,32.2417426,-110.7539726,2595.0,24.0,24.0,,19,790.96,7.32
321430110452301,D-14-15 01DAA1,32.2417426,-110.7570282,2593.0,110.0,110.0,,19,790.35,33.53
321430110474701,D-14-15 03DBB,32.24174256,-110.7970298,2565.0,141.0,141.0,,19,781.81,42.98
321430110480301,D-14-15 03CAB,32.24174256,-110.8014744,2535.0,134.0,134.0,,19,772.67,40.84
321430110494501,D-14-15 05DBA,32.2420203,-110.829531,2563.0,420.0,420.0,,19,781.2,128.02
321431110492701,D-14-15 05DAD,32.23952037,-110.8250864,2574.0,397.0,397.0,,19,784.56,121.01
321431110574801,D-14-13 01DAB2,32.24202019,-110.9639805,2395.0,,,,19,730.0,
321432110574901,D-14-13 01DAB1,32.24229796,-110.9642583,2395.0,351.0,785.0,,19,730.0,106.98
321433110473501,D-14-15 03ADC3,32.24257588,-110.7925851,2564.0,200.0,200.0,,19,781.51,60.96
321433110523401,D-14-14 02DAA,32.2425758,-110.876755,2493.0,,,,19,759.87,
321433110530401,D-14-14 02CAA,32.2425758,-110.8850887,2487.0,,,,19,758.04,
321434110472401,D-14-15 03ADC2,32.24285365,-110.7906406,2561.0,120.0,120.0,,19,780.59,36.58
321435110453201,D-14-15 01ADC2,32.24313145,-110.7595283,2595.0,150.0,150.0,,19,790.96,45.72
321435110471901,D-14-15 02BCC,32.2431314,-110.7892517,2550.0,156.0,156.0,,19,777.24,47.55
321435110475801,D-14-15 03BDD,32.2431314,-110.8000854,2556.0,130.0,130.0,,19,779.07,39.62
321436110451901,D-14-15 01ADD2,32.2434092,-110.7553615,2599.0,89.0,89.0,,19,792.18,27.13
321436110452001,D-14-15 01ADD3,32.24285368,-110.7553615,2599.0,146.0,146.0,,19,792.18,44.5
321437110451901,D-14-15 01ADD1,32.24313146,-110.755917,2599.0,87.0,87.0,,19,792.18,26.52
321437110472701,D-14-15 03ADD2,32.24368697,-110.791474,2550.0,120.0,120.0,,19,777.24,36.58
321437110564801,D-14-14 06DAB,32.2431313,-110.9456465,2432.0,460.0,460.0,,19,741.27,140.21
321438110510801,D-14-14 01BDC,32.24396469,-110.8528652,2503.0,,,,19,762.91,
321439110453001,D-14-15 01ADC1,32.24424254,-110.7589728,2595.0,75.0,75.0,,19,790.96,22.86
321439110525601,D-14-14 02ACC,32.24424244,-110.8828663,2482.0,,,,19,756.51,
321440110455801,D-14-15 01BDC,32.2445203,-110.7667508,2591.0,145.0,145.0,,19,789.74,44.2
321440110524701,D-14-14 02ACD1,32.2445202,-110.8803663,2484.0,385.0,386.0,,19,757.12,117.35
321440110524801,D-14-14 02ACD2,32.2445202,-110.880644,2484.0,1007.0,1007.0,,19,757.12,306.93
321441110535501,D-14-14 03ADC,32.2445202,-110.8956446,2471.0,525.0,525.0,,19,753.16,160.02
321442111094201,D-14-12 06BCA,32.245076,-111.1623212,2880.0,100.0,100.0,,19,877.82,30.48
321442111094501,D-14-12 06BBD,32.245076,-111.1631546,2960.0,290.0,290.0,,19,902.21,88.39
321443110492801,D-14-15 05ADA,32.24535357,-110.8250864,2557.0,156.0,156.0,,19,779.37,47.55
321443110500801,D-14-15 05BDB,32.24535356,-110.8361979,2548.0,187.0,187.0,,19,776.63,57.0
321443110531301,D-14-14 02BDB,32.2453535,-110.8875887,2477.0,325.0,340.0,,19,754.99,99.06
321445110554601,D-14-14 05ADB1,32.24646457,-110.9309237,2439.0,453.0,465.0,,19,743.41,138.07
321446110454701,D-14-15 01ACA,32.24618693,-110.7636952,2595.0,,,,19,790.96,
321446110554901,D-14-14 05ADB2,32.2461868,-110.9309237,2439.0,594.0,1005.0,,19,743.41,181.05
321447111010701,D-14-13 04ACB,32.24646456,-111.0192604,2362.0,,,,19,719.94,
321448110470501,D-14-15 02BAC,32.24674246,-110.7853626,2540.0,198.0,198.0,,19,774.19,60.35
321449110481901,D-14-15 03BBC,32.2470202,-110.805919,2565.0,230.0,230.0,,19,781.81,70.1
321450110502701,D-14-15 06AAD,32.24729796,-110.8414759,2540.0,200.0,200.0,,19,774.19,60.96
321450110515301,D-14-14 01ABC,32.24729794,-110.8653657,2500.0,200.0,200.0,,19,762.0,60.96
321450110592901,D-14-13 02BBD,32.24729784,-110.9920372,2320.0,201.0,201.0,,19,707.14,61.26
321450111001901,D-14-13 03BAC,32.24729784,-111.0059266,2320.0,235.0,235.0,,19,707.14,71.63
321450111003601,D-14-13 03BBC,32.24729786,-111.010649,2380.0,28.0,28.0,,19,725.42,8.53
321451110473901,D-14-15 03ABD,32.24757577,-110.7948074,2535.0,120.0,120.0,,19,772.67,36.58
321451110523401,D-14-14 02AAD,32.2475757,-110.876755,2482.0,,,,19,756.51,
321452110543801,D-14-14 04AAD2,32.24785345,-110.9112008,2449.0,500.0,500.0,,19,746.46,152.4
321453110543901,D-14-14 04AAD1,32.2481312,-110.9114785,2449.0,300.0,300.0,,19,746.46,91.44
321454110475301,D-14-15 03BAA,32.24840908,-110.7986965,2530.0,,,,19,771.14,
321454110503501,D-14-15 06AAB2,32.24840904,-110.8436982,2520.0,557.0,557.0,,19,768.1,169.77
321454111003301,D-14-13 03BB,32.24840894,-111.0098156,2370.0,30.0,30.0,,19,722.38,9.14
321455110494001,D-14-15 05ABA,32.2486868,-110.8284198,2538.0,422.0,422.0,,19,773.58,128.63
321455110503601,D-14-15 06AAB1,32.2486868,-110.843976,2530.0,470.0,470.0,,19,771.14,143.26
321455110511901,D-14-15 06BBB,32.2486868,-110.8559209,2488.0,542.0,542.0,,19,758.34,165.2
321457110170101,D-14-15 02BAB,32.2492424,-110.7842515,2549.0,120.0,120.0,,19,776.94,36.58
321457110485201,D-14-15 04BAA2,32.24924238,-110.815086,2563.0,984.0,984.0,,19,781.2,299.92
321457110532701,D-14-14 02BBB,32.2492423,-110.8914778,2467.0,251.0,251.0,,19,751.94,76.5
321457110591301,D-14-13 02BAA,32.24924225,-110.9875926,2323.0,204.0,204.0,,19,708.05,62.18
321458110534301,D-14-14 03AAB,32.24952009,-110.8959224,2463.0,170.0,170.0,,19,750.72,51.82
321458111003101,D-14-13 03BBA,32.24952,-111.00926,2360.0,28.0,28.0,,19,719.33,8.53
321459110480501,D-14-15 03BAB,32.2497979,-110.8020299,2526.0,150.0,150.0,,19,769.92,45.72
321459110524701,D-14-14 11ABD,32.24979787,-110.8803663,2519.0,335.0,335.0,,19,767.79,102.11
321500110583701,D-14-13 01BBB,32.25007557,-110.9775922,2355.0,300.0,300.0,,19,717.8,91.44
321501110453001,D-14-15 01ABA,32.2503535,-110.7589728,2615.0,176.0,176.0,,19,797.05,53.64
321501110485501,D-14-15 04ABA,32.25035347,-110.8159194,2520.0,402.0,402.0,,19,768.1,122.53
321501110512301,D-14-15 06BBB1,32.25035344,-110.857032,2490.0,270.0,270.0,,19,758.95,82.3
321502110452401,D-14-15 01AAA,32.25063129,-110.757306,2620.0,101.0,101.0,,19,798.58,30.78
321503110462201,D-13-15 35DDD,32.25118683,-110.7742512,2590.0,870.0,1000.0,,19,789.43,265.18
321503110484901,D-14-15 04BAA1,32.24952015,-110.8153638,2540.0,402.0,402.0,,19,774.19,122.53
321503110512701,D-13-14 36DDD,32.25090899,-110.8581432,2487.0,180.0,180.0,,19,758.04,54.86
321503110540001,D-13-14 34DCC1,32.25090896,-110.9006449,2450.0,505.0,505.0,,19,746.76,153.92
321503110540201,D-13-14 34DCC3,32.25090896,-110.9012004,2453.0,630.0,630.0,,19,747.67,192.02
321503110545301,D-13-14 34DDC,32.25090894,-110.9153676,2440.0,300.0,300.0,,19,743.71,91.44
321504110521601,D-13-14 36CCD,32.25118675,-110.8717549,2483.0,302.0,302.0,,19,756.82,92.05
321504110523201,D-13-14 35DDD,32.25118675,-110.8761995,2474.0,520.0,520.0,,19,754.08,158.5
321504110535901,D-13-14 34DCC2,32.2511867,-110.900367,2453.0,260.0,260.0,,19,747.67,79.25
321504110573301,D-13-14 31CCC,32.25118668,-110.9598138,2399.0,650.0,650.0,,19,731.22,198.12
321504110575001,D-13-13 36DDC,32.25118668,-110.9645362,2393.0,375.0,375.0,,19,729.39,114.3
321504111000701,D-13-13 34DCB,32.25229775,-111.0034266,2305.0,310.0,310.0,,19,702.56,94.49
321505110502701,D-13-15 31DDD,32.25146456,-110.841476,2516.0,500.0,500.0,,19,766.88,152.4
321505110510701,D-13-15 31CDC,32.25146455,-110.8525875,2495.0,302.0,302.0,,19,760.48,92.05
321505110525601,D-13-14 35DCC,32.2514645,-110.8828664,2464.0,251.0,251.0,,19,751.03,76.5
321505110551501,D-13-14 33CDC,32.25146449,-110.921479,2430.0,450.0,450.0,,19,740.66,137.16
321505111002601,D-13-13 34CDC,32.25146444,-111.0078712,2292.0,468.0,468.0,,19,698.6,142.65
321506110495701,D-13-15 32CDD,32.25174234,-110.8331423,2520.0,,,,19,768.1,
321506110503601,D-13-15 31DDC,32.2517423,-110.843976,2526.0,402.0,402.0,,19,769.92,122.53
321507110474801,D-13-15 34CCC,32.25202015,-110.7973077,2530.0,243.0,243.0,,19,771.14,74.07
321507111024001,D-13-13 32CCC,32.25202007,-111.0450948,2468.0,302.0,302.0,,19,752.25,92.05
321508110555601,D-13-14 32DCA2,32.2522978,-110.9328684,2422.0,500.0,500.0,,19,738.23,152.4
321509110462501,D-13-15 35DDC,32.25118683,-110.7742512,2590.0,270.0,270.0,,19,789.43,82.3
321510110465801,D-13-15 35CDB2,32.25285349,-110.7834183,2585.0,350.0,350.0,,19,787.91,106.68
321510110480401,D-13-15 34CDB2,32.25285348,-110.8017523,2537.0,200.0,200.0,,19,773.28,60.96
321510110525201,D-13-14 35DCB,32.2528534,-110.8817554,2461.0,527.0,527.0,,19,750.11,160.63
321511110465901,D-13-15 35CDB1,32.25313127,-110.783696,2585.0,350.0,350.0,,19,787.91,106.68
321511110555401,D-13-14 32DCA1,32.2531311,-110.9323128,2422.0,245.0,318.0,,19,738.23,74.68
321512110460101,D-13-15 36CDB,32.25340906,-110.7675844,2610.0,,,,19,795.53,
321512110480701,D-13-15 34CDB1,32.253409,-110.8025857,2536.0,300.0,300.0,,19,772.97,91.44
321513110485401,D-13-15 33CDA,32.25368679,-110.8156418,2510.0,150.0,150.0,,19,765.05,45.72
321513110525201,D-13-14 35DCA,32.2536867,-110.8817554,2460.0,425.0,425.0,,19,749.81,129.54
321514110493101,D-13-15 32DDA,32.25396456,-110.82592,2525.0,,,,19,769.62,
321514110515901,D-13-14 36CDA,32.2539645,-110.8670326,2482.0,560.0,560.0,,19,756.51,170.69
321514110531701,D-13-14 35CCA,32.2539645,-110.8887001,2454.0,500.0,500.0,,19,747.98,152.4
321517110571801,D-13-14 31CAC1,32.25479775,-110.9556471,2393.0,382.0,382.0,,19,729.39,116.43
321517110571802,D-13-14 31CAC [WR-52],32.25479775,-110.9556471,2395.0,808.0,808.0,,19,730.0,246.28
321517111005001,D-13-13 33DAC,32.25479773,-111.0145382,2296.4,175.0,175.0,,19,699.94,53.34
321518110465101,D-13-15 35CAD,32.2550757,-110.7814739,2600.0,200.0,200.0,,19,792.48,60.96
321518110484801,D-13-15 33DBC,32.25507568,-110.8139751,2515.0,205.0,205.0,,19,766.57,62.48
321518110521601,D-13-14 36CBD,32.2550756,-110.871755,2476.0,300.0,300.0,,19,754.68,91.44
321518110540501,D-13-14 34CAD1,32.25507559,-110.902034,2442.0,,,,19,744.32,
321518110540601,D-13-14 34CAD2,32.25507559,-110.9023118,2442.0,500.0,500.0,,19,744.32,152.4
321518110544501,D-13-14 33DAC,32.25507557,-110.9131456,2428.0,221.0,221.0,,19,740.05,67.36
321518110552301,D-13-14 33CBD,32.25507556,-110.9237015,2420.61,495.0,495.0,,19,737.8,150.88
321518110571801,D-13-14 31CAC2,32.2550755,-110.9556472,2394.0,285.0,285.0,,19,729.69,86.87
321519110465701,D-13-15 35CAC,32.25535349,-110.7831406,2610.0,170.0,170.0,,19,795.53,51.82
321519110483401,D-13-15 33DAC,32.25535346,-110.810086,2512.0,395.0,395.0,,19,765.66,120.4
321522110512601,D-13-15 31CBB,32.25618674,-110.8578657,2478.0,190.0,190.0,,19,755.29,57.91
321523110474901,D-13-15 34CBB,32.25646458,-110.7975857,2555.0,150.0,150.0,,19,778.76,45.72
321523110491801,D-13-15 33CBB,32.25646456,-110.8223089,2500.0,,,,19,762.0,
321523110555201,D-13-14 32DBA2,32.2564644,-110.9317574,2409.0,524.0,723.0,,19,734.26,159.72
321524110555301,D-13-14 32DBA1,32.2567422,-110.9320352,2409.0,355.0,355.0,,19,734.26,108.2
321525110490301,D-13-15 33CAB,32.2570201,-110.818142,2510.0,120.0,120.0,,19,765.05,36.58
321525110521001,D-13-14 36CDB,32.25424229,-110.8700883,2482.0,507.0,507.0,,19,756.51,154.53
321526110485501,D-13-15 33CAA2,32.25729789,-110.8159198,2520.0,200.0,200.0,,19,768.1,60.96
321526110565301,D-13-14 31DBA1,32.2572977,-110.9487026,2400.35,390.0,390.0,,19,731.63,118.87
321527110565401,D-13-14 31DBA3,32.2575755,-110.9489804,2397.0,615.0,615.0,,19,730.61,187.45
321528110510301,D-13-15 31BDD,32.2578534,-110.8514767,2478.0,559.0,559.0,,19,755.29,170.38
321529110510201,D-13-15 31BDD1,32.25813118,-110.8511989,2480.0,,,,19,755.9,
321530110523501,D-13-14 35ADD,32.2584089,-110.8770333,2454.0,600.0,600.0,,19,747.98,182.88
321530110543601,D-13-14 33ADD1,32.25840888,-110.9106456,2424.0,498.0,498.0,,19,738.84,151.79
321530110571701,D-13-14 31BDC1,32.2584088,-110.9553695,2391.0,195.0,195.0,,19,728.78,59.44
321530110571801,D-13-14 31BDC2,32.2584088,-110.9556473,2389.45,500.0,500.0,,19,728.3,152.4
321531110543601,D-13-14 33ADD2,32.25868665,-110.9106457,2422.0,534.0,903.0,,19,738.23,162.76
321531110543701,D-13-14 33ADA,32.25868665,-110.9109234,2424.0,165.0,165.0,,19,738.84,50.29
321531110584401,D-13-13 34AAD,32.25868656,-110.9795371,2308.7,234.0,234.0,,19,703.69,71.32
321532110485501,D-13-15 33BDD,32.25896456,-110.8159199,2505.0,185.0,185.0,,19,763.52,56.39
321533110494501,D-13-15 32ACD,32.2592423,-110.8298093,2495.0,70.0,70.0,,19,760.48,21.34
321535110535801,D-13-14 34ACB1,32.25979777,-110.9000898,2431.0,150.0,150.0,,19,740.97,45.72
321536110520701,D-13-14 36BDB,32.26007559,-110.8692553,2470.0,263.0,263.0,,19,752.86,80.16
321536110592101,D-13-13 35BDB1,32.26035319,-110.9898154,2327.0,115.0,120.0,,19,709.27,35.05
321537110465401,D-13-15 35BDC,32.26035349,-110.7823076,2630.0,160.0,,,19,801.62,48.77
321537110481701,D-13-15 34BCB,32.26035346,-110.805364,2560.0,160.0,160.0,,19,780.29,48.77
321537110535901,D-13-14 34ACB2,32.2603533,-110.9003676,2431.0,435.0,435.0,,19,740.97,132.59
321537110560901,D-13-14 32BDA,32.26035327,-110.93648,2389.0,319.0,319.0,,19,728.17,97.23
321537110565501,D-13-14 31ACA,32.26035325,-110.9492583,2380.76,175.0,175.0,,19,725.66,53.34
321537110585001,D-13-13 35ADB,32.2603532,-110.981204,2337.0,760.0,760.0,,19,712.32,231.65
321537110592901,D-13-13 35BCA,32.26035319,-110.9920377,2328.5,228.0,228.0,,19,709.73,69.49
321538110553701,D-13-14 32ADA,32.26063106,-110.9275908,2413.0,500.0,500.0,,19,735.48,152.4
321539110491701,D-13-15 33BCB,32.26090899,-110.8220313,2495.0,150.0,150.0,,19,760.48,45.72
321539110513801,D-13-14 36ADB,32.2609089,-110.8611995,2462.0,190.0,190.0,,19,750.42,57.91
321539110533301,D-13-14 34ADA1,32.26090888,-110.8931451,2430.0,170.0,170.0,,19,740.66,51.82
321540110484801,D-13-15 33ACB,32.26118677,-110.8139755,2500.0,160.0,160.0,,19,762.0,48.77
321540110505901,D-13-15 31BDA,32.2611867,-110.8503657,2470.0,426.0,426.0,,19,752.86,129.84
321540110523201,D-13-14 35ADB,32.26118668,-110.8789779,2439.0,162.0,162.0,,19,743.41,49.38
321541110502701,D-13-15 31ADA1,32.2614645,-110.8414765,2470.0,45.0,45.0,,19,752.86,13.72
321541110523601,D-13-14 35AAD3,32.26194444,-110.8771667,2442.0,248.0,248.0,112BSFL,19,744.32,75.59
321541110525201,D-13-14 35ABD2,32.26146445,-110.8817558,2438.0,335.0,335.0,,19,743.1,102.11
321542110502701,D-13-15 31ADA2,32.26174229,-110.8414765,2475.0,150.0,150.0,,19,754.38,45.72
321542110521901,D-13-14 36BBD,32.26174224,-110.8725888,2453.0,244.0,244.0,,19,747.67,74.37
321542110525201,D-13-14 35ABD1,32.2617422,-110.8817558,2437.79,150.0,150.0,,19,743.04,45.72
321543110531201,D-13-14 35BAC2,32.26340887,-110.8873117,2427.0,250.0,250.0,,19,739.75,76.2
321544110480201,D-13-15 34BAC,32.2622979,-110.8011973,2460.0,236.0,236.0,,19,749.81,71.93
321544110523301,D-13-14 35AAD2,32.26229779,-110.8764779,2440.0,200.0,200.0,,19,743.71,60.96
321544110585701,D-13-13 35ABD,32.2622976,-110.9831486,2320.0,171.0,171.0,,19,707.14,52.12
321545110473601,D-13-15 34AAC,32.26257569,-110.7939748,2590.0,185.0,185.0,,19,789.43,56.39
321545110530401,D-13-14 35BAD,32.2628533,-110.8859227,2430.0,215.0,215.0,,19,740.66,65.53
321545110531201,D-13-14 35BAC1,32.26257554,-110.8873117,2430.0,240.0,240.0,,19,740.66,73.15
321545111002101,D-13-13 34BAC,32.26257537,-111.0064828,2291.0,201.0,201.0,,19,698.3,61.26
321546110484601,D-13-15 33AAA,32.26285344,-110.81342,2530.0,205.0,205.0,112BSFL,19,771.14,62.48
321546110494001,D-13-15 31ABD,32.2628534,-110.8284206,2465.0,30.0,30.0,,19,751.33,9.14
321546110533701,D-13-14 34AAD,32.2628533,-110.8942564,2421.0,385.0,385.0,,19,737.92,117.35
321547110494101,D-13-15 32ABD,32.26313119,-110.8286984,2494.0,85.0,85.0,,19,760.17,25.91
321547110505601,D-13-15 31ABB,32.26313116,-110.8495325,2460.0,105.0,105.0,,19,749.81,32.0
321547110512701,D-13-14 36AAD,32.26313114,-110.8581439,2461.0,609.0,609.0,,19,750.11,185.62
321549110474601,D-13-15 27DDC,32.26507569,-110.7934194,2586.0,174.0,174.0,,19,788.21,53.04
321549110532101,D-13-14 35BBA,32.26368664,-110.8898118,2423.0,143.0,143.0,,19,738.53,43.59
321549110535601,D-13-14 34ABB,32.2636866,-110.8995344,2424.0,470.0,470.0,,19,738.84,143.26
321549110562201,D-13-14 32BBA,32.26368656,-110.9400915,2389.0,550.0,550.0,,19,728.17,167.64
321550110523301,D-13-14 35AAA2,32.26396444,-110.876478,2430.0,120.0,120.0,,19,740.66,36.58
321550110561601,D-13-14 32BAB2,32.26396434,-110.9384248,2389.0,490.0,968.0,,19,728.17,149.35
321550110582701,D-13-13 36BBA,32.26396428,-110.974815,2336.0,1025.0,1025.0,,19,712.01,312.42
321550110585701,D-13-13 35ABA,32.2634087,-110.982593,2321.0,641.0,641.0,,19,707.44,195.38
321550111010601,D-13-13 33ABB,32.26396426,-111.0189833,2285.0,267.0,267.0,,19,696.47,81.38
321551110454401,D-13-15 36ABB,32.2642424,-110.7628626,2660.0,610.0,610.0,,19,810.77,185.93
321551110523301,D-13-14 35AAA1,32.2642422,-110.876478,2429.0,165.0,165.0,,19,740.36,50.29
321551110542901,D-13-14 34BBB,32.26424216,-110.9087014,2408.0,590.0,590.0,,19,733.96,179.83
321551110561601,D-13-14 32BAB1,32.2642421,-110.9384248,2389.0,550.0,550.0,,19,728.17,167.64
321552110512901,D-13-14 36AAA,32.26452,-110.8586996,2456.0,195.0,195.0,,19,748.59,59.44
321552110541601,D-13-14 34BAB,32.26451994,-110.9050902,2410.0,250.0,250.0,,19,734.57,76.2
321553110484701,D-13-15 28DCC,32.26479788,-110.8136979,2516.0,174.0,,,19,766.88,53.04
321553110533401,D-13-14 34AAA2,32.26479774,-110.8934231,2412.0,133.0,133.0,,19,735.18,40.54
321553110541701,D-13-14 34BBA,32.2647977,-110.905368,2412.0,200.0,200.0,,19,735.18,60.96
321553111003001,D-13-13 34BBA,32.26479757,-111.008983,2281.0,300.0,300.0,,19,695.25,91.44
321554110530101,D-13-14 35BAA,32.2650755,-110.8842561,2420.0,701.0,701.0,,19,737.62,213.66
321554111044401,D-13-12 25CCC,32.2664643,-111.079541,2538.0,390.0,390.0,,19,773.58,118.87
321555110533401,D-13-14 34AAA1,32.26535329,-110.8934231,2412.0,135.0,135.0,,19,735.18,41.15
321555110534501,D-13-14 27DDC3,32.26535328,-110.8964788,2412.0,240.0,240.0,,19,735.18,73.15
321555110582201,D-13-13 25CDC,32.26535315,-110.9734261,2335.0,315.0,315.0,,19,711.71,96.01
321556110505701,D-13-15 30CDD,32.26563114,-110.8498104,2500.0,,,,19,762.0,
321556110573401,D-13-14 30CCC1,32.26563095,-110.9600923,2356.0,200.5,200.5,,19,718.11,61.11
321556110584301,D-13-13 26DDD1,32.2656309,-110.9792597,2328.0,,,,19,709.57,
321557110503401,D-13-15 30DDC,32.2659089,-110.8434213,2476.0,215.0,215.0,,19,754.68,65.53
321557110514301,D-13-14 25DCD,32.2659089,-110.8625887,2440.0,115.0,115.0,,19,743.71,35.05
321557110540401,D-13-14 27CDD2,32.26674215,-110.9034236,2402.0,168.0,168.0,,19,732.13,51.21
321557111001301,D-13-13 27CDD2,32.26590865,-111.0042607,2292.0,303.0,303.0,,19,698.6,92.35
321558110523901,D-13-14 26DDC,32.26618664,-110.8781448,2425.0,,,,19,739.14,
321558110524901,D-13-14 26DCD,32.26618664,-110.8809227,2423.0,30.0,30.0,,19,738.53,9.14
321558110530501,D-13-14 26CDD,32.2661866,-110.8853673,2419.0,155.0,155.0,,19,737.31,47.24
321558110531901,D-13-14 26CCD1,32.2653533,-110.8892563,2418.0,190.0,190.0,,19,737.01,57.91
321558110532601,D-13-14 26CCC1,32.2661866,-110.8903675,2415.0,300.0,300.0,,19,736.09,91.44
321558110533401,D-13-14 27DDD,32.2661866,-110.8934232,2412.0,170.0,170.0,,19,735.18,51.82
321558110534201,D-13-14 27DDC1,32.2661866,-110.8956455,2411.0,76.0,76.0,,19,734.87,23.16
321558110540501,D-13-14 27CDD1,32.2661866,-110.9020346,2412.0,72.0,72.0,,19,735.18,21.95
321558110541301,D-13-14 27CDC1,32.2661866,-110.9042569,2415.9,194.0,,,19,736.37,59.13
321558110541401,D-13-14 27CDC2,32.2661866,-110.9045347,2415.0,205.0,205.0,,19,736.09,62.48
321558111001401,D-13-13 27CDD1,32.2653531,-111.0045384,2291.0,210.0,210.0,,19,698.3,64.01
321559110532301,D-13-14 26CCC2,32.2664644,-110.8903675,2418.0,610.0,610.0,,19,737.01,185.93
321559110554601,D-13-14 29DDC2,32.2664643,-110.9300912,2397.0,210.0,210.0,,19,730.61,64.01
321559110573401,D-13-14 30CCC2,32.26646427,-110.9600924,2356.0,415.0,415.0,,19,718.11,126.49
321600110523201,D-13-14 26DDD,32.2667422,-110.8762004,2430.0,150.0,150.0,,19,740.66,45.72
321600110542001,D-13-14 27CCA,32.26674214,-110.9062015,2401.0,,,,19,731.82,
321600110591301,D-13-13 35BAA1,32.26674199,-110.9875934,2319.3,228.0,228.0,,19,706.92,69.49
321601110544601,D-13-14 28DDB,32.2670199,-110.913424,2402.0,360.0,360.0,,19,732.13,109.73
321602110522301,D-13-14 25CCA,32.26729776,-110.8737003,2436.0,150.0,150.0,,19,742.49,45.72
321602110523001,D-13-14 26DDA1,32.26729775,-110.8756448,2432.0,100.0,100.0,,19,741.27,30.48
321602110540801,D-13-14 27CDA,32.2672977,-110.902868,2400.0,320.0,320.0,,19,731.52,97.54
321602111014701,D-13-13 29DDA1,32.26729756,-111.0303727,2342.0,160.0,160.0,,19,713.84,48.77
321602111014801,D-13-13 29DDA3,32.26729756,-111.0306505,2342.0,320.0,320.0,,19,713.84,97.54
321603110590001,D-13-13 26DCA,32.2675753,-110.9839822,2322.0,,,,19,707.75,
321604110525601,D-13-14 26DCB2,32.26785329,-110.8828673,2423.0,120.0,120.0,,19,738.53,36.58
321604110591401,D-13-13 26CDA,32.26785309,-110.9878713,2321.3,220.0,220.0,,19,707.53,67.06
321604110593601,D-13-13 26CCB,32.26785308,-110.9939826,2308.5,376.0,376.0,,19,703.63,114.6
321605110463801,D-13-15 26DCA,32.26813127,-110.7778634,2640.0,405.0,405.0,,19,804.67,123.44
321605110501401,D-13-15 29CCA,32.26813115,-110.8378657,2495.0,418.0,418.0,,19,760.48,127.41
321605110523201,D-13-14 26DDA2,32.26813108,-110.8762004,2430.0,100.0,100.0,,19,740.66,30.48
321605110525501,D-13-14 26DCB3,32.26813107,-110.8825896,2423.0,70.0,70.0,,19,738.53,21.34
321605110525701,D-13-14 26DCB1,32.26813107,-110.8831451,2423.0,40.0,40.0,,19,738.53,12.19
321605111014601,D-13-13 29DDA2,32.26813088,-111.030095,2235.0,200.0,200.0,,19,681.23,60.96
321606110482201,D-13-15 28DDA,32.26840899,-110.8067534,2530.0,150.0,150.0,,19,771.14,45.72
321606110503501,D-13-15 30DBD,32.2684089,-110.8436992,2484.0,263.0,263.0,,19,757.12,80.16
321606110504201,D-13-15 30DCA,32.2684089,-110.8456437,2469.0,82.0,82.0,,19,752.55,24.99
321606111014301,D-13-13 28CCB,32.26840865,-111.0275949,2308.0,303.0,,,19,703.48,92.35
321607110533901,D-13-14 27DDB,32.26868659,-110.8948123,2409.0,177.0,177.0,,19,734.26,53.95
321608110453401,D-13-15 25DCA,32.26896464,-110.760085,2660.0,600.0,600.0,,19,810.77,182.88
321608110481601,D-13-15 27CBC,32.26896455,-110.8050867,2540.0,,,,19,774.19,
321608110523301,D-13-14 26DAA1,32.2689644,-110.8764783,2425.0,57.0,57.0,,19,739.14,17.37
321608110523302,D-13-14 26DAA2,32.2689644,-110.8764783,2425.0,32.55,57.0,,19,739.14,9.92
321608110523303,D-13-14 26DAA3,32.2689644,-110.8764783,2425.0,6.55,57.0,,19,739.14,2.0
321608110524801,D-13-14 26DBD2,32.2689644,-110.880645,2422.0,277.0,277.0,,19,738.23,84.43
321608110525201,D-13-14 26DBD3,32.2689644,-110.8817562,2420.0,89.0,89.0,,19,737.62,27.13
321610110524001,D-13-14 26DAC3,32.26951995,-110.8784228,2426.0,309.0,309.0,,19,739.44,94.18
321611110455101,D-13-15 25CAD,32.26979796,-110.7648075,2680.0,840.0,840.0,,19,816.86,256.03
321611110523301,D-13-14 26DAD,32.26979773,-110.8764783,2431.0,150.0,150.0,,19,740.97,45.72
321612110455901,D-13-15 25CAC,32.27007574,-110.7670298,2760.0,925.0,925.0,,19,841.25,281.94
321612110523701,D-13-14 26DAC2,32.2700755,-110.8775895,2430.0,100.0,100.0,,19,740.66,30.48
321612110523801,D-13-14 26DAC4,32.2700755,-110.8778673,2430.0,328.0,328.0,,19,740.66,99.97
321612110524001,D-13-14 26DAC1,32.2700755,-110.8784228,2429.0,100.0,100.0,,19,740.36,30.48
321612110524601,D-13-14 26DAB,32.2711866,-110.8784229,2430.0,,,,19,740.66,
321612110543301,D-13-14 28DAD,32.27007544,-110.9098129,2390.0,150.0,150.0,,19,728.47,45.72
321612110585201,D-13-13 26DAC,32.26840865,-110.9800932,2328.0,401.0,401.0,,19,709.57,122.22
321612110591101,D-13-13 26CAD,32.27007528,-110.987038,2319.0,600.0,600.0,,19,706.83,182.88
321613110515801,D-13-14 25CAD,32.2703533,-110.8667558,2440.0,,,,19,743.71,
321613110524801,D-13-14 26DBD1,32.27035328,-110.8806452,2428.0,150.0,150.0,,19,740.05,45.72
321613111033801,D-13-13 30CBC,32.2703531,-111.0612073,2425.0,350.0,350.0,,19,739.14,106.68
321614110533001,D-13-14 26CBB2,32.270631,-110.8923123,2409.0,130.0,130.0,,19,734.26,39.62
321615110532901,D-13-14 26CBB3,32.2709088,-110.8920345,2409.0,80.0,80.0,,19,734.26,24.38
321615110533001,D-13-14 26CBB1,32.2709088,-110.8923123,2409.0,35.0,35.0,,19,734.26,10.67
321616110544701,D-13-14 28DBA1,32.27118653,-110.913702,2375.0,157.9,158.0,,19,723.9,48.13
321616110544702,D-13-14 28DBA2,32.27118653,-110.913702,2375.0,134.5,158.0,,19,723.9,41.0
321616110544703,D-13-14 28DBA3,32.27118653,-110.913702,2375.0,34.46,158.0,,19,723.9,10.5
321616110563101,D-13-14 29CBB,32.27118647,-110.942592,2374.0,502.0,502.0,,19,723.6,153.01
321616110570201,D-13-14 30DBB2,32.27118645,-110.9512034,2366.0,440.0,448.0,,19,721.16,134.11
321616110571001,D-13-14 30CAA1,32.27118645,-110.9534257,2357.0,460.0,460.0,,19,718.41,140.21
321617110525101,D-13-14 26DBA,32.27146438,-110.8814786,2435.0,30.0,30.0,,19,742.19,9.14
321617110570301,D-13-14 30DBB1,32.2714642,-110.9514812,2365.0,260.0,260.0,,19,720.85,79.25
321617110584401,D-13-13 26DAA,32.27146416,-110.9795378,2327.0,,,,19,709.27,
321618110571601,D-13-14 30CAD,32.27174199,-110.9550925,2361.0,455.0,,,19,719.63,138.68
321619111004702,D-13-13 28ADD,32.27201968,-111.0137057,2279.0,305.0,305.0,,19,694.64,92.96
321621110591101,D-13-13 26BDD,32.27257524,-110.9870381,2321.6,216.0,216.0,,19,707.62,65.84
321622110544901,D-13-14 28ADC1,32.27285318,-110.9142577,2382.0,,,,19,726.03,
321622111005201,D-13-13 28ADC,32.272853,-111.0150947,2269.0,205.0,205.0,,19,691.59,62.48
321623111025201,D-13-13 30ADC,32.2731308,-111.0484292,2360.0,450.0,450.0,,19,719.33,137.16
321624110503701,D-13-15 30ADC,32.27340889,-110.844255,2520.0,190.0,190.0,,19,768.1,57.91
321626111033701,D-13-13 30BCC,32.27396415,-111.0609296,2424.0,395.0,395.0,,19,738.84,120.4
3216281105608,D-13-14 29BDA,32.27479755,-110.9364808,2360.0,200.0,,112BSFL,19,719.33,60.96
321629110561601,D-13-14 29BDB,32.27479755,-110.9384253,2365.0,273.0,273.0,,19,720.85,83.21
321630110533501,D-13-14 27ADA1,32.27507543,-110.892868,2440.0,70.0,70.0,,19,743.71,21.34
321630110533601,D-13-14 27ADA2,32.27507543,-110.8931459,2440.0,300.0,300.0,,19,743.71,91.44
321630110535801,D-13-14 27ACB1,32.2750754,-110.9000906,2396.0,,,,19,730.3,
321630110542101,D-13-14 27BCA1,32.2750754,-110.9064797,2390.0,,,,19,728.47,
321630110550701,D-13-14 28BDA,32.27507537,-110.919258,2378.0,125.0,125.0,,19,724.81,38.1
321630110554501,D-13-14 29ADB,32.27507535,-110.9298139,2366.0,80.0,80.0,,19,721.16,24.38
321632110540701,D-13-14 27BDA,32.27563096,-110.9025907,2401.0,,,,19,731.82,
321632110542101,D-13-14 27BCA2,32.27563095,-110.9064797,2390.0,,,,19,728.47,
321632110543201,D-13-14 27BCB,32.27563095,-110.9095354,2401.0,57.4,57.4,,19,731.82,17.5
321632110572601,D-13-14 30BBC,32.2756308,-110.9578705,2345.0,170.0,170.0,,19,714.76,51.82
321633110541001,D-13-14 27BDB3,32.27590874,-110.903424,2404.0,275.0,275.0,,19,732.74,83.82
321633110541301,D-13-14 27BDB4,32.27590873,-110.9042575,2401.0,135.0,135.0,,19,731.82,41.15
321633110555101,D-13-14 29ABD-AZ014,32.27590867,-110.9314807,2361.0,141.0,141.0,,19,719.63,42.98
321634110541401,D-13-14 27BDB1,32.2761865,-110.9045353,2400.0,,,,19,731.52,
321634110542301,D-13-14 27BBD,32.2761865,-110.9070354,2401.0,,,,19,731.82,
321635110572602,D-13-14 30BBD,32.27646415,-110.9578706,2330.0,420.0,420.0,,19,710.18,128.02
321636110500501,D-13-15 29BAC,32.27674223,-110.835366,2585.0,300.0,300.0,,19,787.91,91.44
321636110541301,D-13-14 27BAC4,32.27674206,-110.9042575,2418.0,160.0,160.0,,19,737.01,48.77
321636110550701,D-13-14 28BAD1,32.276742,-110.919258,2372.0,155.0,155.0,,19,722.99,47.24
321636110553801,D-13-14 29AAD,32.276742,-110.9278695,2365.0,,,,19,720.85,
321636110563201,D-13-14 29BBC,32.27674196,-110.94287,2360.0,350.0,350.0,,19,719.33,106.68
321636110574001,D-13-13 25AAD,32.2767419,-110.9617596,2345.9,168.0,168.0,,19,715.03,51.21
321636110591301,D-13-13 26BAD1,32.27674185,-110.9875939,2321.7,222.0,222.0,,19,707.65,67.67
321637110484001,D-13-15 28ABD,32.27702007,-110.811754,2570.0,425.0,425.0,,19,783.34,129.54
321637110540501,D-13-14 27BAC2,32.27701984,-110.9020352,2399.0,224.0,224.0,,19,731.22,68.28
321637110541101,D-13-14 27BAC3,32.27701984,-110.9037019,2411.0,200.0,200.0,,19,734.87,60.96
321637110543601,D-13-14 28AAD,32.2770198,-110.9106466,2403.0,160.0,160.0,,19,732.43,48.77
321637111005401,D-13-13 28AAC,32.2770196,-111.0156505,2271.0,154.0,154.0,,19,692.2,46.94
321638110541401,D-13-14 27BAC1,32.2772976,-110.9045353,2411.0,92.0,92.0,,19,734.87,28.04
321638110591001,D-13-13 26BAD2,32.2772974,-110.9867606,2319.0,500.0,500.0,,19,706.83,152.4
321639110502801,D-13-15 30AAD,32.27757555,-110.8417552,2540.0,260.0,260.0,,19,774.19,79.25
321639110560401,D-13-14 29ABB,32.27785308,-110.9349254,2353.0,302.0,302.0,,19,717.19,92.05
321641110593401,D-13-13 26BBB,32.2781307,-110.9934276,2318.0,200.0,200.0,,19,706.53,60.96
321642110510801,D-13-15 30BAB,32.27840885,-110.8528668,2630.0,276.0,276.0,,19,801.62,84.12
321643110503001,D-13-15 30AAA,32.27868665,-110.8423109,2640.0,200.0,200.0,,19,804.67,60.96
321643110534301,D-13-14 27AAB,32.2786865,-110.895924,2480.0,,,,19,755.9,
321643110540601,D-13-14 27BAA,32.27868649,-110.902313,2435.0,162.0,162.0,,19,742.19,49.38
321643110544501,D-13-14 28AAB,32.27868646,-110.9131468,2397.0,,,,19,730.61,
321643110553801,D-13-14 29AAA,32.2786864,-110.9278696,2362.0,93.0,93.0,,19,719.94,28.35
321643110561601,D-13-14 29BAB,32.2786864,-110.9384255,2350.0,,,,19,716.28,
321644110475401,D-13-15 27BAA1,32.27896454,-110.7989759,2571.0,163.0,163.0,,19,783.64,49.68
321644110480701,D-13-15 27BBA,32.27896453,-110.8025872,2557.0,163.0,163.0,,19,779.37,49.68
321644110482901,D-13-15 28AAA,32.2789645,-110.8086985,2592.0,300.0,300.0,,19,790.04,91.44
321644110562301,D-13-14 29BBA2,32.27896417,-110.94037,2352.98,250.0,250.0,,19,717.19,76.2
321644110580201,D-13-13 25ABB,32.27896409,-110.967871,2334.0,503.0,503.0,,19,711.4,153.31
321645110475301,D-13-15 27BAA2,32.2792423,-110.7986982,2570.0,165.0,165.0,,19,783.34,50.29
321645110502001,D-13-15 29BBB,32.2792422,-110.839533,2540.0,170.0,170.0,,19,774.19,51.82
321647110532201,D-13-14 26BBB,32.2789643,-110.8900904,2464.0,200.0,200.0,,19,751.03,60.96
321647110563301,D-13-14 20CCC,32.27979748,-110.943148,2344.0,205.0,205.0,,19,714.45,62.48
321647111015501,D-13-13 20DDC2,32.27979735,-111.0325956,2265.3,450.0,450.0,,19,690.46,137.16
321648110480401,D-13-15 22CDC,32.28007565,-110.8017539,2557.0,237.0,237.0,,19,779.37,72.24
321648110510001,D-13-15 19CDD,32.2800755,-110.8506446,2623.0,304.0,304.0,,19,799.49,92.66
321648110533801,D-13-14 22DDD1,32.28007539,-110.894535,2485.0,,,,19,757.43,
321648110565601,D-13-14 19DCD,32.28007524,-110.9495371,2340.0,300.0,300.0,,19,713.23,91.44
321648111010801,D-13-13 21DCC,32.2800751,-111.0195396,2264.0,251.0,251.0,,19,690.07,76.5
321649110501501,D-13-15 20CCD1,32.2803533,-110.8381441,2555.0,133.0,133.0,,19,778.76,40.54
321649110563001,D-13-14 20CDD1,32.2799086,-110.9341477,2352.0,,,,19,716.89,
321649110563101,D-13-14 20CDD,32.28035305,-110.9373145,2352.0,160.0,160.0,,19,716.89,48.77
321649110563201,D-13-14 20CCD,32.28035304,-110.9414813,2348.0,323.0,323.0,,19,715.67,98.45
321649110564001,D-13-14 19DDD,32.280353,-110.9450925,2342.0,300.0,300.0,,19,713.84,91.44
321650110540501,D-13-14 22DCD,32.2806309,-110.9020354,2425.0,60.0,,,19,739.14,18.29
321650110545201,D-13-14 21DCD,32.28063088,-110.9150914,2392.65,168.0,168.0,,19,729.28,51.21
321650110551201,D-13-14 21CDC2,32.28063087,-110.9206472,2370.0,,,,19,722.38,
321650110551501,D-13-14 21CDC1,32.28063087,-110.9214806,2369.0,,,,19,722.07,
321650111031801,D-13-13 19CDC,32.28063069,-111.056763,2360.0,450.0,450.0,,19,719.33,137.16
321651111015401,D-13-13 20DDC1,32.28090845,-111.0323179,2258.0,,,,19,688.24,
321652110533601,D-13-14 22DDD3,32.28118649,-110.8939796,2520.0,,,,19,768.1,
321653110501601,D-13-15 20CCD2,32.2814644,-110.838422,2560.0,225.0,225.0,,19,780.29,68.58
321653110564801,D-13-14 19DDB2,32.28163078,-110.947426,2339.0,295.0,295.0,,19,712.93,89.92
321654110564101,D-13-14 19DDA2,32.2817419,-110.9453704,2342.0,288.0,288.0,,19,713.84,87.78
321655110563201,D-13-14 20CCB,32.28201968,-110.9428703,2344.0,175.0,175.0,,19,714.45,53.34
321656110564001,D-13-14 19DDA1,32.28229745,-110.9450926,2342.0,163.0,163.0,,19,713.84,49.68
321656110573401,D-13-14 19CCB,32.2822974,-110.9600932,2329.0,150.0,150.0,,19,709.88,45.72
321657110482601,D-13-15 21DDA,32.2825756,-110.8078654,2596.0,300.0,300.0,,19,791.26,91.44
321658111000901,D-13-13 22DCB,32.28285284,-111.0031504,2306.0,410.0,410.0,,19,702.87,124.97
321658111013101,D-13-13 21CBD,32.28396395,-111.0250956,2253.0,360.0,360.0,,19,686.71,109.73
321701110475301,D-13-15 22CDA,32.28368676,-110.7998096,2576.0,353.0,,,19,785.16,107.59
321701110562501,D-13-14 20CBD2,32.28368633,-110.9409259,2345.0,225.0,225.0,,19,714.76,68.58
321701110571101,D-13-14 19CAD,32.2836863,-110.9537041,2332.0,105.0,105.0,,19,710.79,32.0
321701110571901,D-13-14 19CAC,32.28368629,-110.9559265,2331.0,218.0,218.0,,19,710.49,66.45
321702110475501,D-13-15 22CAD,32.28396453,-110.799254,2580.0,163.0,163.0,,19,786.38,49.68
321702110560401,D-13-14 20DBC2,32.2839641,-110.9350924,2360.0,,,,19,719.33,
321702110573401,D-13-14 19CBC1,32.28396405,-110.9600933,2325.0,31.0,31.0,,19,708.66,9.45
321702110595001,D-13-13 22DAC1,32.28396394,-110.9978725,2312.0,220.0,220.0,,19,704.7,67.06
321703110575401,D-13-13 24DBD2,32.2842418,-110.965649,2320.0,350.0,350.0,,19,707.14,106.68
321703110590701,D-13-13 23DBC,32.28424175,-110.9859276,2307.0,498.0,498.0,,19,703.17,151.79
321703111005301,D-13-13 21DAC2,32.2842417,-111.015373,2263.0,,,,19,689.76,
321703111005401,D-13-13 21DAC1,32.2842417,-111.0156508,2263.0,,,,19,689.76,
321704110560201,D-13-14 20DBC4,32.28418634,-110.9352035,2360.0,,,,19,719.33,
321705110560301,D-13-14 20DBC3,32.28479745,-110.9348146,2370.0,,,,19,722.38,
321707110575001,D-13-13 24DAB2,32.2853529,-110.964538,2321.0,300.0,300.0,,19,707.44,91.44
321708110562501,D-13-14 20CBA2,32.28563076,-110.940926,2357.0,150.0,150.0,,19,718.41,45.72
321708110564001,D-13-14 19DAA,32.28563074,-110.9450928,2335.0,152.0,152.0,,19,711.71,46.33
321708110575001,D-13-13 24DAB1,32.28563068,-110.964538,2321.0,86.0,86.0,,19,707.44,26.21
321709110555301,D-13-14 20DBA,32.28590856,-110.9320368,2380.0,168.0,168.0,,19,725.42,51.21
321709110563201,D-13-14 20CBB,32.2859085,-110.9428705,2350.0,152.0,152.0,,19,716.28,46.33
321709110593601,D-13-13 23CBB,32.28590836,-110.9939835,2300.0,,,,19,701.04,
321709111020901,D-13-13 20ACC,32.28785278,-111.036485,2256.0,309.0,309.0,,19,687.63,94.18
321710111001401,D-13-13 22CAA,32.2861861,-111.0045395,2296.0,165.0,165.0,,19,699.82,50.29
321711110562701,D-13-14 20CBA,32.28646408,-110.9414816,2355.0,180.0,180.0,,19,717.8,54.86
321713111062401,D-13-12 22CAA1,32.28682778,-111.1066778,2654.6,495.0,495.0,,19,809.12,150.88
321714110591001,D-13-13 23BDD2,32.28729726,-110.9867611,2301.0,439.0,439.0,,19,701.34,133.81
321714110594301,D-13-13 22ADA,32.2872972,-110.9959281,2295.0,140.0,140.0,,19,699.52,42.67
321715110575701,D-13-13 24ACD,32.2875751,-110.9664826,2315.0,210.0,210.0,,19,705.61,64.01
321715110580501,D-13-13 24ACC,32.28757509,-110.9687049,2315.0,450.0,450.0,,19,705.61,137.16
321715110585001,D-13-13 23ADC1,32.28757505,-110.9812054,2308.0,,,,19,703.48,
321715110591301,D-13-13 23BDD1,32.287575,-110.9875945,2300.0,128.0,128.0,,19,701.04,39.01
321715111000601,D-13-13 22ACC2,32.28757499,-111.0023172,2293.0,150.0,150.0,,19,698.91,45.72
321716111000601,D-13-13 22ACC1,32.28785276,-111.0023173,2293.0,110.0,110.0,,19,698.91,33.53
321717110484201,D-13-15 21ACD,32.28813115,-110.812588,2665.0,450.0,450.0,,19,812.29,137.16
321718110573303,D-13-14 19BCB3,32.28840844,-110.9598157,2312.0,134.94,136.0,,19,704.7,41.13
321718110573304,D-13-14 19BCB4,32.28840844,-110.9598157,2312.0,105.6,136.0,,19,704.7,32.19
321718110573305,D-13-14 19BCB5,32.28840844,-110.9598157,2312.0,32.8,136.0,,19,704.7,10.0
321720110573301,D-13-14 19BCB1,32.28896399,-110.9598158,2312.0,157.0,157.0,,19,704.7,47.85
321720110573302,D-13-14 19BCB2,32.28896399,-110.9598158,2312.0,116.68,157.0,,19,704.7,35.56
321721110561001,D-13-14 20BDA,32.28924184,-110.9367594,2397.0,160.0,,,19,730.61,48.77
321722110585801,D-13-13 23ACA,32.28951946,-110.9834278,2300.0,165.0,165.0,,19,701.04,50.29
321723110585001,D-13-13 23ADB,32.28979724,-110.9812055,2303.0,210.0,210.0,,19,701.95,64.01
321725110595701,D-13-13 22ABD,32.2903527,-110.9998173,2288.0,515.0,515.0,,19,697.38,156.97
321726110590701,D-13-13 23ABC3,32.29063054,-110.9859279,2295.0,585.0,585.0,,19,699.52,178.31
321726111001501,D-13-13 22BAD1,32.2906305,-111.0048175,2281.0,161.0,161.0,,19,695.25,49.07
321726111002601,D-13-13 22BBD,32.2906305,-111.0078731,2280.0,165.0,165.0,,19,694.94,50.29
321726111024501,D-13-13 19ADA,32.2906305,-111.0464854,2278.0,136.0,,,19,694.33,41.45
321728110495201,D-13-15 20ABC1,32.2911866,-110.8317556,2597.0,134.0,134.0,,19,791.57,40.84
321728110583501,D-13-13 24BBC,32.2911861,-110.9770387,2307.0,200.0,200.0,,19,703.17,60.96
321728110584201,D-13-13 23AAD1,32.2911861,-110.9789833,2204.0,200.0,200.0,,19,671.78,60.96
321728110590501,D-13-13 23ABC1,32.29118609,-110.9853724,2304.0,212.0,212.0,,19,702.26,64.62
321728110592701,D-13-13 23BBD,32.29118607,-110.9914837,2292.0,501.0,501.0,,19,698.6,152.7
321729110495101,D-13-15 20ABC2,32.2914644,-110.8314778,2597.0,170.0,170.0,,19,791.57,51.82
321729110585801,D-13-13 23ABD,32.29146387,-110.9834279,2301.0,,,,19,701.34,
321729110590701,D-13-13 23ABC2,32.29146387,-110.985928,2298.0,220.0,220.0,,19,700.43,67.06
321730111001401,D-13-13 22BAD2,32.29063049,-111.0045397,2281.0,305.0,305.0,,19,695.25,92.96
321730111003701,D-13-13 22BBC,32.29174159,-111.0109288,2278.0,161.0,161.0,,19,694.33,49.07
321733110575001,D-13-13 24ABA,32.29257504,-110.9645383,2317.0,498.0,,,19,706.22,151.79
321734110485001,D-13-15 21ABB,32.29285335,-110.8145329,2666.0,353.0,353.0,,19,812.6,107.59
321735110573301,D-13-14 19BBB1,32.2931306,-110.959816,2321.3,238.0,238.0,,19,707.53,72.54
321735110593001,D-13-13 23BBA,32.29313049,-110.9923172,2285.0,383.0,385.0,,19,696.47,116.74
321735111024101,D-13-13 20BBD,32.29201938,-111.043152,2260.0,136.0,136.0,,19,688.85,41.45
321736111011501,D-13-13 21BAA,32.29340823,-111.0225959,2251.0,303.0,303.0,,19,686.1,92.35
321737110482701,D-13-15 21AAA,32.2936867,-110.8081438,2557.13,336.0,336.0,,19,779.41,102.41
321737111023101,D-13-13 20BBA1,32.293686,-111.0425966,2249.0,,,,19,685.5,
321738111023101,D-13-13 20BBA2,32.29396379,-111.0425966,2249.0,116.0,116.0,,19,685.5,35.36
321741111001401,D-13-13 15CDD,32.2947971,-111.0045399,2273.0,190.0,190.0,,19,692.81,57.91
321741111002901,D-13-13 15CCD1,32.2947971,-111.0087067,2272.0,150.0,150.0,,19,692.51,45.72
321742110494401,D-13-15 17DCD,32.2950755,-110.8295335,2613.65,,,,19,796.64,
321742110495001,D-13-15 17DCC,32.2950755,-110.8312003,2680.0,300.0,300.0,,19,816.86,91.44
321742110585301,D-13-13 14DDC1,32.29507494,-110.9820391,2300.0,250.0,250.0,,19,701.04,76.2
321742111005001,D-13-13 16DDC,32.29507487,-111.0145402,2266.0,145.0,145.0,,19,690.68,44.2
321742111020001,D-13-13 17DCD,32.29507488,-111.0339852,2240.0,,,,19,682.75,
321745110575201,D-13-13 13DDB,32.2959083,-110.965094,2360.0,146.0,146.0,,19,719.33,44.5
321745111012801,D-13-13 16CCD,32.29590819,-111.0250961,2248.0,301.0,301.0,,19,685.19,91.74
321747110585901,D-13-13 14DCA,32.2964638,-110.9837059,2298.0,400.0,400.0,,19,700.43,121.92
321748110582101,D-13-13 13CDC,32.2967416,-110.97315,2313.0,221.0,221.0,,19,705.0,67.36
321749110585101,D-13-13 14DDB1,32.29701936,-110.9814836,2305.0,268.0,268.0,,19,702.56,81.69
321749111004401,D-13-13 16DDA,32.29701929,-111.0128736,2267.29,444.0,444.0,,19,691.07,135.33
321749111051001,D-13-12 14DCB,32.29683889,-111.0871222,2383.9,405.0,405.0,,19,726.61,123.44
321752110591101,D-13-13 14CAD,32.29785266,-110.9870394,2293.0,400.0,400.0,,19,698.91,121.92
321755110593001,D-13-13 14CBD1,32.29868596,-110.9923175,2288.0,150.0,150.0,,19,697.38,45.72
321755110595201,D-13-13 15DAC,32.29868594,-110.9984288,2278.0,820.0,820.0,,19,694.33,249.94
321755111001401,D-13-13 15CAD,32.2986859,-111.00454,2270.0,630.0,630.0,,19,691.9,192.02
321755111014601,D-13-13 17DAD,32.2986859,-111.0300964,2242.0,240.0,240.0,,19,683.36,73.15
321756111033801,D-13-13 18CBD,32.29894444,-111.0605278,2290.0,300.0,300.0,112BSFL,19,697.99,91.44
321757110573601,D-13-14 18CBC,32.29924163,-110.9606497,2399.0,300.0,300.0,,19,731.22,91.44
321801110563301,D-13-14 17CBB,32.3003528,-110.943149,2502.63,296.0,296.0,,19,762.8,90.22
321801110593001,D-13-13 14CBA1,32.3003526,-110.9923175,2288.0,152.0,152.0,,19,697.38,46.33
321801110594501,D-13-13 15DAA,32.30035258,-110.9964844,2281.0,200.0,200.0,,19,695.25,60.96
321801111034201,D-13-13 18CBB,32.30035256,-111.0623197,2310.0,,,,19,704.09,
321802111000701,D-13-13 15DBB1,32.30007479,-111.0031512,2270.0,253.0,253.0,,19,691.9,77.11
321802111004501,D-13-13 16ADD,32.30174143,-111.0131516,2262.38,158.0,158.0,,19,689.57,48.16
321806111021301,D-13-13 17BDD1,32.3017414,-111.0375968,2238.0,400.0,400.0,,19,682.14,121.92
321806111021501,D-13-13 17BDD2,32.3017414,-111.0381523,2237.0,350.0,350.0,,19,681.84,106.68
321807111014501,D-13-13 17ADD,32.3020192,-111.0298188,2232.0,350.0,350.0,,19,680.31,106.68
321808110451801,D-13-15 13ADD,32.302298,-110.7556424,2820.0,217.0,217.0,,19,859.54,66.14
321808111003801,D-13-13 15BCD,32.30229698,-111.0081515,2266.0,320.0,320.0,,19,690.68,97.54
321808111063001,D-13-12 15BDC1,32.3020861,-111.10845,2581.7,500.0,500.0,,19,786.9,152.4
321809111011601,D-13-13 16BDD,32.30146366,-111.021763,2256.0,300.0,300.0,,19,687.63,91.44
321811110454201,D-13-15 13ACC,32.3031313,-110.7623093,2820.0,197.0,197.0,,19,859.54,60.05
321813111012401,D-13-13 16BDB,32.30368585,-111.0239854,2248.0,,,,19,685.19,
321815111030401,D-13-13 18ACB,32.3039722,-111.0534444,2235.0,350.0,350.0,112BSFL,19,681.23,106.68
321816111005401,D-13-13 16ADD1,32.30451917,-111.0156518,2245.0,172.5,173.0,,19,684.28,52.58
321816111005402,D-13-13 16ADD2,32.30451917,-111.0156518,2245.0,134.5,173.0,,19,684.28,41.0
321816111005403,D-13-13 16ADD3,32.30451917,-111.0156518,2245.0,32.57,173.0,,19,684.28,9.93
321817111061601,D-13-12 15ACB1,32.30475,-111.1044167,2480.0,400.0,400.0,,19,755.9,121.92
321817111062501,D-13-12 15BDA1,32.30474444,-111.1069694,2513.5,425.0,425.0,,19,766.11,129.54
321819111021601,D-13-13 17BAD,32.30535248,-111.0384303,2235.0,400.0,400.0,,19,681.23,121.92
321820110493101,D-13-15 17AAD,32.30563104,-110.8259229,2700.0,,,,19,822.96,
321822110480001,D-13-15 15BAD,32.3061867,-110.8006442,2690.0,280.0,290.0,,19,819.91,85.34
321822110493501,D-13-15 17AAC,32.30618659,-110.827034,2716.13,200.0,200.0,,19,827.88,60.96
321822110522401,D-13-14 13BBC,32.30618638,-110.8739802,2795.0,,,,19,851.92,
321823110485001,D-13-15 16ABC,32.3064644,-110.8145336,2691.0,,,,19,820.22,
321824111020901,D-13-13 17ABC,32.30674135,-111.0364859,2233.0,230.0,230.0,,19,680.62,70.1
321825110590201,D-13-13 14ABA,32.3070192,-110.9845398,2407.0,650.0,650.0,,19,733.65,198.12
321825111010501,D-13-13 16ABB2,32.3070191,-111.0187076,2250.0,497.0,497.0,,19,685.8,151.49
321826110484301,D-13-15 16ABA,32.30729777,-110.8125892,2680.0,84.0,84.0,,19,816.86,25.6
321827110484801,D-13-15 16ABB,32.30757554,-110.8139781,2690.0,200.0,200.0,,19,819.91,60.96
321828111014401,D-13-13 17AAA,32.30785244,-111.0295413,2240.0,490.0,490.0,,19,682.75,149.35
321828111031001,D-13-13 18ABB,32.30785243,-111.0534308,2238.0,198.0,198.0,,19,682.14,60.35
321829111004401,D-13-13 16AAA,32.3081302,-111.0128741,2261.0,295.0,295.0,,19,689.15,89.92
321830110583201,D-13-13 13BBA,32.3084081,-110.9762063,2395.0,242.0,350.0,,19,730.0,73.76
321830110585701,D-13-13 14ABD,32.30840808,-110.983151,2405.0,424.0,424.0,,19,733.04,129.24
321830111021201,D-13-13 08CDD2,32.30840799,-111.0373193,2235.0,200.0,200.0,,19,681.23,60.96
321832111001601,D-13-13 10CDD,32.3092413,-111.0050962,2300.0,302.0,302.0,112BSFL,19,701.04,92.05
321832111011201,D-13-13 09CDD1,32.30979686,-111.0206522,2249.62,507.0,507.0,,19,685.68,154.53
321833111060601,D-13-12 10DCD1,32.30906389,-111.1015889,2489.8,500.0,500.0,,19,758.89,152.4
321834111024001,D-13-13 08CCC1,32.30951907,-111.0450973,2220.0,85.0,85.0,,19,676.66,25.91
321835111025401,D-13-13 07DDC,32.30979685,-111.0489863,2210.0,44.0,44.0,,19,673.61,13.41
321836111021301,D-13-13 08CDD1,32.3100746,-111.0375971,2234.0,120.0,120.0,,19,680.92,36.58
321836111040601,D-13-12 12DCD1,32.31006667,-111.0683667,2276.3,300.0,300.0,,19,693.82,91.44
321836111064801,D-13-12 10CDB1,32.30998333,-111.113986,2448.0,,,,19,746.15,
321840111055001,D-13-12 10DDA1,32.311025,-111.0972861,2449.0,,,,19,746.46,
321841111021001,D-13-13 08DCB,32.31146349,-111.0367639,2228.0,275.0,275.0,,19,679.09,83.82
321843111010001,D-13-13 09DCA,32.31201905,-111.0173189,2259.0,170.0,170.0,,19,688.54,51.82
321844111011201,D-13-13 09CAD,32.3122968,-111.0206523,2246.0,420.0,420.0,,19,684.58,128.02
321844111014101,D-13-13 08DDA,32.3122968,-111.0292637,2235.0,505.0,505.0,,19,681.23,153.92
321846110592801,D-13-13 11CBD,32.3128524,-110.9923182,2390.0,510.0,510.0,,19,728.47,155.45
321851111112601,D-13-11 11ACC2,32.3142411,-111.1912126,2393.0,458.0,458.0,,19,729.39,139.6
321851111114001,D-13-11 11ACC1,32.3142411,-111.1951016,2394.0,520.0,520.0,,19,729.69,158.5
321853111041701,D-13-12 12CAA,32.31479674,-111.0720427,2282.0,350.0,350.0,,19,695.55,106.68
321854111031801,D-13-13 07CAA,32.3150745,-111.0556534,2202.0,330.0,330.0,,19,671.17,100.58
321856110493301,D-13-15 08DAB,32.315631,-110.826479,2790.0,794.0,794.0,,19,850.39,242.01
321857111022001,D-13-13 08CAB,32.31590786,-111.0395419,2221.0,302.0,302.0,,19,676.96,92.05
321859110575401,D-13-13 12ACD,32.3164636,-110.9656507,2490.0,341.0,341.0,,19,758.95,103.94
321859111075101,D-13-12 09BCC1,32.3163611,-111.1309667,2492.0,77.5,,,19,759.56,23.62
321901110492701,D-13-15 08ADD,32.3170199,-110.8248124,2801.0,200.0,200.0,,19,853.74,60.96
321901110493501,D-13-15 08ADC,32.31701989,-110.8270347,2806.0,405.0,405.0,,19,855.27,123.44
321902110492001,D-13-15 09BCC,32.31729768,-110.8228679,2793.0,284.0,284.0,,19,851.31,86.56
321902111024401,D-13-13 07ADD,32.3172967,-111.0462088,2212.0,,182.0,,19,674.22,
321904111091401,D-13-12 07AC,32.31785217,-111.154545,2536.0,,,,19,772.97,
321907111065001,D-13-12 09ADA1,32.31925,-111.1144444,2371.2,175.0,175.0,,19,722.74,53.34
321908111014301,D-13-13 08ADA1,32.31896337,-111.029264,2137.0,,,,19,651.36,
321911110593901,D-13-13 11BBC,32.31979675,-110.9948186,2412.0,310.0,310.0,,19,735.18,94.49
321914111063401,D-13-12 10BAC3,32.32067778,-111.1094944,2372.9,686.0,686.0,,19,723.26,209.09
321916111064301,D-13-12 10BBC1,32.32125,-111.1119972,2361.9,405.0,405.0,,19,719.91,123.44
321917111035301,D-13-12 12AAB,32.32146329,-111.0653762,2198.0,250.0,250.0,,19,669.95,76.2
321917111042201,D-13-12 12BA,32.32146328,-111.0734319,2213.0,110.0,110.0,,19,674.52,33.53
321917111062701,D-13-12 10BAC1,32.32130556,-111.1076111,2380.0,480.0,480.0,,19,725.42,146.3
321917111062702,D-13-12 10BAC2,32.32126667,-111.1076167,2380.3,687.0,687.0,,19,725.52,209.4
321917111065101,D-13-12 09AAA1,32.32140278,-111.1140667,2356.2,460.0,460.0,,19,718.17,140.21
321918110575901,D-13-13 12ACB,32.3217413,-110.96704,2480.0,430.0,430.0,,19,755.9,131.06
321919111001301,D-13-13 10BAA,32.3220189,-111.0042635,2360.0,,,,19,719.33,
321920111021601,D-13-13 08BAA,32.32229664,-111.038431,2239.0,330.0,330.0,,19,682.45,100.58
321920111103301,D-13-11 01CDC,32.32229649,-111.1764902,2410.0,228.0,228.0,,19,734.57,69.49
321921110494301,D-13-15 08ABA,32.3225754,-110.8292573,2947.0,213.0,213.0,,19,898.25,64.92
321923111040301,D-13-12 12ABA,32.3231299,-111.068154,2183.0,180.0,180.0,,19,665.38,54.86
321923111062701,D-13-12 10BAA1,32.32301944,-111.1074278,2362.1,475.0,490.0,,19,719.97,144.78
321923111064601,D-13-12 10BBB1,32.32298333,-111.1128222,2347.9,400.0,400.0,,19,715.64,121.92
321926111055701,D-13-12 03DDD1,32.323875,-111.0991889,2338.7,365.0,365.0,,19,712.84,111.25
321927111024701,D-13-13 06DDD,32.32424104,-111.0470425,2224.0,267.0,400.0,,19,677.88,81.38
321928111045601,D-13-12 02DDC,32.32451877,-111.0828767,2240.0,300.0,300.0,,19,682.75,91.44
321928111063301,D-13-12 03CDC1,32.32440278,-111.1092833,2342.8,,,,19,714.09,
321929111002401,D-13-13 03CDB1,32.3247966,-111.0073193,2360.0,303.0,303.0,,19,719.33,92.35
321929111060501,D-13-12 03DCD1,32.32470556,-111.1014417,2341.4,447.0,447.0,,19,713.66,136.25
321929111070601,D-13-12 04DCD,32.3249972,-111.1190167,2385.3,172.0,210.0,,19,727.04,52.43
321931111061101,D-13-12 03DCA1,32.32523333,-111.1031556,2336.4,438.0,438.0,,19,712.13,133.5
321932111063601,D-13-12 03CCA1,32.32558056,-111.1100222,2321.9,390.0,390.0,,19,707.72,118.87
321933110511501,D-13-15 06CCA1,32.32590858,-110.854814,3020.0,380.0,380.0,,19,920.5,115.82
321934110511401,D-13-15 06CCA2,32.32618636,-110.8545362,3020.0,460.0,460.0,,19,920.5,140.21
321937111061201,D-13-12 03DBD2,32.32701667,-111.1033361,2322.1,465.0,465.0,,19,707.78,141.73
321939111040301,D-13-12 01DAC,32.32757429,-111.065932,2187.0,201.0,201.0,,19,666.6,61.26
321941111061201,D-13-12 03DBD1,32.32805556,-111.1033889,2310.0,370.0,370.0,,19,704.09,112.78
321941111064801,D-13-12 04DAD1,32.3279861,-111.1141944,2320.5,350.0,350.0,,19,707.29,106.68
321945111024701,D-13-13 06DAA1,32.32924095,-111.0470427,2231.0,224.0,224.0,,19,680.01,68.28
321946111045701,D-13-12 02DAB,32.32951868,-111.0831547,2228.0,164.0,164.0,,19,679.09,49.99
321947111024601,D-13-13 06DAA2,32.3297965,-111.0467649,2231.0,254.0,254.0,,19,680.01,77.42
321947111060901,D-13-12 03DBA1,32.32975,-111.1023694,2292.3,284.0,284.0,,19,698.69,86.56
321948111044601,D-13-12 02DAA,32.3300742,-111.080099,2185.0,300.0,300.0,,19,665.99,91.44
321954111041701,D-13-12 01BDD1,32.33174087,-111.0720434,2182.0,258.0,258.0,,19,665.07,78.64
321955111041601,D-13-12 01BDD2,32.33201865,-111.0717656,2182.0,280.0,280.0,,19,665.07,85.34
321955111064401,D-13-12 03BCC1,32.33194444,-111.1122778,2301.3,390.0,390.0,,19,701.44,118.87
321956111051001,D-13-12 02AC,32.3322964,-111.086766,2195.0,79.0,79.0,,19,669.04,24.08
321956111061001,D-13-12 03AC,32.33229637,-111.103433,2260.0,205.0,205.0,,19,688.85,62.48
322009111040801,D-13-12 01ABA,32.3375741,-111.0695436,2191.0,200.0,200.0,,19,667.82,60.96
322011111045401,D-13-12 02AAB1,32.33646299,-111.0828772,2168.0,150.0,150.0,,19,660.81,45.72
322012110585301,D-13-13 02AAB,32.33674103,-110.9806523,2518.0,450.0,450.0,,19,767.49,137.16
322012110593801,D-13-13 02BBB,32.33674094,-110.9945417,2446.0,456.0,456.0,,19,745.54,138.99
322012111033401,D-13-13 06BBA,32.3367408,-111.0600989,2210.0,355.0,355.0,,19,673.61,108.2
322012111034101,D-13-13 06BBB,32.3367408,-111.0620434,2205.0,82.0,82.0,,19,672.08,24.99
322012111043501,D-13-12 01BBA2,32.33674077,-111.0770437,2172.0,426.0,426.0,,19,662.03,129.84
322012111044901,D-13-12 02AAB2,32.33674076,-111.0823216,2166.0,300.0,300.0,,19,660.2,91.44
322012111052801,D-13-12 02BAB,32.33674075,-111.0917663,2200.0,210.0,210.0,,19,670.56,64.01
322013110584001,D-13-13 01BBB,32.3370188,-110.97843,2530.0,460.0,460.0,,19,771.14,140.21
322013111024601,D-13-13 06AAA2,32.3370186,-111.0467653,2244.0,264.0,264.0,,19,683.97,80.47
322015111053701,D-13-12 02BBA,32.33757406,-111.0928775,2200.0,258.0,,,19,670.56,78.64
322016111043001,D-12-12 36CDC1,32.33785187,-111.0756549,2177.0,347.0,347.0,,19,663.55,105.77
322017111043001,D-12-12 36CDC2,32.33812964,-111.0756549,2178.0,340.0,340.0,,19,663.85,103.63
322018110585401,D-12-13 35DCD,32.33757434,-110.9831525,2510.0,584.0,584.0,,19,765.05,178.0
322018111025001,D-12-13 31DDD,32.33840746,-111.0478765,2250.0,,,,19,685.8,
322018111030201,D-12-13 31DCD2,32.33840745,-111.0512099,2240.0,946.0,946.0,,19,682.75,288.34
322018111065301,D-12-12 33DDD,32.33840734,-111.115378,2260.0,525.0,525.0,,19,688.85,160.02
322019110593301,D-12-13 35CCD,32.33868537,-110.9931529,2457.0,320.0,320.0,,19,748.89,97.54
322021111082501,D-12-12 20CDD,32.3392406,-111.1409342,2150.0,205.0,205.0,,19,655.32,62.48
322022111030201,D-12-13 31DCD1,32.33951855,-111.0512099,2240.0,355.0,,,19,682.75,108.2
322024111032101,D-12-13 31CDA,32.34007408,-111.0564878,2226.0,118.0,118.0,,19,678.48,35.97
322025111033101,D-12-13 31CCD,32.33896298,-111.0612101,2210.0,300.0,300.0,,19,673.61,91.44
322030111114001,D-12-11 35CB,32.34174045,-111.1951022,2235.0,370.0,370.0,,19,681.23,112.78
322031111025801,D-12-13 32CBC,32.3420185,-111.0500989,2321.0,190.0,190.0,,19,707.44,57.91
322031111044201,D-12-12 36CBC,32.34257399,-111.0787107,2170.0,362.0,362.0,,19,661.42,110.34
322032111061701,D-12-12 34DBC,32.34229617,-111.1053779,2202.0,,,,19,671.17,
322033111022401,D-12-13 32CAC,32.34257407,-111.0406543,2263.0,300.0,300.0,,19,689.76,91.44
322034111014801,D-12-13 32DAD,32.3422963,-111.0300984,2283.0,365.0,365.0,,19,695.86,111.25
322038111034301,D-12-13 31CBB,32.34396289,-111.0625993,2200.0,250.0,250.0,,19,670.56,76.2
322039110593901,D-12-13 35CBB,32.3442408,-110.9948199,2470.0,,,,19,752.86,
322039111034701,D-12-12 36DAA1,32.34424066,-111.0637104,2198.0,200.0,200.0,,19,669.95,60.96
322039111035101,D-12-12 36DAA2,32.34424066,-111.0648215,2196.0,345.0,345.0,,19,669.34,105.16
322042111034501,D-12-12 36ADD,32.34507398,-111.0631549,2200.0,400.0,400.0,,19,670.56,121.92
322045111044701,D-12-12 35ADD2,32.34590726,-111.0803775,2168.0,312.0,312.0,,19,660.81,95.1
322046111044701,D-12-12 35ADD1,32.34618503,-111.0803775,2168.0,117.0,117.0,,19,660.81,35.66
322048111023001,D-12-13 32BCD,32.34535179,-111.0450989,2320.0,303.0,303.0,,19,707.14,92.35
322049110583701,D-12-13 36BCC,32.34701869,-110.9775972,2540.0,515.0,515.0,,19,774.19,156.97
322049111021701,D-12-13 32BDA,32.34701844,-111.03871,2287.0,390.0,390.0,,19,697.08,118.87
322049111043701,D-12-12 36BCA,32.34701836,-111.0775997,2171.0,210.0,210.0,,19,661.72,64.01
322051111035601,D-12-12 36ADB,32.3475739,-111.0662106,2190.0,230.0,230.0,,19,667.51,70.1
322052111044501,D-12-12 36BCB,32.34785167,-111.079822,2165.0,,,,19,659.89,
322057111053601,D-12-12 35BBD,32.3492405,-111.093989,2150.0,198.0,198.0,,19,655.32,60.35
322102111065501,D-12-12 33AAA,32.3506293,-111.115934,2175.0,180.0,180.0,,19,662.94,54.86
322103110590801,D-12-13 35ABB,32.35090746,-110.9862088,2516.0,600.0,600.0,,19,766.88,182.88
322103111031801,D-12-13 31BAA,32.3509072,-111.0556549,2281.0,810.0,810.0,,19,695.25,246.89
322104111041301,D-12-12 36ABB,32.35118496,-111.070933,2179.0,260.0,260.0,,19,664.16,79.25
322104111051301,D-12-12 35ABB,32.3511849,-111.0876,2152.0,668.0,668.0,,19,655.93,203.61
322104111061401,D-12-12 34BAA,32.35118488,-111.105656,2140.0,376.0,376.0,,19,652.27,114.6
322106110584101,D-12-13 35AAA,32.35174084,-110.9787086,2558.0,,,,19,779.68,
322106110592201,D-12-13 35BAB,32.35174075,-110.9900979,2495.0,673.0,673.0,,19,760.48,205.13
322106111041601,D-12-12 36BAA,32.3517405,-111.0717664,2178.0,,,,19,663.85,
322106111042701,D-12-12 36BAB1,32.3517405,-111.074822,2172.0,207.0,207.0,,19,662.03,63.09
322107111042701,D-12-12 36BAB2,32.35201827,-111.074822,2172.0,301.0,301.0,,19,662.03,91.74
322107111065301,D-12-12 33DAD,32.35201817,-111.1153785,2238.0,387.0,387.0,,19,682.14,117.96
322108111004501,D-12-13 28DDD2,32.35229619,-111.013154,2419.0,525.5,526.0,,19,737.31,160.17
322111111040801,D-12-12 25DCC,32.35312937,-111.0695442,2200.0,250.0,250.0,,19,670.56,76.2
322111111044301,D-12-12 25CCC,32.35229603,-111.0792666,2165.0,423.0,423.0,,19,659.89,128.93
322111111061401,D-12-12 27DCC,32.35312929,-111.104545,2140.0,246.0,246.0,,19,652.27,74.98
322111111062201,D-12-12 27CDD,32.35312928,-111.1067672,2140.0,211.0,211.0,,19,652.27,64.31
322115110593001,D-12-13 26CCA,32.3542407,-110.9923203,2500.0,660.0,660.0,,19,762.0,201.17
322116111010301,D-12-13 28DCA,32.35451837,-111.0181543,2325.0,277.0,277.0,,19,708.66,84.43
322118110583001,D-12-13 25CCA,32.35507415,-110.9756531,2590.0,,,,19,789.43,
322120111043001,D-12-12 25CAC1,32.3556293,-111.0762111,2175.0,238.0,238.0,,19,662.94,72.54
322121111050701,D-12-12 26DBD,32.35590706,-111.0859336,2154.0,250.0,250.0,,19,656.54,76.2
322122110582601,D-12-13 25CBD2,32.35618526,-110.974542,2595.0,528.0,528.0,,19,790.96,160.93
322122110584201,D-12-13 26DAD,32.3561852,-110.9789866,2560.0,712.0,712.0,,19,780.29,217.02
322122111081601,D-12-12 29DBC,32.3561847,-111.1384347,2180.0,317.0,317.0,,19,664.46,96.62
322123110592301,D-12-13 26CAC,32.3564629,-110.9903759,2505.0,355.0,355.0,,19,763.52,108.2
322123111011901,D-12-13 28CAD,32.35646277,-111.0225989,2331.0,456.0,456.0,,19,710.49,138.99
322126111000801,D-12-13 27DBB,32.35729614,-111.0028764,2460.0,500.0,500.0,,19,749.81,152.4
322127111053701,D-12-12 26CBA,32.35757367,-111.0942671,2145.0,,,,19,653.8,
322128111025601,D-12-13 30DAC,32.3564627,-111.0495439,2328.0,317.0,317.0,,19,709.57,96.62
322129111024301,D-12-13 29CBB,32.35812934,-111.0459328,2350.0,390.0,390.0,,19,716.28,118.87
322129111050501,D-12-12 26DBA,32.3592403,-111.0853781,2159.0,248.0,248.0,,19,658.06,75.59
322129111064501,D-12-12 27CBB,32.35924025,-111.1139898,2136.0,236.0,236.0,,19,651.05,71.93
322131111045901,D-12-12 26DAB,32.35868479,-111.0837114,2158.0,,,,19,657.76,
322133111013501,D-12-13 32AAA,32.35118506,-111.029821,2297.0,406.0,406.0,,19,700.13,123.75
322133111035801,D-12-12 25ADC,32.35924038,-111.0667666,2294.0,350.0,350.0,,19,699.21,106.68
322134111043201,D-12-12 25BCC,32.3595181,-111.0762113,2170.0,340.0,340.0,,19,661.42,103.63
322135110595401,D-12-13 27ADC,32.3589628,-110.9987097,2463.0,578.0,578.0,,19,750.72,176.17
322136110581301,D-12-13 25BDD,32.3600741,-110.970931,2635.0,525.0,525.0,,19,803.15,160.02
322137111034201,D-12-13 30BCC,32.36035148,-111.0623222,2300.0,370.0,370.0,,19,701.04,112.78
322137111042701,D-12-12 25BDC,32.36035145,-111.0748224,2230.0,275.0,275.0,,19,679.7,83.82
322137111050501,D-12-12 26ACD,32.3603514,-111.0853782,2161.0,95.0,95.0,,19,658.67,28.96
322138111051501,D-12-12 26ACB2,32.3611847,-111.0873227,2158.0,361.0,361.0,,19,657.76,110.03
322139111005201,D-12-13 28ADB,32.36090716,-111.015099,2344.0,622.0,622.0,,19,714.45,189.59
322140111032501,D-12-13 30BDB,32.3611848,-111.0575999,2325.0,400.0,400.0,,19,708.66,121.92
322142111004701,D-12-13 28AAD,32.3625738,-111.0131546,2344.0,486.0,486.0,,19,714.45,148.13
322142111011701,D-12-13 28BDA,32.36174046,-111.0220436,2338.0,616.0,616.0,,19,712.62,187.76
322142111053701,D-12-12 26BCA,32.36257358,-111.0931562,2148.0,312.0,312.0,,19,654.71,95.1
322143110583201,D-12-13 25BCD,32.35924076,-110.9762089,2592.0,460.0,460.0,,19,790.04,140.21
322143111044701,D-12-12 26ACB1,32.36118473,-111.0870449,2162.0,344.0,344.0,,19,658.98,104.85
322149110595401,D-12-13 27AAC,32.36257385,-110.999821,2487.0,460.0,460.0,,19,758.04,140.21
322153111033901,D-12-13 30BBB,32.36479585,-111.061489,2320.0,340.0,340.0,,19,707.14,103.63
322155111004701,D-12-13 28AAA,32.36535154,-111.0137103,2362.0,304.0,304.0,,19,719.94,92.66
322155111010301,D-12-13 28AAB,32.3656293,-111.0167659,2353.0,405.0,405.0,,19,717.19,123.44
322156111010201,D-12-13 28ABA,32.36479598,-111.0170437,2353.0,400.0,400.0,,19,717.19,121.92
322157111093701,D-12-12 30BAB,32.36590664,-111.1609354,2138.41,382.0,382.0,,19,651.79,116.43
322159110593701,D-12-13 23CCC2,32.3664627,-110.9942655,2509.0,776.0,776.0,,19,764.74,236.52
322159111070401,D-12-12 21DCD,32.3664623,-111.1184346,2118.0,300.0,300.0,,19,645.57,91.44
322200110593601,D-12-13 23CCC1,32.3667405,-110.9939877,2450.0,770.0,770.0,,19,746.76,234.7
322200111060401,D-12-12 22DCD,32.36674014,-111.1017676,2129.0,,,,19,648.92,
322202111071701,D-12-12 21DCC,32.3672956,-111.1220458,1226.0,280.0,280.0,,19,373.68,85.34
322203111065301,D-12-12 21DDD1,32.3675734,-111.115379,2118.0,484.0,484.0,,19,645.57,147.52
322211111002801,D-12-13 22CCA,32.3697959,-111.0084327,2372.0,400.0,400.0,,19,722.99,121.92
322213110582801,D-12-13 24CBD2,32.3703517,-110.9750983,2560.0,1000.0,,,19,780.29,304.8
322213111060201,D-12-12 22DAC1,32.37035118,-111.1012122,2132.0,316.0,316.0,,19,649.83,96.32
322214111072101,D-12-12 21CAD2,32.37062888,-111.123157,2111.0,435.0,435.0,,19,643.43,132.59
322215110590801,D-12-13 23DCA,32.36924055,-110.9848208,2540.0,605.0,605.0,,19,774.19,184.4
322215111072101,D-12-12 21CAD1,32.37090665,-111.123157,2111.0,198.0,198.0,,19,643.43,60.35
322217111015001,D-12-13 20DAD,32.3714625,-111.0312109,2454.0,565.0,,,19,747.98,172.21
322217111095001,D-12-12 19CBB,32.37146206,-111.1645467,2113.0,360.0,360.0,,19,644.04,109.73
322220111095001,D-12-12 18CCC,32.38118406,-111.165658,2090.0,378.0,378.0,,19,637.03,115.21
322221110580501,D-12-13 24DBB,32.37257398,-110.9687093,2628.5,418.0,,,19,801.17,127.41
322222110582101,D-12-13 24CBD1,32.37007395,-110.975376,2561.0,600.0,600.0,,19,780.59,182.88
322224111020501,D-12-13 20ACD,32.37340689,-111.0353778,2440.0,450.0,450.0,,19,743.71,137.16
322225111072101,D-12-12 21CAA,32.37368437,-111.1231571,2108.0,200.0,200.0,,19,642.52,60.96
322227111055901,D-12-12 22ADC,32.37423999,-111.100379,2139.0,315.0,315.0,,19,651.97,96.01
322227111072101,D-12-12 21BDD,32.3742399,-111.1231572,2107.0,560.0,560.0,,19,642.21,170.69
322228111004701,D-11-13 21ADD,32.37451806,-111.0137108,2930.0,500.0,500.0,,19,893.06,152.4
322233111070001,D-12-12 21ADB,32.37590657,-111.1173238,2111.0,467.0,467.0,,19,643.43,142.34
322234110584501,D-12-13 23ADA,32.37618494,-110.979821,2570.0,448.0,448.0,,19,783.34,136.55
322235111004801,D-12-13 21ADA,32.37646247,-111.0139886,2410.0,505.0,505.0,,19,734.57,153.92
322238110581601,D-12-13 24BDA,32.3772961,-110.9717652,2590.0,700.0,700.0,,19,789.43,213.36
322241111063801,D-12-12 22BBD1,32.37812877,-111.110657,2110.0,245.0,245.0,,19,643.13,74.68
322241111064601,D-12-12 22BBC,32.37812876,-111.1134349,2103.0,200.0,200.0,,19,640.99,60.96
322242111073901,D-12-12 21BBD,32.37840648,-111.1281574,2099.0,115.0,115.0,,19,639.78,35.05
322242111075501,D-12-12 20AAD1,32.378962,-111.1317686,2099.0,386.0,386.0,,19,639.78,117.65
322243111075201,D-12-12 20AAD2,32.37868424,-111.1317686,2101.0,524.0,524.0,,19,640.38,159.72
322247110575401,D-12-13 24AAB,32.3797961,-110.965654,2632.0,,,,19,802.23,
322248111003701,D-12-13 22BBB,32.38007354,-111.0109332,2422.0,268.0,268.0,,19,738.23,81.69
322248111073201,D-12-12 21BAB1,32.38090643,-111.126213,2101.0,235.0,235.0,,19,640.38,71.63
322249110585201,D-12-13 23AAB,32.3803515,-110.9817657,2585.0,500.0,500.0,,19,787.91,152.4
322249110590201,D-12-13 23ABA,32.3803515,-110.9845436,2574.0,,,,19,784.56,
322251111072101,D-12-12 21BAA,32.38090644,-111.1231574,2100.0,400.0,400.0,,19,640.08,121.92
322251111073301,D-12-12 21BAB2,32.3809064,-111.1264908,2100.0,501.0,501.0,,19,640.08,152.7
322252111065001,D-12-12 16DDD,32.38118425,-111.1145461,2102.0,234.0,234.0,,19,640.69,71.32
322252111065701,D-12-12 21AAA,32.38118424,-111.1164906,2103.0,163.0,163.0,,19,640.99,49.68
322252111075201,D-12-12 17DDD,32.38118418,-111.1317686,2094.0,238.0,238.0,,19,638.25,72.54
322253110581801,D-12-13 13CDD,32.3814627,-110.972321,2601.0,509.0,509.0,,19,792.78,155.14
322253111044801,D-12-12 14DDD,32.38146215,-111.0806567,2305.0,360.0,360.0,,19,702.56,109.73
322255110582501,D-12-13 13CCD2,32.38201824,-110.9742656,2550.0,500.0,500.0,,19,777.24,152.4
322255110582801,D-12-13 13CCD1,32.38201823,-110.9750989,2585.0,501.0,501.0,,19,787.91,152.7
322255111062101,D-12-12 15CDD,32.38201759,-111.1064905,2130.0,,,,19,649.22,
322255111080101,D-12-12 17DDC,32.38201749,-111.1342687,2090.0,200.0,200.0,,19,637.03,60.96
322301111002401,D-12-13 15CDB,32.38229574,-111.0081555,2425.0,450.0,450.0,,19,739.14,137.16
322302111031501,D-12-13 18CDA,32.3839622,-111.054823,2420.0,500.0,500.0,,19,737.62,152.4
322304111115301,D-12-11 14CBC  PZ1,32.38451719,-111.1987143,2055.0,842.0,850.0,,19,626.36,256.64
322304111115302,D-12-11 14CBC  PZ2,32.38451719,-111.1987143,2055.0,600.0,850.0,,19,626.36,182.88
322305111075001,D-12-12 16CBC,32.3847952,-111.1312132,2090.0,242.0,242.0,,19,637.03,73.76
322307110574101,D-12-13 13DAC,32.3853516,-110.9639876,2638.0,470.0,470.0,,19,804.06,143.26
322307111034001,D-12-13 18CBB1,32.38535104,-111.0617676,2415.0,452.0,452.0,,19,736.09,137.77
322307111095101,D-12-12 18CBC,32.3845173,-111.1648248,2078.0,550.0,550.0,,19,633.37,167.64
322312111021901,D-12-13 17CAA,32.38673999,-111.0392673,2500.0,,,,19,762.0,
322313110592201,D-12-13 14CAB,32.387018,-110.9900997,2470.0,490.0,490.0,,19,752.86,149.35
322314111010201,D-12-13 16DBA,32.3872956,-111.0178781,2535.0,600.0,600.0,,19,772.67,182.88
322315111080301,D-12-12 17DAB,32.3875729,-111.1348244,2086.0,180.0,180.0,,19,635.81,54.86
322316111023801,D-12-13 17BCD,32.38785106,-111.0445452,2485.0,975.0,975.0,,19,757.43,297.18
322316111041001,D-12-12 13DBB,32.38785096,-111.0701012,2375.0,400.0,,,19,723.9,121.92
322317111075201,D-12-12 17DAA,32.38812848,-111.1317688,2086.0,661.0,661.0,,19,635.81,201.47
322318111034501,D-12-13 18BCC,32.3884065,-111.0631567,2412.0,646.0,646.0,,19,735.18,196.9
322318111055001,D-12-12 14BDC,32.38840639,-111.0978794,2255.0,400.0,400.0,,19,687.32,121.92
322326110583401,D-12-13 13BCB,32.3906292,-110.976766,2495.0,605.0,605.0,,19,760.48,184.4
322327111044401,D-12-12 13BCB,32.3909064,-111.0795459,2340.0,325.0,325.0,,19,713.23,99.06
322327111054401,D-12-12 14BCB,32.39090635,-111.0962128,2240.0,311.0,311.0,,19,682.75,94.79
322327111113401,D-12-11 14BDB,32.39090595,-111.1934365,2054.0,820.0,820.0,,19,626.06,249.94
322329111072501,D-12-12 16BAD,32.39146178,-111.1242688,2087.0,300.0,300.0,,19,636.12,91.44
322331111045001,D-12-12 14ADA,32.3920175,-111.0812126,2340.0,415.0,415.0,,19,713.23,126.49
322331111073201,D-12-12 16BDC,32.3920173,-111.1262133,2089.0,500.0,500.0,,19,636.73,152.4
322332110574901,D-12-13 13BAD,32.39285145,-110.9720438,2510.0,410.0,410.0,,19,765.05,124.97
322332111052501,D-12-12 14BAC,32.3922952,-111.090935,2280.0,400.0,400.0,,19,694.94,121.92
322334111025301,D-12-13 18AAD1,32.39285096,-111.0487122,2502.0,390.0,390.0,,19,762.61,118.87
322335111025601,D-12-13 18AAD2,32.3931287,-111.0495455,2503.0,456.0,456.0,,19,762.91,138.99
322336111012101,D-12-13 16BAD,32.3934066,-111.0231563,2585.0,500.0,500.0,,19,787.91,152.4
322339111013401,D-12-13 16BBA,32.3942399,-111.0267675,2580.0,520.0,520.0,,19,786.38,158.5
322339111072501,D-12-12 16BAA,32.3942395,-111.1242689,2084.0,280.0,280.0,,19,635.2,85.34
322342111014501,D-12-13 17AAA,32.3942399,-111.029823,2570.0,565.0,565.0,,19,783.34,172.21
322342111073701,D-12-12 16BBA1,32.3950728,-111.1276023,2080.0,270.0,270.0,,19,633.98,82.3
322343110580401,D-12-13 12DCC,32.39535146,-110.9684327,2525.0,500.0,500.0,,19,769.62,152.4
322343111074301,D-12-12 16BBA2,32.39535056,-111.129269,2080.0,250.0,250.0,,19,633.98,76.2
322344111094401,D-12-12 07CDC,32.39562819,-111.161214,2075.0,500.0,500.0,,19,632.46,152.4
322349111024701,D-12-13 07DDD,32.39701756,-111.0470457,2522.0,503.0,503.0,,19,768.71,153.31
322351111095901,D-12-11 12DAD,32.39951698,-111.1656586,2072.0,555.0,555.0,,19,631.55,169.16
322357111022001,D-12-13 08CAD,32.39923977,-111.0395457,2565.0,502.0,506.0,,19,781.81,153.01
322358111073001,D-12-12 09CAC,32.39951716,-111.125658,2960.0,,400.0,,19,902.21,
322400111095001,D-12-12 07CBC,32.3992392,-111.165103,2072.95,401.0,401.0,,19,631.84,122.22
322404110581201,D-12-13 12CAA,32.402018,-110.9706554,2570.0,400.0,400.0,,19,783.34,121.92
322405111014701,D-12-13 08DAA,32.401462,-111.030379,2615.0,650.0,,,19,797.05,198.12
322405111051201,D-12-12 11DBD,32.40146174,-111.0873242,2350.0,450.0,450.0,,19,716.28,137.16
322406111081101,D-12-12 08DBA,32.40090597,-111.1356582,2071.4,261.0,261.0,,19,631.36,79.55
322406111081801,D-12-12 08ACC,32.4034059,-111.1401028,2068.0,500.0,500.0,,19,630.33,152.4
322406111092601,D-12-12 07CAA,32.40173918,-111.1578807,2063.52,350.0,350.0,,19,628.96,106.68
322407110574101,D-12-13 12DAA,32.4020181,-110.9614884,2559.0,650.0,650.0,,19,779.98,198.12
322408110583601,D-12-13 12CBC,32.39979574,-110.9778777,2549.0,400.0,400.0,,19,776.94,121.92
322409110571001,D-12-14 07CAA,32.40257375,-110.9534326,2575.0,250.0,250.0,,19,784.86,76.2
322409111034301,D-12-13 07CBB,32.40257294,-111.0626017,2495.0,501.0,501.0,,19,760.48,152.7
322411111103801,D-12-11 12BDC,32.40312795,-111.177881,2060.0,575.0,575.0,,19,627.89,175.26
322420111024401,D-12-13 08BCB,32.4056285,-111.0462127,2583.0,,,,19,787.3,
322420111054001,D-12-12 11BCB,32.40507274,-111.0951022,2320.0,,,,19,707.14,
322420111073201,D-12-12 09BDB,32.40562814,-111.1262138,2093.0,139.0,139.0,,19,637.95,42.37
322422111035901,D-12-12 12ACA,32.40618397,-111.0670463,2480.0,520.0,520.0,112BSFL,19,755.9,158.5
322425111080801,D-12-12 08ABD1,32.40701695,-111.1362139,2070.0,250.0,250.0,,19,630.94,76.2
322426111080801,D-12-12 08ABD2,32.40701695,-111.1362139,2068.0,512.0,512.0,,19,630.33,156.06
322432111044001,D-12-12 12ABB,32.40896167,-111.071491,2482.0,500.0,500.0,,19,756.51,152.4
322432111085001,D-12-12 08BBB,32.40896129,-111.1478808,2060.0,300.0,300.0,,19,627.89,91.44
322434110562501,D-12-14 05CCD,32.40951825,-110.9409326,2628.0,193.0,193.0,,19,801.01,58.83
322437111111701,D-12-11 02DCD  PZ1,32.41034995,-111.1887147,2035.0,586.0,1320.0,,19,620.27,178.61
322438110590701,D-12-13 02DCC,32.41062883,-110.9859341,2720.0,500.0,500.0,,19,829.06,152.4
322439111084901,D-12-12 05CCC1,32.4109057,-111.147603,2060.0,150.0,150.0,,19,627.89,45.72
322440111080301,D-12-12 08ABA,32.40979467,-111.136214,2072.0,300.0,300.0,,19,631.55,91.44
322440111085001,D-12-12 05CCC2,32.41118347,-111.1478809,2060.0,292.0,292.0,,19,627.89,89.0
322444111095401,D-12-11 01DDA  PZ1,32.41229446,-111.1656589,2041.0,980.0,984.0,,19,622.1,298.7
322444111095402,D-12-11 01DDA  PZ2,32.41229446,-111.1656589,2041.0,630.0,984.0,,19,622.1,192.02
322446111013901,D-12-13 04CBD,32.4128507,-111.0281573,2690.0,650.0,,,19,819.91,198.12
322446111091201,D-12-12 06DCA,32.41285007,-111.153992,2056.0,500.0,500.0,,19,626.67,152.4
322447111042101,D-12-12 01CDA,32.41327778,-111.0727778,2505.0,530.0,530.0,112BSFL,19,763.52,161.54
322451111085001,D-12-12 06DAA2,32.41535,-111.1501032,2056.0,303.0,303.0,,19,626.67,92.35
322453111084801,D-12-12 06DAA1,32.41535003,-111.1498255,2056.0,187.0,333.0,,19,626.67,57.0
322455110585801,D-12-13 02DBA,32.415351,-110.9834343,2720.0,800.0,800.0,,19,829.06,243.84
322456111102601,D-12-11 01CAA2,32.4161832,-111.174548,2035.0,,,,19,620.27,
322458110590001,D-12-13 02DBD,32.41479546,-110.9839898,2720.0,571.0,571.0,,19,829.06,174.04
322503111101901,D-12-11 01ACD,32.41757208,-111.1726036,2035.0,176.0,176.0,,19,620.27,53.64
322505111094301,D-12-12 06BCD,32.41812768,-111.1626035,2044.0,440.0,440.0,,19,623.01,134.11
322506110560201,D-12-14 05ACC,32.4184071,-110.9345439,2662.0,219.0,219.0,,19,811.38,66.75
322507111091901,D-12-12 06ACB,32.41868326,-111.1559367,2045.0,230.0,230.0,,19,623.32,70.1
322512110553801,D-12-14 05AAD,32.4206294,-110.9273216,2687.0,,,,19,819.0,
322512111092701,D-12-12 06BDA,32.4200721,-111.158159,2043.0,203.0,203.0,,19,622.71,61.87
322517111085001,D-12-12 05BBC1,32.421461,-111.1478812,2057.0,,469.0,,19,626.97,
322518111092701,D-12-12 06BAD,32.42173874,-111.158159,2041.0,180.0,623.0,,19,622.1,54.86
322522110563301,D-12-14 05BBB,32.42285139,-110.9442667,2662.0,400.0,,,19,811.38,121.92
322524111013301,D-12-13 04BBA,32.4234061,-111.026491,2755.0,650.0,650.0,,19,839.72,198.12
322525111042001,D-12-12 01BAA,32.4236836,-111.0728805,2570.0,,,,19,783.34,
322525111092701,D-12-12 06BAA,32.42368314,-111.1581591,2041.0,501.0,501.0,,19,622.1,152.7
322526110562301,D-11-14 32CCD,32.42396254,-110.9403778,2658.0,257.0,257.0,,19,810.16,78.33
322527111011001,D-11-13 33DCC,32.42423946,-111.0201022,2772.0,690.0,690.0,,19,844.91,210.31
322527111043001,D-12-12 01BAB,32.42423915,-111.0756583,2555.0,600.0,600.0,,19,778.76,182.88
322528110563301,D-11-14 32CCC1,32.42451805,-110.943989,2664.0,522.0,522.0,,19,811.99,159.11
322530111000701,D-11-13 34DCC,32.42507288,-111.002602,2790.0,640.0,640.0,,19,850.39,195.07
322530111060301,D-11-12 34DDC,32.4250723,-111.1014919,2390.0,490.0,490.0,,19,728.47,149.35
322530111110001,D-11-11 35DDD,32.42507185,-111.1839927,2026.1,502.0,502.0,,19,617.56,153.01
322532110542601,D-11-14 34CCA,32.42562959,-110.9078768,2717.0,,,,19,828.14,
322532111085801,D-11-12 31DDD,32.42562758,-111.1501035,2056.0,,420.0,,19,626.67,
322533111032901,D-11-13 31CDB,32.42590588,-111.0587137,2661.0,877.0,877.0,,19,811.07,267.31
322534110572001,D-11-14 31CDB,32.42618454,-110.9562117,2700.0,700.0,700.0,,19,822.96,213.36
322535111003201,D-11-13 34CCA,32.4264617,-111.0095466,2810.0,650.0,650.0,,19,856.49,198.12
322537110594401,D-11-13 34DDA,32.42701736,-110.996213,2802.0,650.0,650.0,,19,854.05,198.12
322538111000801,D-11-13 34DCB,32.42729507,-111.0028799,2800.0,647.0,647.0,,19,853.44,197.21
322540111000801,D-11-13 34DBC,32.4278506,-111.0028799,2816.0,578.0,578.0,,19,858.32,176.17
322542111012501,D-11-13 33CAC,32.42840604,-111.024269,2782.0,680.0,680.0,,19,847.95,207.26
322546111091301,D-11-12 31DBD,32.42951636,-111.1542703,2055.0,500.0,500.0,,19,626.36,152.4
322547110570001,D-11-14 31DBA,32.42979568,-110.9506562,2700.0,465.0,465.0,,19,822.96,141.73
322549110553501,D-11-14 33CBB,32.4303515,-110.9270443,2740.0,396.0,396.0,,19,835.15,120.7
322550110593901,D-11-13 35CBB,32.43062844,-110.9948243,2840.0,700.0,700.0,112BSFL,19,865.63,213.36
322553110595001,D-11-13 34ADD,32.43138889,-110.9973611,2840.0,620.0,620.0,112BSFL,19,865.63,188.98
322553111110701,D-11-11 35ADC,32.43146057,-111.1859374,2019.8,860.0,860.0,,19,615.64,262.13
322555111095101,D-11-12 31BCC  PZ1,32.43201624,-111.164826,2043.0,923.0,1110.0,,19,622.71,281.33
322557111005901,D-11-13 33ACD,32.43257268,-111.017047,2815.0,721.0,721.0,,19,858.01,219.76
322602111010101,D-11-13 33ACA,32.43396154,-111.0176026,2822.0,720.0,720.0,,19,860.15,219.46
322617110583501,D-11-13 36BBB,32.43812856,-110.9770464,2906.0,512.0,512.0,,19,885.75,156.06
322618111000201,D-11-13 27DCD,32.438406,-111.0012138,2863.0,,,,19,872.64,
322619110572301,D-11-14 30CCD,32.43868438,-110.9570457,2742.0,314.0,314.0,,19,835.76,95.71
322623111102801,D-11-11 25CDD,32.43979378,-111.1751041,2021.0,620.0,620.0,,19,616.0,188.98
322624111054401,D-11-12 26CCC,32.44007205,-111.0962146,2512.0,,700.0,,19,765.66,
322625111050801,D-11-12 26DCD,32.44034989,-111.0862146,2620.0,1200.0,1200.0,,19,798.58,365.76
322626111105701,D-11-11 26DDD,32.44062704,-111.1831598,2012.0,,,,19,613.26,
322628111013101,D-11-13 28CCA2,32.44118359,-111.0259364,2845.0,420.0,420.0,,19,867.16,128.02
322628111013301,D-11-13 28CCA1,32.44118359,-111.0264919,2845.0,500.0,500.0,,19,867.16,152.4
322628111041501,D-12-12 25DBB1,32.3578515,-111.0714889,2225.0,308.0,308.0,,19,678.18,93.88
322630111012701,D-11-13 28CDB,32.44173915,-111.0248253,2850.0,440.0,440.0,,19,868.68,134.11
322632111010201,D-11-13 28DBD,32.44229474,-111.0178808,2862.0,750.0,750.0,,19,872.34,228.6
322648111114001,D-11-11 26BDC,32.4467379,-111.1951044,2002.0,542.0,542.0,,19,610.21,165.2
322658111005401,D-11-13 28AAC,32.44951686,-111.0156589,2895.0,,,,19,882.4,
322659110545501,D-11-14 28ABD1,32.4497959,-110.9159339,2858.0,202.0,202.0,,19,871.12,61.57
340438110455901,D-15-15 36CDC,32.07730196,-110.7670288,3050.0,905.0,905.0,,19,929.64,275.84
