site_no,date,depth_to_water_ft,approval_status,depth_to_water_m,water_level_elev_ft
320033110563401,1949-03-03 12:00:00,62.8,Approved,19.14,2592.2
320033110563401,1949-11-18 12:00:00,67.39,Approved,20.54,2587.61
320033110563401,1950-02-16 12:00:00,64.27,Approved,19.59,2590.73
320033110563401,1950-11-03 12:00:00,64.87,Approved,19.77,2590.13
320033110563401,1951-03-08 12:00:00,65.29,Approved,19.9,2589.71
320033110563401,1951-11-09 12:00:00,68.73,Approved,20.95,2586.27
320033110563401,1952-02-13 12:00:00,66.4,Approved,20.24,2588.6
320033110563401,1953-02-17 12:00:00,68.04,Approved,20.74,2586.96
320033110563401,1954-01-23 12:00:00,73.2,Approved,22.31,2581.8
320033110563401,1954-03-26 12:00:00,74.21,Approved,22.62,2580.79
320033110563401,1954-06-28 12:00:00,80.9,Approved,24.66,2574.1
320033110563401,1954-08-25 12:00:00,79.38,Approved,24.2,2575.62
320033110563401,1955-02-18 12:00:00,69.15,Approved,21.08,2585.85
320033110563401,1955-03-16 12:00:00,70.76,Approved,21.57,2584.24
320033110563401,1955-05-17 12:00:00,77.73,Approved,23.69,2577.27
320033110563401,1955-06-09 12:00:00,72.26,Approved,22.02,2582.74
320033110563401,1955-07-28 12:00:00,73.71,Approved,22.47,2581.29
320033110563401,1955-08-30 12:00:00,72.21,Approved,22.01,2582.79
320033110563401,1955-09-28 12:00:00,70.67,Approved,21.54,2584.33
320033110563401,1955-10-28 12:00:00,69.32,Approved,21.13,2585.68
320033110563401,1955-12-03 12:00:00,68.99,Approved,21.03,2586.01
320033110563401,1955-12-30 12:00:00,69.1,Approved,21.06,2585.9
320033110563401,1956-01-27 12:00:00,69.65,Approved,21.23,2585.35
320033110563401,1956-02-21 12:00:00,68.98,Approved,21.03,2586.02
320033110563401,1956-06-19 12:00:00,72.97,Approved,22.24,2582.03
320033110563401,1956-07-17 12:00:00,71.76,Approved,21.87,2583.24
320033110563401,1956-08-21 12:00:00,72.81,Approved,22.19,2582.19
320033110563401,1956-09-26 12:00:00,72.3,Approved,22.04,2582.7
320033110563401,1956-10-26 12:00:00,72.28,Approved,22.03,2582.72
320033110563401,1956-11-27 12:00:00,71.95,Approved,21.93,2583.05
320033110563401,1957-02-15 12:00:00,76.24,Approved,23.24,2578.76
320033110563401,1957-06-10 12:00:00,74.07,Approved,22.58,2580.93
320033110563401,1957-08-31 12:00:00,74.93,Approved,22.84,2580.07
320033110563401,1957-10-24 12:00:00,72.12,Approved,21.98,2582.88
320033110563401,1958-02-06 12:00:00,73.3,Approved,22.34,2581.7
320033110563401,1958-04-18 12:00:00,74.82,Approved,22.81,2580.18
320033110563401,1958-09-22 12:00:00,74.45,Approved,22.69,2580.55
320033110563401,1958-11-24 12:00:00,75.64,Approved,23.06,2579.36
320033110563401,1959-02-09 12:00:00,76.37,Approved,23.28,2578.63
320033110563401,1959-06-24 12:00:00,74.91,Approved,22.83,2580.09
320033110563401,1959-10-02 12:00:00,74.22,Approved,22.62,2580.78
320033110563401,1960-02-10 12:00:00,78.63,Approved,23.97,2576.37
320033110563401,1960-04-04 12:00:00,86.07,Approved,26.23,2568.93
320033110563401,1960-05-09 12:00:00,76.75,Approved,23.39,2578.25
320033110563401,1960-06-06 12:00:00,77.82,Approved,23.72,2577.18
320033110563401,1960-09-20 12:00:00,75.09,Approved,22.89,2579.91
320033110563401,1960-11-28 12:00:00,78.21,Approved,23.84,2576.79
320033110563401,1961-02-07 12:00:00,82.03,Approved,25.0,2572.97
320033110563401,1961-06-30 12:00:00,78.42,Approved,23.9,2576.58
320033110563401,1961-10-10 12:00:00,76.91,Approved,23.44,2578.09
320033110563401,1962-02-07 12:00:00,83.99,Approved,25.6,2571.01
320033110563401,1962-07-10 12:00:00,78.91,Approved,24.05,2576.09
320033110563401,1962-10-30 12:00:00,78.75,Approved,24.0,2576.25
320033110563401,1963-02-07 12:00:00,90.88,Approved,27.7,2564.12
320033110563401,1963-11-05 12:00:00,88.52,Approved,26.98,2566.48
320033110563401,1964-02-05 12:00:00,88.7,Approved,27.04,2566.3
320033110563401,1964-07-07 12:00:00,74.75,Approved,22.78,2580.25
320033110563401,1964-10-27 12:00:00,78.7,Approved,23.99,2576.3
320033110563401,1964-12-08 12:00:00,78.78,Approved,24.01,2576.22
320033110563401,1965-01-07 12:00:00,84.22,Approved,25.67,2570.78
320033110563401,1965-02-10 12:00:00,83.2,Approved,25.36,2571.8
320033110563401,1965-10-14 12:00:00,79.57,Approved,24.25,2575.43
320033110563401,1966-01-11 12:00:00,82.2,Approved,25.05,2572.8
320033110563401,1966-01-13 12:00:00,82.2,Approved,25.05,2572.8
320033110563401,1966-03-03 12:00:00,84.98,Approved,25.9,2570.02
320033110563401,1967-11-07 12:00:00,81.9,Approved,24.96,2573.1
320033110563401,1968-02-08 12:00:00,85.3,Approved,26.0,2569.7
320033110563401,1968-11-06 12:00:00,82.15,Approved,25.04,2572.85
320033110563401,1969-11-01 12:00:00,82.95,Approved,25.28,2572.05
320033110563401,1970-12-01 12:00:00,100.4,Approved,30.6,2554.6
320033110563401,1976-02-01 12:00:00,110.13,Approved,33.57,2544.87
320033110563401,1987-12-09 12:00:00,115.1,Approved,35.08,2539.9
320059110582801,1942-10-21 12:00:00,56.13,Approved,17.11,2581.87
320059110582801,1944-10-17 12:00:00,56.84,Approved,17.32,2581.16
320059110582801,1945-10-17 12:00:00,54.34,Approved,16.56,2583.66
320059110582801,1946-03-08 12:00:00,52.96,Approved,16.14,2585.04
320059110582801,1946-10-10 12:00:00,53.4,Approved,16.28,2584.6
320059110582801,1947-01-02 12:00:00,53.4,Approved,16.28,2584.6
320059110582801,1947-03-03 12:00:00,52.5,Approved,16.0,2585.5
320059110582801,1947-10-29 12:00:00,56.97,Approved,17.36,2581.03
320059110582801,1948-02-28 12:00:00,54.8,Approved,16.7,2583.2
320059110582801,1948-10-20 12:00:00,59.46,Approved,18.12,2578.54
320059110582801,1949-02-15 12:00:00,55.61,Approved,16.95,2582.39
320059110582801,1949-10-18 12:00:00,60.21,Approved,18.35,2577.79
320059110582801,1950-02-02 12:00:00,58.92,Approved,17.96,2579.08
320059110582801,1950-08-09 12:00:00,59.89,Approved,18.25,2578.11
320059110582801,1950-11-03 12:00:00,58.92,Approved,17.96,2579.08
320059110582801,1951-07-12 12:00:00,68.55,Approved,20.89,2569.45
320059110582801,1952-01-15 12:00:00,60.45,Approved,18.43,2577.55
320059110582801,1952-02-13 12:00:00,60.16,Approved,18.34,2577.84
320059110582801,1953-01-30 12:00:00,62.12,Approved,18.93,2575.88
320059110582801,1953-02-27 12:00:00,62.51,Approved,19.05,2575.49
320059110582801,1954-01-22 12:00:00,67.15,Approved,20.47,2570.85
320059110582801,1954-02-03 12:00:00,67.06,Approved,20.44,2570.94
320059110582801,1955-01-03 12:00:00,64.5,Approved,19.66,2573.5
320059110582801,1955-02-18 12:00:00,64.39,Approved,19.63,2573.61
320059110582801,1956-01-03 12:00:00,63.6,Approved,19.39,2574.4
320059110582801,1956-02-21 12:00:00,63.23,Approved,19.27,2574.77
320059110582801,1957-01-30 12:00:00,67.81,Approved,20.67,2570.19
320059110582801,1957-02-18 12:00:00,69.7,Approved,21.24,2568.3
320059110582801,1957-12-23 12:00:00,71.06,Approved,21.66,2566.94
320059110582801,1958-02-07 12:00:00,71.26,Approved,21.72,2566.74
320059110582801,1959-02-09 12:00:00,74.72,Approved,22.77,2563.28
320059110582801,1960-02-01 12:00:00,77.14,Approved,23.51,2560.86
320059110582801,1961-02-07 12:00:00,89.2,Approved,27.19,2548.8
320059110582801,1962-01-04 12:00:00,86.9,Approved,26.49,2551.1
320059110582801,1962-02-06 12:00:00,96.6,Approved,29.44,2541.4
320059110582801,1962-09-21 12:00:00,93.75,Approved,28.58,2544.25
320059110582801,1962-10-29 12:00:00,86.5,Approved,26.37,2551.5
320059110582801,1963-02-22 12:00:00,88.9,Approved,27.1,2549.1
320059110582801,1963-11-05 12:00:00,86.53,Approved,26.37,2551.47
320059110582801,1964-02-20 12:00:00,86.7,Approved,26.43,2551.3
320059110582801,1964-10-03 12:00:00,83.38,Approved,25.41,2554.62
320059110582801,1964-12-07 12:00:00,83.25,Approved,25.37,2554.75
320059110582801,1965-01-07 12:00:00,86.43,Approved,26.34,2551.57
320059110582801,1965-02-01 12:00:00,93.4,Approved,28.47,2544.6
320059110582801,1965-10-14 12:00:00,85.62,Approved,26.1,2552.38
320059110582801,1966-01-11 12:00:00,81.38,Approved,24.8,2556.62
320059110582801,1966-03-02 12:00:00,79.28,Approved,24.16,2558.72
320059110582801,1966-11-08 12:00:00,82.24,Approved,25.07,2555.76
320059110582801,1967-03-23 12:00:00,98.91,Approved,30.15,2539.09
320059110582801,1967-11-07 12:00:00,92.92,Approved,28.32,2545.08
320059110582801,1968-11-05 12:00:00,90.8,Approved,27.68,2547.2
320059110582801,1969-11-01 12:00:00,96.25,Approved,29.34,2541.75
320059110582801,1970-12-01 12:00:00,106.0,Approved,32.31,2532.0
320059110582801,1977-03-01 12:00:00,117.0,Approved,35.66,2521.0
320059110582801,1978-03-01 12:00:00,114.7,Approved,34.96,2523.3
320059110582801,1979-02-01 12:00:00,112.55,Approved,34.31,2525.45
320059110582801,1979-11-21 12:00:00,115.62,Approved,35.24,2522.38
320059110582801,1981-12-16 12:00:00,136.2,Approved,41.51,2501.8
320059110582801,1987-12-09 12:00:00,126.0,Approved,38.4,2512.0
320136110554001,1954-07-16 12:00:00,127.4,Approved,38.83,2572.6
320136110554001,1954-08-01 12:00:00,129.0,Approved,39.32,2571.0
320136110554001,1955-02-17 12:00:00,125.9,Approved,38.37,2574.1
320136110554001,1956-01-01 12:00:00,129.0,Approved,39.32,2571.0
320136110554001,1956-02-21 12:00:00,126.34,Approved,38.51,2573.66
320136110554001,1957-03-23 12:00:00,133.42,Approved,40.67,2566.58
320136110554001,1957-04-01 12:00:00,134.5,Approved,41.0,2565.5
320136110554001,1958-02-07 12:00:00,133.83,Approved,40.79,2566.17
320136110554001,1958-03-01 12:00:00,138.0,Approved,42.06,2562.0
320136110554001,1959-02-11 12:00:00,136.82,Approved,41.7,2563.18
320136110554001,1959-12-01 12:00:00,141.1,Approved,43.01,2558.9
320136110554001,1960-02-29 12:00:00,139.42,Approved,42.5,2560.58
320136110554001,1960-12-01 12:00:00,142.0,Approved,43.28,2558.0
320136110554001,1961-03-23 12:00:00,145.63,Approved,44.39,2554.37
320136110554001,1961-09-01 12:00:00,147.7,Approved,45.02,2552.3
320136110554001,1962-02-09 12:00:00,146.93,Approved,44.78,2553.07
320136110554001,1962-10-01 12:00:00,151.1,Approved,46.06,2548.9
320136110554001,1963-02-19 12:00:00,153.65,Approved,46.83,2546.35
320136110554001,1963-11-01 12:00:00,159.61,Approved,48.65,2540.39
320136110554001,1964-01-01 12:00:00,148.4,Approved,45.23,2551.6
320136110554001,1964-01-28 12:00:00,155.02,Approved,47.25,2544.98
320136110554001,1964-11-04 12:00:00,160.9,Approved,49.04,2539.1
320136110554001,1965-02-01 12:00:00,156.6,Approved,47.73,2543.4
320136110554001,1965-02-10 12:00:00,163.12,Approved,49.72,2536.88
320136110554001,1965-06-04 12:00:00,164.9,Approved,50.26,2535.1
320136110554001,1965-07-15 12:00:00,160.3,Approved,48.86,2539.7
320136110554001,1965-08-13 12:00:00,166.1,Approved,50.63,2533.9
320136110554001,1966-02-01 12:00:00,156.0,Approved,47.55,2544.0
320136110554001,1966-03-03 12:00:00,156.88,Approved,47.82,2543.12
320136110554001,1966-05-15 12:00:00,164.5,Approved,50.14,2535.5
320136110554001,1966-11-04 12:00:00,163.6,Approved,49.87,2536.4
320136110554001,1966-12-01 12:00:00,161.0,Approved,49.07,2539.0
320136110554001,1967-07-20 12:00:00,173.0,Approved,52.73,2527.0
320136110554001,1967-08-28 12:00:00,172.1,Approved,52.46,2527.9
320136110554001,1967-09-01 12:00:00,172.6,Approved,52.61,2527.4
320136110554001,1968-01-01 12:00:00,164.5,Approved,50.14,2535.5
320136110554001,1968-01-18 12:00:00,163.5,Approved,49.83,2536.5
320136110554001,1968-02-16 12:00:00,164.0,Approved,49.99,2536.0
320136110554001,1968-03-01 12:00:00,164.2,Approved,50.05,2535.8
320136110554001,1968-04-19 12:00:00,165.9,Approved,50.57,2534.1
320136110554001,1968-05-16 12:00:00,167.6,Approved,51.08,2532.4
320136110554001,1968-06-17 12:00:00,170.5,Approved,51.97,2529.5
320136110554001,1968-11-13 12:00:00,170.3,Approved,51.91,2529.7
320136110554001,1969-01-01 12:00:00,169.5,Approved,51.66,2530.5
320136110554001,1969-11-01 12:00:00,178.27,Approved,54.34,2521.73
320136110554001,1970-01-01 12:00:00,178.8,Approved,54.5,2521.2
320136110554001,1970-12-01 12:00:00,186.4,Approved,56.81,2513.6
320136110554001,1970-12-01 12:00:00,183.85,Approved,56.04,2516.15
320136110554001,1971-11-01 12:00:00,188.0,Approved,57.3,2512.0
320136110554001,1972-12-01 12:00:00,192.0,Approved,58.52,2508.0
320136110554001,1974-03-01 12:00:00,201.7,Approved,61.48,2498.3
320136110554001,1975-01-01 12:00:00,199.7,Approved,60.87,2500.3
320136110554001,1977-03-01 12:00:00,198.5,Approved,60.5,2501.5
320136110554001,1977-12-01 12:00:00,207.6,Approved,63.28,2492.4
320136110554001,1978-03-01 12:00:00,209.01,Approved,63.71,2490.99
320136110554001,1979-02-01 12:00:00,212.01,Approved,64.62,2487.99
320136110554001,1979-05-01 12:00:00,221.7,Approved,67.57,2478.3
320136110554001,1979-10-01 12:00:00,222.7,Approved,67.88,2477.3
320136110554001,1979-11-21 12:00:00,215.85,Approved,65.79,2484.15
320136110554001,1982-01-01 12:00:00,195.7,Approved,59.65,2504.3
320136110554001,1982-01-04 12:00:00,195.9,Approved,59.71,2504.1
320136110554001,1982-12-01 12:00:00,196.0,Approved,59.74,2504.0
320136110554001,1984-01-01 12:00:00,195.3,Approved,59.53,2504.7
320136110554001,1984-11-06 12:00:00,195.3,Approved,59.53,2504.7
320136110554001,1985-01-02 12:00:00,195.2,Approved,59.5,2504.8
320136110554001,1986-01-08 12:00:00,194.7,Approved,59.34,2505.3
320136110554001,1986-12-22 12:00:00,193.9,Approved,59.1,2506.1
320136110554001,1987-12-28 12:00:00,194.0,Approved,59.13,2506.0
320136110554001,1988-12-15 12:00:00,193.9,Approved,59.1,2506.1
320136110554001,1991-01-11 12:00:00,199.38,Approved,60.77,2500.62
320136110554001,1992-01-21 12:00:00,196.49,Approved,59.89,2503.51
320143110563601,1954-10-28 12:00:00,65.91,Approved,20.09,2569.09
320143110563601,1955-02-17 12:00:00,64.84,Approved,19.76,2570.16
320143110563601,1955-05-06 12:00:00,66.96,Approved,20.41,2568.04
320143110563601,1956-02-21 12:00:00,65.88,Approved,20.08,2569.12
320143110563601,1957-02-15 12:00:00,70.51,Approved,21.49,2564.49
320143110563601,1958-02-07 12:00:00,73.15,Approved,22.3,2561.85
320143110563601,1959-02-09 12:00:00,75.37,Approved,22.97,2559.63
320143110563601,1960-02-10 12:00:00,78.66,Approved,23.98,2556.34
320143110563601,1961-02-06 12:00:00,83.14,Approved,25.34,2551.86
320143110563601,1962-02-07 12:00:00,86.31,Approved,26.31,2548.69
320143110563601,1962-10-30 12:00:00,94.48,Approved,28.8,2540.52
320143110563601,1963-01-29 12:00:00,93.17,Approved,28.4,2541.83
320143110563601,1963-11-01 12:00:00,100.04,Approved,30.49,2534.96
320143110563601,1964-01-28 12:00:00,95.21,Approved,29.02,2539.79
320143110563601,1964-10-27 12:00:00,99.46,Approved,30.32,2535.54
320143110563601,1965-02-09 12:00:00,96.1,Approved,29.29,2538.9
320143110563601,1965-06-03 12:00:00,100.2,Approved,30.54,2534.8
320143110563601,1965-07-19 12:00:00,105.8,Approved,32.25,2529.2
320143110563601,1965-08-08 12:00:00,104.7,Approved,31.91,2530.3
320143110563601,1965-09-27 12:00:00,104.5,Approved,31.85,2530.5
320143110563601,1965-10-27 12:00:00,104.5,Approved,31.85,2530.5
320143110563601,1965-12-15 12:00:00,106.5,Approved,32.46,2528.5
320143110563601,1966-01-15 12:00:00,101.5,Approved,30.94,2533.5
320143110563601,1966-05-15 12:00:00,104.2,Approved,31.76,2530.8
320143110563601,1966-07-15 12:00:00,105.5,Approved,32.16,2529.5
320143110563601,1966-08-22 12:00:00,107.5,Approved,32.77,2527.5
320143110563601,1966-09-15 12:00:00,106.0,Approved,32.31,2529.0
320143110563601,1966-11-18 12:00:00,100.7,Approved,30.69,2534.3
320143110563601,1966-12-28 12:00:00,99.5,Approved,30.33,2535.5
320143110563601,1967-01-15 12:00:00,100.2,Approved,30.54,2534.8
320143110563601,1967-02-20 12:00:00,103.0,Approved,31.39,2532.0
320143110563601,1967-03-16 12:00:00,106.5,Approved,32.46,2528.5
320143110563601,1967-04-17 12:00:00,109.3,Approved,33.31,2525.7
320143110563601,1967-05-16 12:00:00,111.3,Approved,33.92,2523.7
320143110563601,1967-07-20 12:00:00,111.4,Approved,33.95,2523.6
320143110563601,1967-08-28 12:00:00,112.0,Approved,34.14,2523.0
320143110563601,1967-09-01 12:00:00,112.1,Approved,34.17,2522.9
320143110563601,1967-10-25 12:00:00,109.5,Approved,33.38,2525.5
320143110563601,1967-11-20 12:00:00,109.2,Approved,33.28,2525.8
320143110563601,1967-12-20 12:00:00,106.5,Approved,32.46,2528.5
320143110563601,1968-01-18 12:00:00,103.7,Approved,31.61,2531.3
320143110563601,1968-02-01 12:00:00,103.55,Approved,31.56,2531.45
320143110563601,1968-02-08 12:00:00,102.74,Approved,31.32,2532.26
320143110563601,1968-02-16 12:00:00,102.2,Approved,31.15,2532.8
320143110563601,1968-03-01 12:00:00,104.3,Approved,31.79,2530.7
320143110563601,1968-04-19 12:00:00,104.6,Approved,31.88,2530.4
320143110563601,1968-05-16 12:00:00,104.5,Approved,31.85,2530.5
320143110563601,1968-06-17 12:00:00,108.7,Approved,33.13,2526.3
320143110563601,1968-11-05 12:00:00,110.17,Approved,33.58,2524.83
320143110563601,1969-11-01 12:00:00,114.81,Approved,34.99,2520.19
320143110563601,1970-12-01 12:00:00,119.55,Approved,36.44,2515.45
320143110563601,1985-01-02 12:00:00,142.6,Approved,43.46,2492.4
320143110563601,1986-01-08 12:00:00,132.5,Approved,40.39,2502.5
320143110563601,1986-12-22 12:00:00,135.6,Approved,41.33,2499.4
320143110563601,1987-12-28 12:00:00,138.4,Approved,42.18,2496.6
320143110563601,1988-11-29 12:00:00,135.1,Approved,41.18,2499.9
320143110563601,1991-01-11 12:00:00,144.39,Approved,44.01,2490.61
320143110563601,1992-01-21 12:00:00,137.75,Approved,41.99,2497.25
320203110554001,1954-10-28 12:00:00,107.31,Approved,32.71,2576.69
320203110554001,1955-02-17 12:00:00,107.38,Approved,32.73,2576.62
320203110554001,1956-02-21 12:00:00,108.04,Approved,32.93,2575.96
320203110554001,1957-02-15 12:00:00,111.63,Approved,34.02,2572.37
320203110554001,1958-02-07 12:00:00,113.29,Approved,34.53,2570.71
320203110554001,1959-02-09 12:00:00,115.7,Approved,35.27,2568.3
320203110554001,1960-02-10 12:00:00,118.06,Approved,35.98,2565.94
320203110554001,1961-02-07 12:00:00,121.68,Approved,37.09,2562.32
320203110554001,1962-02-06 12:00:00,123.7,Approved,37.7,2560.3
320203110554001,1962-10-30 12:00:00,129.25,Approved,39.4,2554.75
320203110554001,1963-01-29 12:00:00,127.9,Approved,38.98,2556.1
320203110554001,1963-11-01 12:00:00,133.31,Approved,40.63,2550.69
320203110554001,1964-01-28 12:00:00,130.62,Approved,39.81,2553.38
320203110554001,1964-10-27 12:00:00,145.02,Approved,44.2,2538.98
320203110554001,1965-02-09 12:00:00,138.94,Approved,42.35,2545.06
320203110554001,1965-10-12 12:00:00,150.18,Approved,45.77,2533.82
320203110554001,1966-03-03 12:00:00,140.42,Approved,42.8,2543.58
320203110554001,1966-05-15 12:00:00,151.7,Approved,46.24,2532.3
320203110554001,1966-06-17 12:00:00,150.0,Approved,45.72,2534.0
320203110554001,1966-07-15 12:00:00,154.9,Approved,47.21,2529.1
320203110554001,1966-08-22 12:00:00,151.7,Approved,46.24,2532.3
320203110554001,1966-09-15 12:00:00,150.3,Approved,45.81,2533.7
320203110554001,1966-11-04 12:00:00,148.07,Approved,45.13,2535.93
320203110554001,1966-11-18 12:00:00,149.8,Approved,45.66,2534.2
320203110554001,1966-12-28 12:00:00,145.1,Approved,44.23,2538.9
320203110554001,1967-01-15 12:00:00,147.5,Approved,44.96,2536.5
320203110554001,1967-02-20 12:00:00,151.7,Approved,46.24,2532.3
320203110554001,1967-03-16 12:00:00,155.8,Approved,47.49,2528.2
320203110554001,1967-04-17 12:00:00,159.8,Approved,48.71,2524.2
320203110554001,1967-05-16 12:00:00,161.8,Approved,49.32,2522.2
320203110554001,1967-07-20 12:00:00,160.8,Approved,49.01,2523.2
320203110554001,1967-08-28 12:00:00,160.0,Approved,48.77,2524.0
320203110554001,1967-09-01 12:00:00,161.0,Approved,49.07,2523.0
320203110554001,1967-10-25 12:00:00,157.7,Approved,48.07,2526.3
320203110554001,1967-11-07 12:00:00,156.62,Approved,47.74,2527.38
320203110554001,1967-11-20 12:00:00,156.6,Approved,47.73,2527.4
320203110554001,1967-12-20 12:00:00,151.3,Approved,46.12,2532.7
320203110554001,1968-01-18 12:00:00,147.8,Approved,45.05,2536.2
320203110554001,1968-02-08 12:00:00,148.37,Approved,45.22,2535.63
320203110554001,1968-02-16 12:00:00,147.3,Approved,44.9,2536.7
320203110554001,1968-03-01 12:00:00,147.7,Approved,45.02,2536.3
320203110554001,1968-04-19 12:00:00,154.3,Approved,47.03,2529.7
320203110554001,1968-05-16 12:00:00,155.8,Approved,47.49,2528.2
320203110554001,1968-06-17 12:00:00,159.9,Approved,48.74,2524.1
320203110554001,1968-11-05 12:00:00,158.43,Approved,48.29,2525.57
320203110554001,1969-11-01 12:00:00,165.85,Approved,50.55,2518.15
320203110554001,1970-12-10 12:00:00,170.8,Approved,52.06,2513.2
320203110554001,1971-12-10 12:00:00,169.85,Approved,51.77,2514.15
320203110554001,1972-01-17 12:00:00,173.45,Approved,52.87,2510.55
320203110554001,1973-01-04 12:00:00,179.71,Approved,54.78,2504.29
320203110554001,1974-12-26 12:00:00,184.8,Approved,56.33,2499.2
320203110554001,1975-01-02 12:00:00,206.47,Approved,62.93,2477.53
320203110554001,1975-12-20 12:00:00,208.2,Approved,63.46,2475.8
320203110554001,1976-12-16 12:00:00,211.95,Approved,64.6,2472.05
320203110554001,1977-11-19 12:00:00,208.8,Approved,63.64,2475.2
320203110554001,1978-11-25 12:00:00,210.85,Approved,64.27,2473.15
320203110554001,1979-11-21 12:00:00,215.15,Approved,65.58,2468.85
320203110554001,1982-01-04 12:00:00,191.3,Approved,58.31,2492.7
320203110554001,1982-12-01 12:00:00,191.7,Approved,58.43,2492.3
320203110554001,1984-01-06 12:00:00,189.1,Approved,57.64,2494.9
320203110554001,1985-01-03 12:00:00,188.0,Approved,57.3,2496.0
320203110554001,1986-01-08 12:00:00,187.9,Approved,57.27,2496.1
320203110554001,1986-12-22 12:00:00,186.7,Approved,56.91,2497.3
320203110554001,1987-12-28 12:00:00,186.4,Approved,56.81,2497.6
320203110554001,1988-12-15 12:00:00,181.1,Approved,55.2,2502.9
320203110554001,1991-01-11 12:00:00,191.4,Approved,58.34,2492.6
320203110554001,1992-01-21 12:00:00,187.41,Approved,57.12,2496.59
320402110592201,1934-08-01 12:00:00,30.73,Approved,9.37,2538.27
320402110592201,1934-09-01 12:00:00,30.45,Approved,9.28,2538.55
320402110592201,1934-11-01 12:00:00,30.21,Approved,9.21,2538.79
320402110592201,1934-12-01 12:00:00,29.89,Approved,9.11,2539.11
320402110592201,1935-01-01 12:00:00,29.56,Approved,9.01,2539.44
320402110592201,1935-02-01 12:00:00,29.04,Approved,8.85,2539.96
320402110592201,1935-03-01 12:00:00,29.06,Approved,8.86,2539.94
320402110592201,1935-06-01 12:00:00,29.86,Approved,9.1,2539.14
320402110592201,1935-08-01 12:00:00,30.95,Approved,9.43,2538.05
320402110592201,1936-02-05 12:00:00,29.46,Approved,8.98,2539.54
320402110592201,1936-04-01 12:00:00,29.2,Approved,8.9,2539.8
320402110592201,1936-07-17 12:00:00,30.95,Approved,9.43,2538.05
320402110592201,1937-02-24 12:00:00,30.15,Approved,9.19,2538.85
320402110592201,1937-06-16 12:00:00,30.5,Approved,9.3,2538.5
320402110592201,1937-07-15 12:00:00,31.74,Approved,9.67,2537.26
320402110592201,1937-08-19 12:00:00,32.08,Approved,9.78,2536.92
320402110592201,1937-09-01 12:00:00,32.2,Approved,9.81,2536.8
320402110592201,1937-10-13 12:00:00,32.38,Approved,9.87,2536.62
320402110592201,1937-11-17 12:00:00,32.28,Approved,9.84,2536.72
320402110592201,1937-12-21 12:00:00,31.63,Approved,9.64,2537.37
320402110592201,1938-01-18 12:00:00,32.05,Approved,9.77,2536.95
320402110592201,1938-02-17 12:00:00,31.96,Approved,9.74,2537.04
320402110592201,1938-03-16 12:00:00,31.7,Approved,9.66,2537.3
320402110592201,1938-05-16 12:00:00,32.23,Approved,9.82,2536.77
320402110592201,1938-10-01 12:00:00,33.3,Approved,10.15,2535.7
320402110592201,1938-11-01 12:00:00,33.15,Approved,10.1,2535.85
320402110592201,1938-12-01 12:00:00,32.85,Approved,10.01,2536.15
320402110592201,1939-01-01 12:00:00,32.56,Approved,9.92,2536.44
320402110592201,1939-02-01 12:00:00,32.38,Approved,9.87,2536.62
320402110592201,1939-03-01 12:00:00,32.22,Approved,9.82,2536.78
320402110592201,1939-04-01 12:00:00,32.6,Approved,9.94,2536.4
320402110592201,1939-05-01 12:00:00,33.0,Approved,10.06,2536.0
320402110592201,1939-07-01 12:00:00,33.88,Approved,10.33,2535.12
320402110592201,1939-08-01 12:00:00,33.33,Approved,10.16,2535.67
320402110592201,1939-09-01 12:00:00,33.42,Approved,10.19,2535.58
320402110592201,1939-11-01 12:00:00,33.49,Approved,10.21,2535.51
320402110592201,1940-02-01 12:00:00,33.03,Approved,10.07,2535.97
320402110592201,1940-03-01 12:00:00,32.7,Approved,9.97,2536.3
320402110592201,1940-06-01 12:00:00,35.0,Approved,10.67,2534.0
320402110592201,1940-07-01 12:00:00,34.25,Approved,10.44,2534.75
320402110592201,1940-09-01 12:00:00,34.47,Approved,10.51,2534.53
320402110592201,1940-10-01 12:00:00,34.45,Approved,10.5,2534.55
320402110592201,1941-01-01 12:00:00,33.61,Approved,10.24,2535.39
320402110592201,1941-03-01 12:00:00,33.0,Approved,10.06,2536.0
320402110592201,1941-06-16 12:00:00,33.99,Approved,10.36,2535.01
320402110592201,1941-10-24 12:00:00,34.67,Approved,10.57,2534.33
320402110592201,1942-02-26 12:00:00,34.42,Approved,10.49,2534.58
320402110592201,1942-10-01 12:00:00,37.2,Approved,11.34,2531.8
320402110592201,1942-10-20 12:00:00,36.23,Approved,11.04,2532.77
320402110592201,1943-03-31 12:00:00,35.85,Approved,10.93,2533.15
320402110592201,1943-10-26 12:00:00,36.8,Approved,11.22,2532.2
320402110592201,1944-03-22 12:00:00,36.45,Approved,11.11,2532.55
320402110592201,1944-06-26 12:00:00,37.24,Approved,11.35,2531.76
320402110592201,1944-10-13 12:00:00,37.56,Approved,11.45,2531.44
320402110592201,1945-03-20 12:00:00,36.7,Approved,11.19,2532.3
320402110592201,1945-06-19 12:00:00,37.31,Approved,11.37,2531.69
320402110592201,1945-10-15 12:00:00,37.18,Approved,11.33,2531.82
320402110592201,1946-03-07 12:00:00,36.34,Approved,11.08,2532.66
320402110592201,1946-06-25 12:00:00,37.8,Approved,11.52,2531.2
320402110592201,1946-10-10 12:00:00,37.48,Approved,11.42,2531.52
320402110592201,1947-02-27 12:00:00,36.82,Approved,11.22,2532.18
320402110592201,1947-10-29 12:00:00,38.24,Approved,11.66,2530.76
320402110592201,1949-06-27 12:00:00,40.26,Approved,12.27,2528.74
320402110592201,1949-10-14 12:00:00,40.25,Approved,12.27,2528.75
320402110592201,1950-09-15 12:00:00,40.75,Approved,12.42,2528.25
320402110592201,1953-01-13 12:00:00,41.51,Approved,12.65,2527.49
320402110592201,1953-02-11 12:00:00,42.42,Approved,12.93,2526.58
320402110592201,1953-04-01 12:00:00,43.6,Approved,13.29,2525.4
320402110592201,1955-01-07 12:00:00,41.17,Approved,12.55,2527.83
320402110592201,1955-02-14 12:00:00,41.8,Approved,12.74,2527.2
320402110592201,1956-01-04 12:00:00,41.12,Approved,12.53,2527.88
320402110592201,1956-02-16 12:00:00,40.98,Approved,12.49,2528.02
320402110592201,1957-02-01 12:00:00,51.98,Approved,15.84,2517.02
320402110592201,1958-01-31 12:00:00,45.04,Approved,13.73,2523.96
320402110592201,1959-02-04 12:00:00,45.38,Approved,13.83,2523.62
320402110592201,1960-02-05 12:00:00,46.99,Approved,14.32,2522.01
320402110592201,1961-02-03 12:00:00,47.95,Approved,14.62,2521.05
320402110592201,1962-02-05 12:00:00,49.81,Approved,15.18,2519.19
320402110592201,1962-04-26 12:00:00,51.57,Approved,15.72,2517.43
320402110592201,1962-10-22 12:00:00,52.62,Approved,16.04,2516.38
320402110592201,1963-02-07 12:00:00,52.75,Approved,16.08,2516.25
320402110592201,1963-10-30 12:00:00,56.13,Approved,17.11,2512.87
320402110592201,1964-02-03 12:00:00,53.09,Approved,16.18,2515.91
320402110592201,1964-08-01 12:00:00,56.86,Approved,17.33,2512.14
320402110592201,1964-10-26 12:00:00,56.65,Approved,17.27,2512.35
320402110592201,1965-01-07 12:00:00,55.2,Approved,16.82,2513.8
320402110592201,1965-02-08 12:00:00,54.51,Approved,16.61,2514.49
320402110592201,1965-10-07 12:00:00,61.62,Approved,18.78,2507.38
320402110592201,1966-02-22 12:00:00,59.23,Approved,18.05,2509.77
320402110592201,1966-11-04 12:00:00,62.28,Approved,18.98,2506.72
320402110592201,1968-02-02 12:00:00,79.85,Approved,24.34,2489.15
320402110592201,1968-11-04 12:00:00,79.42,Approved,24.21,2489.58
320402110592201,1969-11-01 12:00:00,69.54,Approved,21.2,2499.46
320402110592201,1970-12-01 12:00:00,70.7,Approved,21.55,2498.3
320402110592201,1978-05-03 12:00:00,155.5,Approved,47.4,2413.5
320402110592201,1981-12-17 12:00:00,110.7,Approved,33.74,2458.3
320413110593001,1934-01-01 12:00:00,19.67,Approved,6.0,2541.33
320413110593001,1934-04-01 12:00:00,19.68,Approved,6.0,2541.32
320413110593001,1934-05-01 12:00:00,20.36,Approved,6.21,2540.64
320413110593001,1934-08-01 12:00:00,21.53,Approved,6.56,2539.47
320413110593001,1934-09-01 12:00:00,21.58,Approved,6.58,2539.42
320413110593001,1934-11-01 12:00:00,21.66,Approved,6.6,2539.34
320413110593001,1934-12-01 12:00:00,21.32,Approved,6.5,2539.68
320413110593001,1935-01-01 12:00:00,20.11,Approved,6.13,2540.89
320413110593001,1935-03-01 12:00:00,20.3,Approved,6.19,2540.7
320413110593001,1935-06-01 12:00:00,21.42,Approved,6.53,2539.58
320413110593001,1935-08-01 12:00:00,22.78,Approved,6.94,2538.22
320413110593001,1935-12-01 12:00:00,21.15,Approved,6.45,2539.85
320413110593001,1936-02-01 12:00:00,21.15,Approved,6.45,2539.85
320413110593001,1936-04-01 12:00:00,21.04,Approved,6.41,2539.96
320413110593001,1936-07-17 12:00:00,22.52,Approved,6.86,2538.48
320413110593001,1937-02-01 12:00:00,21.66,Approved,6.6,2539.34
320413110593001,1937-06-16 12:00:00,23.0,Approved,7.01,2538.0
320413110593001,1937-07-15 12:00:00,23.59,Approved,7.19,2537.41
320413110593001,1937-08-19 12:00:00,24.04,Approved,7.33,2536.96
320413110593001,1937-09-01 12:00:00,24.34,Approved,7.42,2536.66
320413110593001,1937-10-01 12:00:00,24.24,Approved,7.39,2536.76
320413110593001,1937-11-17 12:00:00,24.11,Approved,7.35,2536.89
320413110593001,1937-12-21 12:00:00,23.65,Approved,7.21,2537.35
320413110593001,1938-02-01 12:00:00,23.7,Approved,7.22,2537.3
320413110593001,1938-03-16 12:00:00,23.55,Approved,7.18,2537.45
320413110593001,1938-04-14 12:00:00,24.2,Approved,7.38,2536.8
320413110593001,1938-05-16 12:00:00,24.29,Approved,7.4,2536.71
320413110593001,1938-10-01 12:00:00,24.93,Approved,7.6,2536.07
320413110593001,1938-11-01 12:00:00,24.64,Approved,7.51,2536.36
320413110593001,1938-12-01 12:00:00,24.33,Approved,7.42,2536.67
320413110593001,1939-01-01 12:00:00,23.02,Approved,7.02,2537.98
320413110593001,1939-02-01 12:00:00,23.6,Approved,7.19,2537.4
320413110593001,1939-03-01 12:00:00,23.5,Approved,7.16,2537.5
320413110593001,1939-04-01 12:00:00,23.92,Approved,7.29,2537.08
320413110593001,1939-05-01 12:00:00,24.65,Approved,7.51,2536.35
320413110593001,1939-07-01 12:00:00,25.44,Approved,7.75,2535.56
320413110593001,1939-08-01 12:00:00,25.09,Approved,7.65,2535.91
320413110593001,1939-09-01 12:00:00,25.0,Approved,7.62,2536.0
320413110593001,1939-11-01 12:00:00,24.93,Approved,7.6,2536.07
320413110593001,1940-02-01 12:00:00,24.2,Approved,7.38,2536.8
320413110593001,1940-06-01 12:00:00,25.41,Approved,7.74,2535.59
320413110593001,1940-07-01 12:00:00,25.7,Approved,7.83,2535.3
320413110593001,1940-09-01 12:00:00,25.9,Approved,7.89,2535.1
320413110593001,1940-10-01 12:00:00,25.85,Approved,7.88,2535.15
320413110593001,1941-01-01 12:00:00,24.78,Approved,7.55,2536.22
320413110593001,1941-03-01 12:00:00,24.04,Approved,7.33,2536.96
320413110593001,1941-06-16 12:00:00,25.26,Approved,7.7,2535.74
320413110593001,1941-10-24 12:00:00,25.97,Approved,7.92,2535.03
320413110593001,1942-02-26 12:00:00,25.43,Approved,7.75,2535.57
320413110593001,1942-10-01 12:00:00,27.7,Approved,8.44,2533.3
320413110593001,1942-10-20 12:00:00,27.97,Approved,8.53,2533.03
320413110593001,1943-03-31 12:00:00,27.48,Approved,8.38,2533.52
320413110593001,1943-10-20 12:00:00,27.69,Approved,8.44,2533.31
320413110593001,1944-03-22 12:00:00,28.07,Approved,8.56,2532.93
320413110593001,1944-06-26 12:00:00,29.11,Approved,8.87,2531.89
320413110593001,1944-10-26 12:00:00,28.43,Approved,8.67,2532.57
320413110593001,1945-03-20 12:00:00,28.65,Approved,8.73,2532.35
320413110593001,1945-06-19 12:00:00,29.39,Approved,8.96,2531.61
320413110593001,1945-10-13 12:00:00,29.71,Approved,9.06,2531.29
320413110593001,1946-06-25 12:00:00,30.65,Approved,9.34,2530.35
320413110593001,1946-10-13 12:00:00,28.82,Approved,8.78,2532.18
320413110593001,1947-07-15 12:00:00,30.67,Approved,9.35,2530.33
320413110593001,1947-10-10 12:00:00,29.47,Approved,8.98,2531.53
320413110593001,1948-06-28 12:00:00,31.67,Approved,9.65,2529.33
320413110593001,1948-10-29 12:00:00,30.62,Approved,9.33,2530.38
320413110593001,1949-02-01 12:00:00,30.31,Approved,9.24,2530.69
320413110593001,1949-10-18 12:00:00,32.4,Approved,9.88,2528.6
320413110593001,1950-09-15 12:00:00,32.36,Approved,9.86,2528.64
320413110593001,1953-01-01 12:00:00,33.8,Approved,10.3,2527.2
320413110593001,1953-02-16 12:00:00,34.16,Approved,10.41,2526.84
320413110593001,1954-02-01 12:00:00,39.23,Approved,11.96,2521.77
320413110593001,1954-02-15 12:00:00,39.12,Approved,11.92,2521.88
320413110593001,1955-01-05 12:00:00,37.88,Approved,11.55,2523.12
320413110593001,1955-02-14 12:00:00,37.63,Approved,11.47,2523.37
320413110593001,1956-01-04 12:00:00,36.73,Approved,11.2,2524.27
320413110593001,1956-02-16 12:00:00,36.35,Approved,11.08,2524.65
320413110593001,1958-01-31 12:00:00,40.88,Approved,12.46,2520.12
320413110593001,1959-02-04 12:00:00,40.78,Approved,12.43,2520.22
320413110593001,1960-02-05 12:00:00,43.25,Approved,13.18,2517.75
320413110593001,1961-02-03 12:00:00,44.16,Approved,13.46,2516.84
320413110593001,1962-02-05 12:00:00,47.03,Approved,14.33,2513.97
320413110593001,1962-04-26 12:00:00,49.48,Approved,15.08,2511.52
320413110593001,1962-10-22 12:00:00,49.26,Approved,15.01,2511.74
320413110593001,1963-10-30 12:00:00,55.1,Approved,16.79,2505.9
320413110593001,1964-02-03 12:00:00,49.08,Approved,14.96,2511.92
320413110593001,1964-08-01 12:00:00,53.35,Approved,16.26,2507.65
320413110593001,1964-10-26 12:00:00,53.02,Approved,16.16,2507.98
320413110593001,1965-01-07 12:00:00,52.45,Approved,15.99,2508.55
320413110593001,1966-02-22 12:00:00,55.22,Approved,16.83,2505.78
320413110593001,1966-10-07 12:00:00,59.0,Approved,17.98,2502.0
320413110593001,1966-11-04 12:00:00,62.82,Approved,19.15,2498.18
320413110593001,1967-11-02 12:00:00,66.69,Approved,20.33,2494.31
320413110593001,1967-12-21 12:00:00,36.69,Approved,11.18,2524.31
320413110593001,1968-02-02 12:00:00,67.2,Approved,20.48,2493.8
320413110593001,1968-11-04 12:00:00,72.84,Approved,22.2,2488.16
320413110593001,1969-11-01 12:00:00,67.2,Approved,20.48,2493.8
320413110593001,1970-12-01 12:00:00,71.2,Approved,21.7,2489.8
320413110593001,1976-02-01 12:00:00,89.6,Approved,27.31,2471.4
320413110593001,1977-02-01 12:00:00,91.15,Approved,27.78,2469.85
320413110593001,1978-02-01 12:00:00,92.3,Approved,28.13,2468.7
320413110593001,1979-02-01 12:00:00,90.65,Approved,27.63,2470.35
320413110593001,1979-11-19 12:00:00,92.2,Approved,28.1,2468.8
320413110593001,1981-12-17 12:00:00,107.9,Approved,32.89,2453.1
320413110593001,1983-12-16 12:00:00,109.8,Approved,33.47,2451.2
320413110593001,1984-12-11 12:00:00,109.9,Approved,33.5,2451.1
320413110593001,1985-06-18 12:00:00,110.0,Approved,33.53,2451.0
320413110593001,1985-12-04 12:00:00,109.7,Approved,33.44,2451.3
320413110593001,1986-06-05 12:00:00,111.2,Approved,33.89,2449.8
320413110593001,1986-12-10 12:00:00,110.1,Approved,33.56,2450.9
320413110593001,1987-06-03 12:00:00,109.7,Approved,33.44,2451.3
320413110593001,1987-12-03 12:00:00,115.8,Approved,35.3,2445.2
320413110593001,1988-06-07 12:00:00,111.1,Approved,33.86,2449.9
320413110593001,1988-12-08 12:00:00,110.3,Approved,33.62,2450.7
320413110593001,1990-12-11 12:00:00,111.22,Approved,33.9,2449.78
320430110550801,1963-12-22 12:00:00,127.95,Approved,39.0,2545.05
320430110550801,1964-02-01 12:00:00,128.31,Approved,39.11,2544.69
320430110550801,1964-10-28 12:00:00,147.37,Approved,44.92,2525.63
320430110550801,1965-02-08 12:00:00,133.21,Approved,40.6,2539.79
320430110550801,1965-06-04 12:00:00,131.1,Approved,39.96,2541.9
320430110550801,1965-08-06 12:00:00,131.2,Approved,39.99,2541.8
320430110550801,1965-09-27 12:00:00,129.7,Approved,39.53,2543.3
320430110550801,1965-10-15 12:00:00,132.5,Approved,40.39,2540.5
320430110550801,1965-12-15 12:00:00,133.7,Approved,40.75,2539.3
320430110550801,1966-01-15 12:00:00,133.7,Approved,40.75,2539.3
320430110550801,1966-02-21 12:00:00,134.16,Approved,40.89,2538.84
320430110550801,1966-03-04 12:00:00,131.2,Approved,39.99,2541.8
320430110550801,1966-03-17 12:00:00,134.7,Approved,41.06,2538.3
320430110550801,1966-04-19 12:00:00,134.1,Approved,40.87,2538.9
320430110550801,1966-05-15 12:00:00,134.7,Approved,41.06,2538.3
320430110550801,1966-06-17 12:00:00,131.2,Approved,39.99,2541.8
320430110550801,1966-07-15 12:00:00,135.7,Approved,41.36,2537.3
320430110550801,1966-08-22 12:00:00,140.0,Approved,42.67,2533.0
320430110550801,1966-09-15 12:00:00,140.2,Approved,42.73,2532.8
320430110550801,1966-10-15 12:00:00,139.7,Approved,42.58,2533.3
320430110550801,1966-11-04 12:00:00,153.4,Approved,46.76,2519.6
320430110550801,1966-11-18 12:00:00,140.8,Approved,42.92,2532.2
320430110550801,1966-12-28 12:00:00,142.1,Approved,43.31,2530.9
320430110550801,1967-01-15 12:00:00,153.3,Approved,46.73,2519.7
320430110550801,1967-02-20 12:00:00,153.7,Approved,46.85,2519.3
320430110550801,1967-03-16 12:00:00,156.7,Approved,47.76,2516.3
320430110550801,1967-04-11 12:00:00,157.7,Approved,48.07,2515.3
320430110550801,1967-05-16 12:00:00,159.8,Approved,48.71,2513.2
320430110550801,1967-07-20 12:00:00,162.0,Approved,49.38,2511.0
320430110550801,1967-08-28 12:00:00,162.4,Approved,49.5,2510.6
320430110550801,1967-09-01 12:00:00,163.7,Approved,49.9,2509.3
320430110550801,1967-11-20 12:00:00,163.7,Approved,49.9,2509.3
320430110550801,1968-01-18 12:00:00,159.6,Approved,48.65,2513.4
320430110550801,1968-02-16 12:00:00,159.5,Approved,48.62,2513.5
320430110550801,1968-03-01 12:00:00,148.1,Approved,45.14,2524.9
320430110550801,1968-04-19 12:00:00,149.2,Approved,45.48,2523.8
320430110550801,1968-05-16 12:00:00,144.6,Approved,44.07,2528.4
320430110550801,1968-06-17 12:00:00,149.5,Approved,45.57,2523.5
320430110550801,1980-01-29 12:00:00,162.0,Approved,49.38,2511.0
320430110550801,1980-08-07 12:00:00,164.7,Approved,50.2,2508.3
320430110550801,1980-12-30 12:00:00,162.3,Approved,49.47,2510.7
320430110550801,1981-07-13 12:00:00,167.0,Approved,50.9,2506.0
320430110550801,1982-01-04 12:00:00,149.1,Approved,45.45,2523.9
320430110550801,1982-12-01 12:00:00,165.8,Approved,50.54,2507.2
320430110550801,1984-01-06 12:00:00,170.6,Approved,52.0,2502.4
320430110550801,1985-01-03 12:00:00,177.4,Approved,54.07,2495.6
320430110550801,1986-01-09 12:00:00,173.4,Approved,52.85,2499.6
320430110550801,1986-12-23 12:00:00,176.8,Approved,53.89,2496.2
320430110550801,1987-12-07 12:00:00,182.4,Approved,55.6,2490.6
320430110550801,1987-12-28 12:00:00,180.1,Approved,54.89,2492.9
320430110550801,1991-01-11 12:00:00,170.33,Approved,51.92,2502.67
320430110550801,1992-01-21 12:00:00,183.5,Approved,55.93,2489.5
320540110573401,1964-05-01 12:00:00,90.0,Approved,27.43,2497.0
320540110573401,1964-11-12 12:00:00,90.35,Approved,27.54,2496.65
320540110573401,1965-02-08 12:00:00,92.28,Approved,28.13,2494.72
320540110573401,1965-03-01 12:00:00,91.0,Approved,27.74,2496.0
320540110573401,1965-06-21 12:00:00,103.5,Approved,31.55,2483.5
320540110573401,1966-05-01 12:00:00,103.5,Approved,31.55,2483.5
320540110573401,1967-03-01 12:00:00,103.5,Approved,31.55,2483.5
320540110573401,1967-11-30 12:00:00,95.64,Approved,29.15,2491.36
320540110573401,1968-11-05 12:00:00,107.93,Approved,32.9,2479.07
320540110573401,1973-10-01 12:00:00,115.0,Approved,35.05,2472.0
320540110573401,1975-01-01 12:00:00,121.5,Approved,37.03,2465.5
320540110573401,1975-12-01 12:00:00,122.8,Approved,37.43,2464.2
320540110573401,1976-12-01 12:00:00,117.3,Approved,35.75,2469.7
320540110573401,1977-03-01 12:00:00,119.7,Approved,36.48,2467.3
320540110573401,1977-12-01 12:00:00,120.1,Approved,36.61,2466.9
320540110573401,1978-12-01 12:00:00,119.7,Approved,36.48,2467.3
320540110573401,1979-03-01 12:00:00,119.4,Approved,36.39,2467.6
320540110573401,1979-12-25 12:00:00,118.28,Approved,36.05,2468.72
320540110573401,1980-01-25 12:00:00,118.2,Approved,36.03,2468.8
320540110573401,1980-02-25 12:00:00,117.62,Approved,35.85,2469.38
320540110573401,1980-03-25 12:00:00,118.0,Approved,35.97,2469.0
320540110573401,1980-04-25 12:00:00,118.31,Approved,36.06,2468.69
320540110573401,1980-05-25 12:00:00,118.5,Approved,36.12,2468.5
320540110573401,1980-06-25 12:00:00,118.9,Approved,36.24,2468.1
320540110573401,1980-07-25 12:00:00,118.99,Approved,36.27,2468.01
320540110573401,1980-08-25 12:00:00,118.93,Approved,36.25,2468.07
320540110573401,1980-09-25 12:00:00,118.97,Approved,36.26,2468.03
320540110573401,1980-10-25 12:00:00,118.57,Approved,36.14,2468.43
320540110573401,1980-12-25 12:00:00,119.37,Approved,36.38,2467.63
320540110573401,1981-01-25 12:00:00,119.4,Approved,36.39,2467.6
320540110573401,1981-02-25 12:00:00,119.24,Approved,36.34,2467.76
320540110573401,1981-03-25 12:00:00,119.64,Approved,36.47,2467.36
320540110573401,1981-04-25 12:00:00,119.65,Approved,36.47,2467.35
320540110573401,1981-05-25 12:00:00,119.23,Approved,36.34,2467.77
320540110573401,1981-06-25 12:00:00,119.67,Approved,36.48,2467.33
320540110573401,1981-07-25 12:00:00,119.76,Approved,36.5,2467.24
320540110573401,1981-08-25 12:00:00,119.87,Approved,36.54,2467.13
320540110573401,1981-09-25 12:00:00,119.84,Approved,36.53,2467.16
320540110573401,1981-10-25 12:00:00,119.4,Approved,36.39,2467.6
320540110573401,1981-11-25 12:00:00,119.68,Approved,36.48,2467.32
320540110573401,1981-12-18 12:00:00,120.0,Approved,36.58,2467.0
320540110573401,1981-12-25 12:00:00,120.03,Approved,36.59,2466.97
320540110573401,1982-01-25 12:00:00,119.92,Approved,36.55,2467.08
320540110573401,1982-02-25 12:00:00,119.98,Approved,36.57,2467.02
320540110573401,1982-03-25 12:00:00,120.08,Approved,36.6,2466.92
320540110573401,1982-04-25 12:00:00,120.27,Approved,36.66,2466.73
320540110573401,1982-05-25 12:00:00,120.39,Approved,36.69,2466.61
320540110573401,1982-06-25 12:00:00,120.48,Approved,36.72,2466.52
320540110573401,1982-07-25 12:00:00,120.56,Approved,36.75,2466.44
320540110573401,1982-08-25 12:00:00,120.82,Approved,36.83,2466.18
320540110573401,1982-09-25 12:00:00,120.61,Approved,36.76,2466.39
320540110573401,1982-10-25 12:00:00,120.2,Approved,36.64,2466.8
320540110573401,1982-11-29 12:00:00,119.8,Approved,36.52,2467.2
320540110573401,1982-12-29 12:00:00,119.05,Approved,36.29,2467.95
320540110573401,1983-01-24 12:00:00,119.4,Approved,36.39,2467.6
320540110573401,1983-02-23 12:00:00,119.9,Approved,36.55,2467.1
320540110573401,1983-03-28 12:00:00,119.9,Approved,36.55,2467.1
320540110573401,1983-04-26 12:00:00,119.5,Approved,36.42,2467.5
320540110573401,1983-05-25 12:00:00,119.8,Approved,36.52,2467.2
320540110573401,1983-06-27 12:00:00,120.2,Approved,36.64,2466.8
320540110573401,1983-07-26 12:00:00,119.5,Approved,36.42,2467.5
320540110573401,1983-08-26 12:00:00,119.7,Approved,36.48,2467.3
320540110573401,1983-09-22 12:00:00,120.1,Approved,36.61,2466.9
320540110573401,1983-10-27 12:00:00,120.1,Approved,36.61,2466.9
320540110573401,1983-11-04 16:05:00,120.03,Approved,36.59,2466.97
320540110573401,1983-11-21 12:00:00,119.8,Approved,36.52,2467.2
320540110573401,1983-12-02 18:15:00,119.58,Approved,36.45,2467.42
320540110573401,1983-12-30 12:00:00,119.2,Approved,36.33,2467.8
320540110573401,1984-01-17 23:30:00,118.83,Approved,36.22,2468.17
320540110573401,1984-01-26 12:00:00,118.9,Approved,36.24,2468.1
320540110573401,1984-02-10 18:00:00,118.5,Approved,36.12,2468.5
320540110573401,1984-02-27 12:00:00,118.7,Approved,36.18,2468.3
320540110573401,1984-03-09 19:15:00,118.64,Approved,36.16,2468.36
320540110573401,1984-03-23 12:00:00,118.7,Approved,36.18,2468.3
320540110573401,1984-04-07 19:30:00,118.56,Approved,36.14,2468.44
320540110573401,1984-05-06 21:00:00,118.31,Approved,36.06,2468.69
320540110573401,1984-06-05 17:15:00,118.53,Approved,36.13,2468.47
320540110573401,1984-07-10 20:50:00,118.68,Approved,36.17,2468.32
320540110573401,1984-08-08 16:30:00,118.68,Approved,36.17,2468.32
320540110573401,1984-09-06 17:25:00,118.4,Approved,36.09,2468.6
320540110573401,1984-10-09 16:50:00,117.61,Approved,35.85,2469.39
320540110573401,1984-11-08 18:10:00,117.13,Approved,35.7,2469.87
320540110573401,1984-12-06 18:30:00,117.01,Approved,35.66,2469.99
320540110573401,1985-01-06 17:25:00,116.7,Approved,35.57,2470.3
320540110573401,1985-02-07 17:00:00,116.01,Approved,35.36,2470.99
320540110573401,1985-03-09 16:50:00,114.94,Approved,35.03,2472.06
320540110573401,1985-04-06 16:20:00,113.61,Approved,34.63,2473.39
320540110573401,1985-05-04 18:00:00,113.98,Approved,34.74,2473.02
320540110573401,1985-06-05 17:00:00,114.65,Approved,34.95,2472.35
320540110573401,1985-06-28 16:30:00,115.12,Approved,35.09,2471.88
320540110573401,1985-07-30 23:00:00,115.4,Approved,35.17,2471.6
320540110573401,1985-08-31 16:05:00,115.33,Approved,35.15,2471.67
320540110573401,1985-10-04 17:50:00,115.12,Approved,35.09,2471.88
320540110573401,1985-11-06 17:20:00,114.6,Approved,34.93,2472.4
320540110573401,1985-12-09 16:00:00,115.06,Approved,35.07,2471.94
320540110573401,1986-01-09 18:10:00,115.39,Approved,35.17,2471.61
320540110573401,1986-02-10 17:30:00,115.65,Approved,35.25,2471.35
320540110573401,1986-03-12 17:55:00,115.7,Approved,35.27,2471.3
320540110573401,1986-04-09 18:05:00,116.06,Approved,35.38,2470.94
320540110573401,1986-05-14 16:40:00,116.4,Approved,35.48,2470.6
320540110573401,1986-06-19 15:45:00,116.18,Approved,35.41,2470.82
320540110573401,1986-07-21 17:10:00,116.26,Approved,35.44,2470.74
320540110573401,1986-08-22 18:00:00,116.4,Approved,35.48,2470.6
320540110573401,1986-09-25 18:10:00,116.65,Approved,35.55,2470.35
320540110573401,1986-10-27 17:25:00,116.8,Approved,35.6,2470.2
320540110573401,1986-11-24 17:45:00,116.47,Approved,35.5,2470.53
320540110573401,1986-12-23 20:15:00,115.6,Approved,35.23,2471.4
320540110573401,1987-01-22 18:35:00,116.92,Approved,35.64,2470.08
320540110573401,1987-02-23 18:20:00,116.9,Approved,35.63,2470.1
320540110573401,1987-03-26 17:20:00,117.34,Approved,35.77,2469.66
320540110573401,1987-04-23 16:30:00,116.8,Approved,35.6,2470.2
320540110573401,1987-05-18 19:00:00,117.0,Approved,35.66,2470.0
320540110573401,1987-06-22 17:00:00,117.45,Approved,35.8,2469.55
320540110573401,1987-07-22 18:45:00,117.71,Approved,35.88,2469.29
320540110573401,1987-08-20 17:25:00,117.9,Approved,35.94,2469.1
320540110573401,1987-09-23 20:25:00,118.01,Approved,35.97,2468.99
320540110573401,1987-10-22 20:05:00,118.18,Approved,36.02,2468.82
320540110573401,1987-11-20 15:54:00,118.33,Approved,36.07,2468.67
320540110573401,1987-12-15 16:12:00,118.55,Approved,36.13,2468.45
320540110573401,1988-01-20 19:00:00,118.5,Approved,36.12,2468.5
320540110573401,1988-02-19 16:46:00,118.03,Approved,35.98,2468.97
320540110573401,1988-03-23 16:20:00,117.55,Approved,35.83,2469.45
320540110573401,1988-04-23 20:23:00,117.92,Approved,35.94,2469.08
320540110573401,1988-05-17 15:11:00,118.28,Approved,36.05,2468.72
320540110573401,1988-06-17 16:38:00,118.49,Approved,36.12,2468.51
320540110573401,1988-07-18 16:14:00,118.7,Approved,36.18,2468.3
320540110573401,1988-08-20 22:30:00,118.69,Approved,36.18,2468.31
320540110573401,1988-09-16 16:08:00,118.8,Approved,36.21,2468.2
320540110573401,1988-10-18 18:43:00,118.59,Approved,36.15,2468.41
320540110573401,1988-11-04 18:05:00,118.42,Approved,36.09,2468.58
320540110573401,1988-12-31 12:00:00,113.7,Approved,34.66,2473.3
320540110573401,1989-01-05 19:50:00,112.93,Approved,34.42,2474.07
320540110573401,1989-02-03 18:45:00,113.9,Approved,34.72,2473.1
320540110573401,1989-03-06 17:13:00,116.73,Approved,35.58,2470.27
320540110573401,1989-04-04 17:35:00,116.0,Approved,35.36,2471.0
320540110573401,1989-05-05 15:30:00,116.9,Approved,35.63,2470.1
320540110573401,1989-06-06 14:30:00,117.2,Approved,35.72,2469.8
320540110573401,1989-07-07 14:30:00,117.8,Approved,35.91,2469.2
320540110573401,1989-08-09 16:30:00,118.0,Approved,35.97,2469.0
320540110573401,1989-08-30 21:42:00,118.07,Approved,35.99,2468.93
320540110573401,1989-09-26 17:18:00,118.47,Approved,36.11,2468.53
320540110573401,1989-10-26 21:12:00,118.51,Approved,36.12,2468.49
320540110573401,1989-11-27 18:30:00,118.65,Approved,36.16,2468.35
320540110573401,1989-12-21 17:30:00,118.64,Approved,36.16,2468.36
320540110573401,1990-01-17 16:30:00,117.2,Approved,35.72,2469.8
320540110573401,1990-02-26 18:00:00,117.4,Approved,35.78,2469.6
320540110573401,1990-03-29 22:15:00,118.2,Approved,36.03,2468.8
320540110573401,1990-05-02 18:10:00,118.8,Approved,36.21,2468.2
320540110573401,1990-06-01 16:00:00,119.0,Approved,36.27,2468.0
320540110573401,1990-07-03 19:30:00,119.4,Approved,36.39,2467.6
320540110573401,1990-07-30 19:30:00,119.4,Approved,36.39,2467.6
320540110573401,1990-08-02 16:30:00,119.5,Approved,36.42,2467.5
320540110573401,1990-08-31 15:45:00,119.42,Approved,36.4,2467.58
320540110573401,1990-09-27 20:10:00,119.38,Approved,36.39,2467.62
320540110573401,1990-10-29 21:00:00,119.15,Approved,36.32,2467.85
320540110573401,1990-11-30 22:00:00,118.9,Approved,36.24,2468.1
320540110573401,1990-12-31 17:30:00,119.0,Approved,36.27,2468.0
320540110573401,1991-01-08 17:45:00,118.1,Approved,36.0,2468.9
320540110573401,1991-02-01 20:30:00,118.7,Approved,36.18,2468.3
320540110573401,1991-03-04 20:40:00,118.4,Approved,36.09,2468.6
320540110573401,1991-05-03 18:30:00,118.0,Approved,35.97,2469.0
320540110573401,1991-06-06 15:00:00,118.74,Approved,36.19,2468.26
320540110573401,1991-07-02 13:30:00,118.85,Approved,36.23,2468.15
320540110573401,1991-07-31 16:30:00,119.0,Approved,36.27,2468.0
320540110573401,1991-08-29 15:30:00,119.05,Approved,36.29,2467.95
320540110573401,1991-09-26 14:45:00,119.24,Approved,36.34,2467.76
320540110573401,1991-10-23 15:00:00,119.14,Approved,36.31,2467.86
320540110573401,1991-11-14 15:30:00,119.21,Approved,36.34,2467.79
320540110573401,1991-12-11 17:00:00,118.95,Approved,36.26,2468.05
320540110573401,1992-02-07 15:45:00,118.34,Approved,36.07,2468.66
320540110573401,1992-03-03 16:15:00,118.47,Approved,36.11,2468.53
320540110573401,1992-04-01 14:51:00,118.26,Approved,36.05,2468.74
320540110573401,1992-05-01 16:00:00,118.74,Approved,36.19,2468.26
320540110573401,1992-05-28 15:25:00,118.81,Approved,36.21,2468.19
320540110573401,1992-06-24 19:45:00,119.29,Approved,36.36,2467.71
320540110573401,1992-07-23 20:30:00,119.56,Approved,36.44,2467.44
320540110573401,1992-08-20 20:15:00,119.73,Approved,36.49,2467.27
320540110573401,1992-09-14 19:15:00,119.83,Approved,36.52,2467.17
320540110573401,1992-10-14 19:15:00,119.82,Approved,36.52,2467.18
320540110573401,1992-11-13 15:30:00,118.28,Approved,36.05,2468.72
320540110573401,1992-12-10 19:00:00,116.27,Approved,35.44,2470.73
320540110573401,1993-01-06 16:00:00,115.04,Approved,35.06,2471.96
320540110573401,1993-02-03 21:45:00,113.8,Approved,34.69,2473.2
320540110573401,1993-03-02 21:10:00,112.24,Approved,34.21,2474.76
320540110573401,1993-03-30 21:30:00,107.3,Approved,32.71,2479.7
320540110573401,1993-04-28 18:35:00,110.64,Approved,33.72,2476.36
320540110573401,1993-05-14 19:05:00,112.08,Approved,34.16,2474.92
320540110573401,1993-05-26 16:00:00,112.13,Approved,34.18,2474.87
320540110573401,1993-06-24 14:45:00,113.13,Approved,34.48,2473.87
320540110573401,1993-07-26 17:45:00,114.16,Approved,34.8,2472.84
320540110573401,1993-08-24 22:45:00,113.55,Approved,34.61,2473.45
320540110573401,1993-09-21 22:55:00,113.29,Approved,34.53,2473.71
320540110573401,1993-10-22 19:25:00,113.42,Approved,34.57,2473.58
320540110573401,1993-11-18 20:30:00,112.83,Approved,34.39,2474.17
320540110573401,1993-12-16 20:10:00,111.65,Approved,34.03,2475.35
320540110573401,1994-01-13 21:25:00,112.02,Approved,34.14,2474.98
320540110573401,1994-02-10 15:25:00,112.14,Approved,34.18,2474.86
320540110573401,1994-03-08 16:15:00,111.73,Approved,34.06,2475.27
320540110573401,1994-04-07 15:10:00,111.75,Approved,34.06,2475.25
320540110573401,1994-05-05 15:10:00,111.8,Approved,34.08,2475.2
320540110573401,1994-06-02 16:40:00,111.5,Approved,33.99,2475.5
320540110573401,1994-06-21 17:00:00,113.09,Approved,34.47,2473.91
320540110573401,1994-07-12 15:00:00,113.55,Approved,34.61,2473.45
320540110573401,1994-07-21 14:05:00,113.17,Approved,34.49,2473.83
320540110573401,1994-08-16 15:25:00,113.38,Approved,34.56,2473.62
320540110573401,1994-09-16 15:05:00,113.6,Approved,34.63,2473.4
320540110573401,1994-10-14 15:00:00,114.66,Approved,34.95,2472.34
320540110573401,1994-11-10 19:40:00,115.03,Approved,35.06,2471.97
320540110573401,1994-12-08 19:40:00,115.75,Approved,35.28,2471.25
320540110573401,1995-01-06 15:25:00,114.25,Approved,34.82,2472.75
320540110573401,1995-02-03 16:00:00,115.37,Approved,35.16,2471.63
320540110573401,1995-03-03 15:20:00,115.2,Approved,35.11,2471.8
320540110573401,1995-03-31 16:00:00,115.2,Approved,35.11,2471.8
320540110573401,1995-04-28 14:40:00,115.2,Approved,35.11,2471.8
320540110573401,1995-05-10 20:30:00,115.2,Approved,35.11,2471.8
320540110573401,1995-05-26 16:45:00,115.1,Approved,35.08,2471.9
320540110573401,1995-06-23 15:40:00,115.5,Approved,35.2,2471.5
320540110573401,1995-07-07 15:35:00,115.57,Approved,35.23,2471.43
320540110573401,1995-08-02 15:30:00,116.0,Approved,35.36,2471.0
320540110573401,1995-08-30 21:00:00,115.9,Approved,35.33,2471.1
320540110573401,1995-10-05 20:10:00,116.24,Approved,35.43,2470.76
320540110573401,1995-11-02 18:30:00,116.27,Approved,35.44,2470.73
320540110573401,1995-11-29 15:50:00,115.95,Approved,35.34,2471.05
320540110573401,1996-01-02 20:50:00,115.82,Approved,35.3,2471.18
320540110573401,1996-02-02 18:20:00,114.9,Approved,35.02,2472.1
320540110573401,1996-03-06 16:00:00,114.67,Approved,34.95,2472.33
320540110573401,1996-05-17 17:20:00,115.85,Approved,35.31,2471.15
320540110573401,1996-06-12 16:50:00,116.28,Approved,35.44,2470.72
320540110573401,1996-07-18 17:15:00,116.5,Approved,35.51,2470.5
320540110573401,1996-09-27 15:25:00,116.82,Approved,35.61,2470.18
320540110573401,1996-11-29 15:30:00,116.85,Approved,35.62,2470.15
320540110573401,1996-12-26 15:30:00,116.35,Approved,35.46,2470.65
320540110573401,1997-02-18 17:40:00,116.71,Approved,35.57,2470.29
320540110573401,1997-03-12 16:05:00,116.91,Approved,35.63,2470.09
320540110573401,1997-04-13 18:10:00,116.97,Approved,35.65,2470.03
320540110573401,1997-05-20 18:00:00,117.42,Approved,35.79,2469.58
320540110573401,1997-06-17 16:45:00,117.68,Approved,35.87,2469.32
320540110573401,1997-07-15 15:30:00,117.95,Approved,35.95,2469.05
320540110573401,1997-09-14 15:30:00,118.08,Approved,35.99,2468.92
320540110573401,1997-10-17 15:50:00,118.28,Approved,36.05,2468.72
320540110573401,1997-11-25 19:30:00,118.18,Approved,36.02,2468.82
320540110573401,1998-01-14 16:25:00,118.3,Approved,36.06,2468.7
320540110573401,1998-02-12 16:20:00,117.0,Approved,35.66,2470.0
320540110573401,1998-03-26 16:30:00,117.8,Approved,35.91,2469.2
320540110573401,1998-04-28 17:30:00,117.8,Approved,35.91,2469.2
320540110573401,1998-05-28 14:50:00,117.9,Approved,35.94,2469.1
320540110573401,1998-06-26 17:35:00,118.4,Approved,36.09,2468.6
320540110573401,1998-07-24 16:20:00,118.6,Approved,36.15,2468.4
320540110573401,1998-08-24 17:35:00,118.77,Approved,36.2,2468.23
320540110573401,1998-09-25 15:05:00,118.8,Approved,36.21,2468.2
320540110573401,1998-10-21 16:30:00,118.9,Approved,36.24,2468.1
320540110573401,1998-11-22 15:00:00,118.0,Approved,35.97,2469.0
320540110573401,1998-12-28 16:35:00,117.3,Approved,35.75,2469.7
320540110573401,1999-02-10 22:30:00,116.23,Approved,35.43,2470.77
320540110573401,1999-03-10 15:15:00,117.5,Approved,35.81,2469.5
320540110573401,1999-04-05 19:00:00,118.0,Approved,35.97,2469.0
320540110573401,1999-05-04 15:30:00,118.0,Approved,35.97,2469.0
320540110573401,1999-06-08 20:15:00,118.34,Approved,36.07,2468.66
320540110573401,1999-07-02 17:35:00,118.5,Approved,36.12,2468.5
320540110573401,1999-08-02 21:00:00,118.4,Approved,36.09,2468.6
320540110573401,1999-09-07 19:30:00,119.2,Approved,36.33,2467.8
320540110573401,1999-10-01 23:30:00,119.1,Approved,36.3,2467.9
320540110573401,1999-11-03 21:45:00,118.9,Approved,36.24,2468.1
320540110573401,1999-12-06 20:45:00,119.0,Approved,36.27,2468.0
320540110573401,2000-01-04 19:15:00,118.85,Approved,36.23,2468.15
320540110573401,2000-02-03 21:00:00,118.9,Approved,36.24,2468.1
320540110573401,2000-03-06 22:00:00,118.45,Approved,36.1,2468.55
320540110573401,2000-04-03 18:05:00,115.7,Approved,35.27,2471.3
320540110573401,2000-04-05 23:15:00,115.3,Approved,35.14,2471.7
320540110573401,2000-04-24 22:20:00,117.81,Approved,35.91,2469.19
320540110573401,2000-05-05 15:50:00,118.0,Approved,35.97,2469.0
320540110573401,2000-06-05 17:30:00,118.18,Approved,36.02,2468.82
320540110573401,2000-07-10 19:30:00,117.1,Approved,35.69,2469.9
320540110573401,2000-08-04 19:00:00,117.0,Approved,35.66,2470.0
320540110573401,2000-09-11 15:20:00,116.94,Approved,35.64,2470.06
320540110573401,2000-10-16 15:45:00,117.25,Approved,35.74,2469.75
320540110573401,2000-11-15 15:30:00,116.62,Approved,35.55,2470.38
320540110573401,2002-09-17 15:30:00,107.9,Approved,32.89,2479.1
320540110573401,2002-10-21 19:39:00,105.39,Approved,32.12,2481.61
320540110573401,2002-11-20 16:30:00,107.12,Approved,32.65,2479.88
320540110573401,2002-12-18 15:15:00,106.32,Approved,32.41,2480.68
320540110573401,2003-01-21 16:00:00,106.51,Approved,32.46,2480.49
320540110573401,2003-01-29 17:50:00,105.58,Approved,32.18,2481.42
320540110573401,2003-02-20 16:00:00,106.35,Approved,32.42,2480.65
320540110573401,2003-03-21 17:00:00,102.06,Approved,31.11,2484.94
320540110573401,2003-04-24 21:00:00,104.1,Approved,31.73,2482.9
320540110573401,2003-05-27 15:00:00,105.5,Approved,32.16,2481.5
320540110573401,2003-06-24 19:00:00,105.68,Approved,32.21,2481.32
320540110573401,2003-07-29 20:40:00,105.54,Approved,32.17,2481.46
320540110573401,2003-09-02 17:15:00,105.35,Approved,32.11,2481.65
320540110573401,2003-09-26 15:30:00,105.43,Approved,32.14,2481.57
320540110573401,2003-10-28 18:00:00,105.4,Approved,32.13,2481.6
320540110573401,2003-11-20 16:00:00,105.1,Approved,32.03,2481.9
320540110573401,2003-12-16 18:00:00,103.4,Approved,31.52,2483.6
320540110573401,2004-01-14 20:00:00,100.84,Approved,30.74,2486.16
320540110573401,2004-03-16 19:00:00,99.5,Approved,30.33,2487.5
320540110573401,2004-04-15 19:00:00,100.73,Approved,30.7,2486.27
320540110573401,2004-05-18 17:45:00,101.89,Approved,31.06,2485.11
320540110573401,2004-06-21 19:00:00,102.74,Approved,31.32,2484.26
320540110573401,2004-07-23 20:00:00,102.79,Approved,31.33,2484.21
320540110573401,2004-09-01 21:30:00,102.31,Approved,31.18,2484.69
320540110573401,2004-09-30 22:00:00,101.62,Approved,30.97,2485.38
320540110573401,2004-10-28 21:15:00,101.79,Approved,31.03,2485.21
320540110573401,2004-11-22 21:45:00,101.4,Approved,30.91,2485.6
320540110573401,2004-12-15 22:15:00,97.6,Approved,29.75,2489.4
320540110573401,2005-01-13 17:30:00,98.91,Approved,30.15,2488.09
320540110573401,2005-02-11 18:00:00,96.51,Approved,29.42,2490.49
320540110573401,2005-03-11 18:30:00,98.6,Approved,30.05,2488.4
320540110573401,2005-04-12 17:30:00,99.79,Approved,30.42,2487.21
320540110573401,2005-05-12 17:45:00,99.79,Approved,30.42,2487.21
320540110573401,2005-05-18 19:00:00,100.0,Approved,30.48,2487.0
320540110573401,2005-06-17 16:45:00,99.37,Approved,30.29,2487.63
320540110573401,2005-07-20 17:45:00,99.37,Approved,30.29,2487.63
320540110573401,2005-08-29 22:15:00,98.49,Approved,30.02,2488.51
320540110573401,2005-10-11 18:35:00,97.15,Approved,29.61,2489.85
320540110573401,2008-10-03 19:22:00,88.61,Approved,27.01,2498.39
320540110573401,2009-03-01 22:54:00,90.58,Approved,27.61,2496.42
320540110573401,2009-04-19 18:03:00,89.58,Approved,27.3,2497.42
320540110573401,2009-06-24 16:35:00,92.41,Approved,28.17,2494.59
320540110573401,2009-07-20 21:55:00,93.66,Approved,28.55,2493.34
320540110573401,2009-08-27 22:35:00,92.93,Approved,28.33,2494.07
320540110573401,2009-10-02 20:00:00,93.24,Approved,28.42,2493.76
320540110573401,2009-12-23 23:23:00,90.7,Approved,27.65,2496.3
320540110573401,2010-02-09 21:45:00,91.15,Approved,27.78,2495.85
320540110573401,2011-11-08 21:54:00,85.6,Approved,26.09,2501.4
320540110573401,2012-01-19 19:45:00,82.44,Approved,25.13,2504.56
320540110573401,2012-05-10 19:00:00,79.8,Approved,24.32,2507.2
320540110573401,2012-08-30 21:55:00,83.72,Approved,25.52,2503.28
320540110573401,2012-10-19 18:45:00,79.54,Approved,24.24,2507.46
320540110573401,2012-12-18 17:00:00,76.07,Approved,23.19,2510.93
320540110573401,2013-02-27 18:44:00,82.19,Approved,25.05,2504.81
320540110573401,2013-04-10 20:50:00,83.26,Approved,25.38,2503.74
320540110573401,2013-05-17 19:45:00,82.74,Approved,25.22,2504.26
320540110573401,2013-07-18 22:47:00,80.47,Approved,24.53,2506.53
320540110573401,2013-10-24 18:00:00,82.95,Approved,25.28,2504.05
320540110573401,2013-10-24 18:11:00,82.95,Approved,25.28,2504.05
320540110573401,2013-12-23 18:00:00,78.31,Approved,23.87,2508.69
320540110573401,2013-12-23 18:10:00,78.31,Approved,23.87,2508.69
320540110573401,2014-05-06 22:32:00,80.62,Approved,24.57,2506.38
320540110573401,2014-09-25 22:17:00,80.74,Approved,24.61,2506.26
320540110573401,2015-01-22 17:33:00,79.96,Approved,24.37,2507.04
320540110573401,2015-04-17 19:40:00,80.94,Approved,24.67,2506.06
320540110573401,2015-07-29 19:27:00,82.39,Approved,25.11,2504.61
320540110573401,2015-11-10 20:42:00,79.81,Approved,24.33,2507.19
320540110573401,2016-02-17 20:59:00,78.96,Approved,24.07,2508.04
320540110573401,2016-04-05 20:38:00,81.85,Approved,24.95,2505.15
320540110573401,2016-11-10 20:18:00,80.5,Approved,24.54,2506.5
320619111000701,1939-09-05 12:00:00,29.66,Approved,9.04,2482.34
320619111000701,1939-09-23 12:00:00,29.59,Approved,9.02,2482.41
320619111000701,1939-11-13 12:00:00,28.31,Approved,8.63,2483.69
320619111000701,1939-12-26 12:00:00,27.73,Approved,8.45,2484.27
320619111000701,1940-02-19 12:00:00,27.79,Approved,8.47,2484.21
320619111000701,1940-03-18 12:00:00,27.15,Approved,8.28,2484.85
320619111000701,1940-05-01 12:00:00,27.43,Approved,8.36,2484.57
320619111000701,1940-05-28 12:00:00,27.77,Approved,8.46,2484.23
320619111000701,1940-08-13 12:00:00,28.66,Approved,8.74,2483.34
320619111000701,1940-10-04 12:00:00,28.04,Approved,8.55,2483.96
320619111000701,1940-11-05 12:00:00,28.87,Approved,8.8,2483.13
320619111000701,1940-12-30 12:00:00,28.43,Approved,8.67,2483.57
320619111000701,1941-02-24 12:00:00,27.85,Approved,8.49,2484.15
320619111000701,1941-03-25 12:00:00,27.49,Approved,8.38,2484.51
320619111000701,1941-04-28 12:00:00,27.77,Approved,8.46,2484.23
320619111000701,1941-06-05 12:00:00,28.25,Approved,8.61,2483.75
320619111000701,1941-07-11 12:00:00,28.97,Approved,8.83,2483.03
320619111000701,1941-08-14 12:00:00,28.9,Approved,8.81,2483.1
320619111000701,1941-09-30 12:00:00,28.97,Approved,8.83,2483.03
320619111000701,1941-11-13 12:00:00,28.59,Approved,8.71,2483.41
320619111000701,1941-12-29 12:00:00,28.12,Approved,8.57,2483.88
320619111000701,1942-03-06 12:00:00,27.75,Approved,8.46,2484.25
320619111000701,1942-08-24 12:00:00,29.99,Approved,9.14,2482.01
320619111000701,1942-12-23 12:00:00,29.42,Approved,8.97,2482.58
320619111000701,1943-04-15 12:00:00,31.75,Approved,9.68,2480.25
320619111000701,1943-12-16 12:00:00,29.53,Approved,9.0,2482.47
320619111000701,1944-01-14 12:00:00,29.7,Approved,9.05,2482.3
320619111000701,1944-07-18 12:00:00,31.61,Approved,9.63,2480.39
320619111000701,1945-02-12 12:00:00,29.67,Approved,9.04,2482.33
320619111000701,1945-07-27 12:00:00,31.35,Approved,9.56,2480.65
320619111000701,1945-10-12 12:00:00,30.15,Approved,9.19,2481.85
320619111000701,1945-12-06 12:00:00,30.44,Approved,9.28,2481.56
320619111000701,1946-03-06 12:00:00,30.05,Approved,9.16,2481.95
320619111000701,1946-05-09 12:00:00,31.69,Approved,9.66,2480.31
320619111000701,1946-06-17 12:00:00,31.39,Approved,9.57,2480.61
320619111000701,1946-07-23 12:00:00,31.55,Approved,9.62,2480.45
320619111000701,1946-08-30 12:00:00,31.37,Approved,9.56,2480.63
320619111000701,1946-10-11 12:00:00,31.76,Approved,9.68,2480.24
320619111000701,1946-12-02 12:00:00,30.28,Approved,9.23,2481.72
320619111000701,1946-12-24 12:00:00,30.58,Approved,9.32,2481.42
320619111000701,1947-02-14 12:00:00,29.83,Approved,9.09,2482.17
320619111000701,1947-03-31 12:00:00,30.65,Approved,9.34,2481.35
320619111000701,1947-04-29 12:00:00,32.39,Approved,9.87,2479.61
320619111000701,1947-07-14 12:00:00,33.52,Approved,10.22,2478.48
320619111000701,1947-08-28 12:00:00,33.77,Approved,10.29,2478.23
320619111000701,1947-09-26 12:00:00,33.62,Approved,10.25,2478.38
320619111000701,1947-10-28 12:00:00,31.6,Approved,9.63,2480.4
320619111000701,1948-01-07 12:00:00,30.58,Approved,9.32,2481.42
320619111000701,1948-05-21 12:00:00,33.95,Approved,10.35,2478.05
320619111000701,1948-07-28 12:00:00,32.75,Approved,9.98,2479.25
320619111000701,1948-08-24 12:00:00,32.55,Approved,9.92,2479.45
320619111000701,1948-09-30 12:00:00,34.39,Approved,10.48,2477.61
320619111000701,1948-10-25 12:00:00,32.61,Approved,9.94,2479.39
320619111000701,1948-11-24 12:00:00,32.4,Approved,9.88,2479.6
320619111000701,1949-01-27 12:00:00,31.85,Approved,9.71,2480.15
320619111000701,1949-09-26 12:00:00,36.65,Approved,11.17,2475.35
320619111000701,1949-12-16 12:00:00,34.31,Approved,10.46,2477.69
320619111000701,1950-02-06 12:00:00,32.95,Approved,10.04,2479.05
320619111000701,1950-05-25 12:00:00,33.73,Approved,10.28,2478.27
320619111000701,1950-09-26 12:00:00,33.28,Approved,10.14,2478.72
320619111000701,1950-11-29 12:00:00,34.26,Approved,10.44,2477.74
320619111000701,1951-01-18 12:00:00,33.27,Approved,10.14,2478.73
320619111000701,1951-09-05 12:00:00,36.81,Approved,11.22,2475.19
320619111000701,1951-12-17 12:00:00,33.2,Approved,10.12,2478.8
320619111000701,1952-02-20 12:00:00,34.87,Approved,10.63,2477.13
320619111000701,1952-05-19 12:00:00,35.89,Approved,10.94,2476.11
320619111000701,1952-11-13 12:00:00,36.34,Approved,11.08,2475.66
320619111000701,1953-02-03 12:00:00,37.32,Approved,11.38,2474.68
320619111000701,1953-04-23 12:00:00,36.83,Approved,11.23,2475.17
320619111000701,1953-07-09 12:00:00,37.93,Approved,11.56,2474.07
320619111000701,1954-02-01 12:00:00,37.7,Approved,11.49,2474.3
320619111000701,1954-05-17 12:00:00,40.21,Approved,12.26,2471.79
320619111000701,1954-08-04 12:00:00,36.16,Approved,11.02,2475.84
320619111000701,1954-09-01 12:00:00,35.4,Approved,10.79,2476.6
320619111000701,1954-11-08 12:00:00,36.23,Approved,11.04,2475.77
320619111000701,1955-01-04 12:00:00,36.73,Approved,11.2,2475.27
320619111000701,1955-03-25 12:00:00,38.1,Approved,11.61,2473.9
320619111000701,1955-07-08 12:00:00,40.02,Approved,12.2,2471.98
320619111000701,1955-10-28 12:00:00,38.23,Approved,11.65,2473.77
320619111000701,1956-01-04 12:00:00,36.03,Approved,10.98,2475.97
320619111000701,1956-08-10 12:00:00,37.02,Approved,11.28,2474.98
320619111000701,1957-07-19 12:00:00,38.58,Approved,11.76,2473.42
320619111000701,1957-12-26 12:00:00,36.66,Approved,11.17,2475.34
320619111000701,1959-02-03 12:00:00,39.18,Approved,11.94,2472.82
320619111000701,1960-01-05 12:00:00,39.61,Approved,12.07,2472.39
320620110572901,1954-10-06 12:00:00,55.9,Approved,17.04,2508.1
320620110572901,1955-02-17 12:00:00,55.16,Approved,16.81,2508.84
320620110572901,1955-05-06 12:00:00,54.28,Approved,16.54,2509.72
320620110572901,1956-02-17 12:00:00,55.71,Approved,16.98,2508.29
320620110572901,1957-02-14 12:00:00,57.01,Approved,17.38,2506.99
320620110572901,1958-02-04 12:00:00,58.63,Approved,17.87,2505.37
320620110572901,1959-02-06 12:00:00,60.07,Approved,18.31,2503.93
320620110572901,1960-02-10 12:00:00,61.91,Approved,18.87,2502.09
320620110572901,1961-02-06 12:00:00,64.47,Approved,19.65,2499.53
320620110572901,1962-02-09 12:00:00,66.75,Approved,20.35,2497.25
320620110572901,1962-10-30 12:00:00,72.7,Approved,22.16,2491.3
320620110572901,1963-02-12 12:00:00,72.53,Approved,22.11,2491.47
320620110572901,1963-10-31 12:00:00,78.23,Approved,23.84,2485.77
320620110572901,1964-01-28 12:00:00,73.45,Approved,22.39,2490.55
320620110572901,1964-11-06 12:00:00,79.95,Approved,24.37,2484.05
320620110572901,1965-02-10 12:00:00,79.03,Approved,24.09,2484.97
320620110572901,1965-06-04 12:00:00,84.1,Approved,25.63,2479.9
320620110572901,1965-08-12 12:00:00,87.2,Approved,26.58,2476.8
320620110572901,1965-09-27 12:00:00,85.0,Approved,25.91,2479.0
320620110572901,1965-12-15 12:00:00,81.5,Approved,24.84,2482.5
320620110572901,1966-01-15 12:00:00,82.0,Approved,24.99,2482.0
320620110572901,1966-03-04 12:00:00,81.3,Approved,24.78,2482.7
320620110572901,1966-03-17 12:00:00,82.2,Approved,25.05,2481.8
320620110572901,1966-04-19 12:00:00,83.5,Approved,25.45,2480.5
320620110572901,1966-05-15 12:00:00,88.5,Approved,26.97,2475.5
320620110572901,1966-06-17 12:00:00,88.2,Approved,26.88,2475.8
320620110572901,1966-07-15 12:00:00,88.8,Approved,27.07,2475.2
320620110572901,1966-08-22 12:00:00,87.5,Approved,26.67,2476.5
320620110572901,1966-09-15 12:00:00,86.7,Approved,26.43,2477.3
320620110572901,1966-10-15 12:00:00,86.0,Approved,26.21,2478.0
320620110572901,1966-11-18 12:00:00,85.5,Approved,26.06,2478.5
320620110572901,1966-12-28 12:00:00,87.8,Approved,26.76,2476.2
320620110572901,1967-02-20 12:00:00,88.0,Approved,26.82,2476.0
320620110572901,1967-03-16 12:00:00,88.3,Approved,26.91,2475.7
320620110572901,1967-04-17 12:00:00,88.3,Approved,26.91,2475.7
320620110572901,1967-05-16 12:00:00,88.5,Approved,26.97,2475.5
320620110572901,1967-07-20 12:00:00,88.9,Approved,27.1,2475.1
320620110572901,1967-08-28 12:00:00,87.9,Approved,26.79,2476.1
320620110572901,1967-09-01 12:00:00,87.9,Approved,26.79,2476.1
320620110572901,1967-10-25 12:00:00,88.5,Approved,26.97,2475.5
320620110572901,1967-11-20 12:00:00,87.3,Approved,26.61,2476.7
320620110572901,1967-11-30 12:00:00,84.05,Approved,25.62,2479.95
320620110572901,1967-12-20 12:00:00,83.7,Approved,25.51,2480.3
320620110572901,1968-01-18 12:00:00,83.0,Approved,25.3,2481.0
320620110572901,1968-02-02 12:00:00,81.36,Approved,24.8,2482.64
320620110572901,1968-02-16 12:00:00,82.5,Approved,25.15,2481.5
320620110572901,1968-03-01 12:00:00,83.2,Approved,25.36,2480.8
320620110572901,1968-04-19 12:00:00,80.9,Approved,24.66,2483.1
320620110572901,1968-05-16 12:00:00,85.3,Approved,26.0,2478.7
320620110572901,1968-06-17 12:00:00,87.6,Approved,26.7,2476.4
320620110572901,1968-11-13 12:00:00,89.03,Approved,27.14,2474.97
320620110572901,1969-11-20 12:00:00,88.47,Approved,26.97,2475.53
320620110572901,1971-03-03 12:00:00,94.3,Approved,28.74,2469.7
320620110572901,1982-01-04 12:00:00,101.7,Approved,31.0,2462.3
320620110572901,1982-12-01 12:00:00,102.0,Approved,31.09,2462.0
320620110572901,1984-01-06 12:00:00,100.6,Approved,30.66,2463.4
320620110572901,1985-01-04 12:00:00,98.7,Approved,30.08,2465.3
320620110572901,1986-01-09 12:00:00,93.9,Approved,28.62,2470.1
320620110572901,1986-12-23 12:00:00,98.3,Approved,29.96,2465.7
320620110572901,1987-12-28 12:00:00,99.8,Approved,30.42,2464.2
320620110572901,1988-11-29 12:00:00,98.0,Approved,29.87,2466.0
320620110572901,1991-01-09 12:00:00,99.4,Approved,30.3,2464.6
320620110572901,1992-01-21 12:00:00,98.52,Approved,30.03,2465.48
320712110595001,1931-04-14 12:00:00,46.79,Approved,14.26,2443.21
320712110595001,1931-05-14 12:00:00,48.02,Approved,14.64,2441.98
320712110595001,1931-06-17 12:00:00,47.49,Approved,14.47,2442.51
320712110595001,1931-07-18 12:00:00,47.73,Approved,14.55,2442.27
320712110595001,1931-08-22 12:00:00,46.66,Approved,14.22,2443.34
320712110595001,1931-09-11 12:00:00,46.08,Approved,14.05,2443.92
320712110595001,1931-10-15 12:00:00,45.8,Approved,13.96,2444.2
320712110595001,1931-12-21 12:00:00,45.11,Approved,13.75,2444.89
320712110595001,1932-01-29 12:00:00,44.77,Approved,13.65,2445.23
320712110595001,1932-02-26 12:00:00,44.78,Approved,13.65,2445.22
320712110595001,1932-03-12 12:00:00,44.7,Approved,13.62,2445.3
320712110595001,1932-04-01 12:00:00,44.77,Approved,13.65,2445.23
320712110595001,1932-05-01 12:00:00,45.32,Approved,13.81,2444.68
320712110595001,1932-06-01 12:00:00,45.65,Approved,13.91,2444.35
320712110595001,1932-08-01 12:00:00,45.88,Approved,13.98,2444.12
320712110595001,1932-09-01 12:00:00,46.1,Approved,14.05,2443.9
320712110595001,1932-10-01 12:00:00,46.42,Approved,14.15,2443.58
320712110595001,1932-11-01 12:00:00,46.48,Approved,14.17,2443.52
320712110595001,1932-12-01 12:00:00,46.53,Approved,14.18,2443.47
320712110595001,1933-01-01 12:00:00,46.11,Approved,14.05,2443.89
320712110595001,1933-02-01 12:00:00,46.19,Approved,14.08,2443.81
320712110595001,1933-03-01 12:00:00,46.21,Approved,14.08,2443.79
320712110595001,1933-04-01 12:00:00,46.38,Approved,14.14,2443.62
320712110595001,1933-06-01 12:00:00,47.18,Approved,14.38,2442.82
320712110595001,1933-07-01 12:00:00,47.49,Approved,14.47,2442.51
320712110595001,1934-01-01 12:00:00,46.88,Approved,14.29,2443.12
320712110595001,1934-04-01 12:00:00,47.05,Approved,14.34,2442.95
320712110595001,1934-05-01 12:00:00,47.44,Approved,14.46,2442.56
320712110595001,1934-08-01 12:00:00,48.17,Approved,14.68,2441.83
320712110595001,1934-09-01 12:00:00,47.79,Approved,14.57,2442.21
320712110595001,1934-11-01 12:00:00,48.05,Approved,14.65,2441.95
320712110595001,1934-12-01 12:00:00,48.07,Approved,14.65,2441.93
320712110595001,1935-01-01 12:00:00,47.82,Approved,14.58,2442.18
320712110595001,1935-06-01 12:00:00,48.1,Approved,14.66,2441.9
320712110595001,1935-08-01 12:00:00,48.47,Approved,14.77,2441.53
320712110595001,1935-09-01 12:00:00,47.57,Approved,14.5,2442.43
320712110595001,1935-12-01 12:00:00,46.83,Approved,14.27,2443.17
320712110595001,1936-07-17 12:00:00,47.94,Approved,14.61,2442.06
320712110595001,1937-02-24 12:00:00,46.97,Approved,14.32,2443.03
320712110595001,1937-06-16 12:00:00,47.97,Approved,14.62,2442.03
320712110595001,1937-07-15 12:00:00,48.67,Approved,14.83,2441.33
320712110595001,1937-08-19 12:00:00,48.81,Approved,14.88,2441.19
320712110595001,1937-09-01 12:00:00,48.52,Approved,14.79,2441.48
320712110595001,1937-10-13 12:00:00,48.58,Approved,14.81,2441.42
320712110595001,1937-11-17 12:00:00,48.72,Approved,14.85,2441.28
320712110595001,1937-12-21 12:00:00,49.43,Approved,15.07,2440.57
320712110595001,1938-01-18 12:00:00,49.15,Approved,14.98,2440.85
320712110595001,1938-02-17 12:00:00,48.35,Approved,14.74,2441.65
320712110595001,1938-03-16 12:00:00,48.13,Approved,14.67,2441.87
320712110595001,1938-04-14 12:00:00,48.39,Approved,14.75,2441.61
320712110595001,1938-05-16 12:00:00,48.81,Approved,14.88,2441.19
320712110595001,1938-06-16 12:00:00,49.21,Approved,15.0,2440.79
320712110595001,1938-08-18 12:00:00,48.75,Approved,14.86,2441.25
320712110595001,1938-10-01 12:00:00,48.85,Approved,14.89,2441.15
320712110595001,1938-11-01 12:00:00,49.03,Approved,14.94,2440.97
320712110595001,1938-12-01 12:00:00,49.0,Approved,14.94,2441.0
320712110595001,1939-01-01 12:00:00,48.6,Approved,14.81,2441.4
320712110595001,1939-02-01 12:00:00,48.25,Approved,14.71,2441.75
320712110595001,1939-03-01 12:00:00,48.1,Approved,14.66,2441.9
320712110595001,1939-04-01 12:00:00,50.23,Approved,15.31,2439.77
320712110595001,1939-05-01 12:00:00,48.66,Approved,14.83,2441.34
320712110595001,1939-07-01 12:00:00,49.42,Approved,15.06,2440.58
320712110595001,1939-08-01 12:00:00,48.54,Approved,14.79,2441.46
320712110595001,1939-09-05 12:00:00,48.28,Approved,14.72,2441.72
320712110595001,1939-11-13 12:00:00,48.31,Approved,14.72,2441.69
320712110595001,1939-12-26 12:00:00,48.47,Approved,14.77,2441.53
320712110595001,1940-02-19 12:00:00,48.29,Approved,14.72,2441.71
320712110595001,1940-03-18 12:00:00,48.0,Approved,14.63,2442.0
320712110595001,1940-05-01 12:00:00,48.36,Approved,14.74,2441.64
320712110595001,1940-06-01 12:00:00,48.91,Approved,14.91,2441.09
320712110595001,1940-07-01 12:00:00,49.07,Approved,14.96,2440.93
320712110595001,1940-08-31 12:00:00,49.16,Approved,14.98,2440.84
320712110595001,1940-10-04 12:00:00,48.72,Approved,14.85,2441.28
320712110595001,1940-11-04 12:00:00,48.84,Approved,14.89,2441.16
320712110595001,1940-12-30 12:00:00,48.44,Approved,14.76,2441.56
320712110595001,1941-01-01 12:00:00,49.35,Approved,15.04,2440.65
320712110595001,1941-02-24 12:00:00,47.89,Approved,14.6,2442.11
320712110595001,1941-03-25 12:00:00,47.51,Approved,14.48,2442.49
320712110595001,1941-04-28 12:00:00,47.65,Approved,14.52,2442.35
320712110595001,1941-06-16 12:00:00,49.01,Approved,14.94,2440.99
320712110595001,1941-07-11 12:00:00,48.63,Approved,14.82,2441.37
320712110595001,1941-08-14 12:00:00,48.74,Approved,14.86,2441.26
320712110595001,1941-09-30 12:00:00,48.72,Approved,14.85,2441.28
320712110595001,1941-11-13 12:00:00,48.7,Approved,14.84,2441.3
320712110595001,1941-12-29 12:00:00,48.38,Approved,14.75,2441.62
320712110595001,1942-02-26 12:00:00,48.69,Approved,14.84,2441.31
320712110595001,1942-10-20 12:00:00,49.7,Approved,15.15,2440.3
320712110595001,1943-03-31 12:00:00,49.6,Approved,15.12,2440.4
320712110595001,1943-10-26 12:00:00,51.2,Approved,15.61,2438.8
320712110595001,1944-03-21 12:00:00,49.92,Approved,15.22,2440.08
320712110595001,1944-06-27 12:00:00,51.61,Approved,15.73,2438.39
320712110595001,1944-10-13 12:00:00,51.48,Approved,15.69,2438.52
320712110595001,1945-03-10 12:00:00,50.88,Approved,15.51,2439.12
320712110595001,1945-06-19 12:00:00,53.27,Approved,16.24,2436.73
320712110595001,1946-03-07 12:00:00,51.56,Approved,15.72,2438.44
320712110595001,1949-02-09 12:00:00,117.0,Approved,35.66,2373.0
320712110595001,1950-09-15 12:00:00,122.1,Approved,37.22,2367.9
320712110595001,1952-02-06 12:00:00,63.15,Approved,19.25,2426.85
320712110595001,1953-01-13 12:00:00,66.5,Approved,20.27,2423.5
320712110595001,1954-02-01 12:00:00,70.49,Approved,21.49,2419.51
320712110595001,1955-02-18 12:00:00,74.25,Approved,22.63,2415.75
320712110595001,1956-02-13 12:00:00,63.59,Approved,19.38,2426.41
320712110595001,1957-12-27 12:00:00,73.6,Approved,22.43,2416.4
320712110595001,1960-02-02 12:00:00,69.59,Approved,21.21,2420.41
320712110595001,1962-02-02 12:00:00,79.78,Approved,24.32,2410.22
320712110595001,1963-01-30 12:00:00,92.7,Approved,28.25,2397.3
320712110595001,1964-01-31 12:00:00,100.72,Approved,30.7,2389.28
320712110595001,1967-10-23 12:00:00,82.57,Approved,25.17,2407.43
320712110595001,1967-11-01 12:00:00,100.4,Approved,30.6,2389.6
320712110595001,1967-12-21 12:00:00,54.9,Approved,16.73,2435.1
320712110595001,1968-11-01 12:00:00,112.8,Approved,34.38,2377.2
320732110492201,1967-01-05 12:00:00,293.72,Approved,89.53,2548.28
320732110492201,1967-02-28 12:00:00,284.54,Approved,86.73,2557.46
320732110492201,1967-03-06 12:00:00,284.29,Approved,86.65,2557.71
320732110492201,1967-04-05 12:00:00,284.31,Approved,86.66,2557.69
320732110492201,1967-04-28 12:00:00,284.32,Approved,86.66,2557.68
320732110492201,1967-05-18 12:00:00,284.35,Approved,86.67,2557.65
320732110492201,1967-06-19 12:00:00,284.58,Approved,86.74,2557.42
320732110492201,1967-07-24 12:00:00,284.48,Approved,86.71,2557.52
320732110492201,1967-08-25 12:00:00,284.62,Approved,86.75,2557.38
320732110492201,1967-10-05 12:00:00,284.64,Approved,86.76,2557.36
320732110492201,1967-10-25 12:00:00,284.99,Approved,86.86,2557.01
320732110492201,1967-12-04 12:00:00,284.79,Approved,86.8,2557.21
320732110492201,1968-01-09 12:00:00,282.89,Approved,86.22,2559.11
320732110492201,1968-02-29 12:00:00,285.08,Approved,86.89,2556.92
320732110492201,1968-12-10 12:00:00,285.65,Approved,87.07,2556.35
320732110492201,1969-02-12 12:00:00,285.46,Approved,87.01,2556.54
320732110492201,1969-12-17 12:00:00,285.95,Approved,87.16,2556.05
320732110492201,1970-12-15 12:00:00,287.09,Approved,87.51,2554.91
320732110492201,1972-01-12 12:00:00,287.73,Approved,87.7,2554.27
320732110492201,1973-02-02 12:00:00,286.9,Approved,87.45,2555.1
320732110492201,1973-12-19 12:00:00,289.27,Approved,88.17,2552.73
320732110492201,1975-02-20 12:00:00,290.11,Approved,88.43,2551.89
320732110492201,1976-01-26 12:00:00,292.17,Approved,89.05,2549.83
320732110492201,1976-12-08 12:00:00,290.3,Approved,88.48,2551.7
320732110492201,1977-12-19 12:00:00,287.9,Approved,87.75,2554.1
320732110492201,1979-02-16 12:00:00,293.75,Approved,89.54,2548.25
320732110492201,1979-12-17 12:00:00,296.99,Approved,90.52,2545.01
320732110492201,1980-12-19 12:00:00,295.5,Approved,90.07,2546.5
320732110492201,1981-12-20 12:00:00,297.2,Approved,90.59,2544.8
320732110492201,1983-01-04 12:00:00,296.8,Approved,90.46,2545.2
320732110492201,1983-12-06 12:00:00,298.0,Approved,90.83,2544.0
320732110492201,1984-12-12 12:00:00,298.2,Approved,90.89,2543.8
320732110492201,1985-06-18 12:00:00,298.79,Approved,91.07,2543.21
320732110492201,1985-12-04 12:00:00,298.89,Approved,91.1,2543.11
320732110492201,1986-05-28 12:00:00,298.69,Approved,91.04,2543.31
320732110492201,1986-12-09 12:00:00,298.69,Approved,91.04,2543.31
320732110492201,1987-06-03 12:00:00,296.39,Approved,90.34,2545.61
320732110492201,1987-12-10 12:00:00,299.49,Approved,91.28,2542.51
320732110492201,1988-06-08 12:00:00,299.39,Approved,91.25,2542.61
320732110492201,1988-12-08 12:00:00,299.09,Approved,91.16,2542.91
320732110492201,1989-11-30 12:00:00,299.49,Approved,91.28,2542.51
320732110492201,1990-12-12 12:00:00,294.89,Approved,89.88,2547.11
320732110492201,1991-12-09 12:00:00,299.59,Approved,91.32,2542.41
320732110492201,1992-11-30 12:00:00,300.39,Approved,91.56,2541.61
320732110492201,1993-12-06 12:00:00,300.99,Approved,91.74,2541.01
320732110492201,1995-01-17 12:00:00,292.39,Approved,89.12,2549.61
320732110492201,1995-01-19 12:00:00,300.89,Approved,91.71,2541.11
320732110492201,1995-11-28 12:00:00,302.79,Approved,92.29,2539.21
320732110492201,1996-11-05 12:00:00,304.29,Approved,92.75,2537.71
320732110492201,1997-11-04 12:00:00,306.99,Approved,93.57,2535.01
320732110492201,1998-12-02 12:00:00,308.99,Approved,94.18,2533.01
320732110492201,1999-11-16 12:00:00,310.99,Approved,94.79,2531.01
320732110492201,2000-11-28 12:00:00,315.99,Approved,96.31,2526.01
320732110492202,1967-01-05 12:00:00,291.14,Approved,88.74,2550.86
320732110492202,1967-02-28 12:00:00,290.72,Approved,88.61,2551.28
320732110492202,1967-03-06 12:00:00,290.5,Approved,88.54,2551.5
320732110492202,1967-04-05 12:00:00,290.72,Approved,88.61,2551.28
320732110492202,1967-04-28 12:00:00,290.29,Approved,88.48,2551.71
320732110492202,1967-05-18 12:00:00,290.17,Approved,88.44,2551.83
320732110492202,1967-06-19 12:00:00,290.2,Approved,88.45,2551.8
320732110492202,1967-07-24 12:00:00,290.1,Approved,88.42,2551.9
320732110492202,1967-08-25 12:00:00,290.17,Approved,88.44,2551.83
320732110492202,1967-10-05 12:00:00,290.2,Approved,88.45,2551.8
320732110492202,1967-10-25 12:00:00,290.93,Approved,88.68,2551.07
320732110492202,1967-12-04 12:00:00,290.28,Approved,88.48,2551.72
320732110492202,1968-01-09 12:00:00,290.44,Approved,88.53,2551.56
320732110492202,1968-02-29 12:00:00,290.52,Approved,88.55,2551.48
320732110492202,1968-12-10 12:00:00,291.21,Approved,88.76,2550.79
320732110492202,1969-02-12 12:00:00,288.73,Approved,88.0,2553.27
320732110492202,1969-12-17 12:00:00,288.87,Approved,88.05,2553.13
320732110492202,1970-12-15 12:00:00,293.25,Approved,89.38,2548.75
320732110492202,1972-01-12 12:00:00,296.03,Approved,90.23,2545.97
320732110492202,1973-02-02 12:00:00,292.48,Approved,89.15,2549.52
320732110492202,1973-12-19 12:00:00,296.18,Approved,90.28,2545.82
320732110492202,1975-02-20 12:00:00,297.38,Approved,90.64,2544.62
320732110492202,1976-01-26 12:00:00,299.37,Approved,91.25,2542.63
320732110492202,1976-12-08 12:00:00,300.4,Approved,91.56,2541.6
320732110492202,1977-12-19 12:00:00,295.6,Approved,90.1,2546.4
320732110492202,1979-02-16 12:00:00,294.8,Approved,89.86,2547.2
320732110492202,1979-12-17 12:00:00,305.65,Approved,93.16,2536.35
320732110492202,1981-12-20 12:00:00,306.6,Approved,93.45,2535.4
320732110492202,1983-01-04 12:00:00,308.0,Approved,93.88,2534.0
320732110492202,1983-12-06 12:00:00,305.5,Approved,93.12,2536.5
320732110492202,1984-12-12 12:00:00,305.4,Approved,93.09,2536.6
320732110492202,1985-06-18 12:00:00,305.55,Approved,93.13,2536.45
320732110492202,1985-12-04 12:00:00,306.35,Approved,93.38,2535.65
320732110492202,1986-05-28 12:00:00,303.85,Approved,92.61,2538.15
320732110492202,1986-12-09 12:00:00,304.95,Approved,92.95,2537.05
320732110492202,1987-06-03 12:00:00,303.55,Approved,92.52,2538.45
320732110492202,1987-12-10 12:00:00,305.65,Approved,93.16,2536.35
320732110492202,1988-06-08 12:00:00,305.75,Approved,93.19,2536.25
320732110492202,1988-12-08 12:00:00,305.75,Approved,93.19,2536.25
320732110492202,1989-11-30 12:00:00,306.15,Approved,93.31,2535.85
320732110492202,1990-12-12 12:00:00,303.15,Approved,92.4,2538.85
320732110492202,1991-12-09 12:00:00,303.85,Approved,92.61,2538.15
320732110492202,1992-11-30 12:00:00,306.55,Approved,93.44,2535.45
320732110492202,1993-12-06 12:00:00,306.25,Approved,93.34,2535.75
320732110492202,1995-01-17 12:00:00,313.05,Approved,95.42,2528.95
320732110492202,1995-01-19 12:00:00,306.25,Approved,93.34,2535.75
320732110492202,1995-11-28 12:00:00,306.75,Approved,93.5,2535.25
320732110492202,1996-11-05 12:00:00,308.15,Approved,93.92,2533.85
320732110492202,1997-11-04 12:00:00,309.85,Approved,94.44,2532.15
320732110492202,1998-12-02 12:00:00,311.05,Approved,94.81,2530.95
320732110492202,1999-11-16 12:00:00,312.85,Approved,95.36,2529.15
320732110492202,2000-11-28 12:00:00,318.25,Approved,97.0,2523.75
320732110492203,1967-01-05 12:00:00,341.79,Approved,104.18,2500.21
320732110492203,1967-02-28 12:00:00,343.19,Approved,104.6,2498.81
320732110492203,1967-03-06 12:00:00,343.18,Approved,104.6,2498.82
320732110492203,1967-04-05 12:00:00,342.63,Approved,104.43,2499.37
320732110492203,1967-04-28 12:00:00,342.78,Approved,104.48,2499.22
320732110492203,1967-05-18 12:00:00,342.72,Approved,104.46,2499.28
320732110492203,1967-06-19 12:00:00,342.78,Approved,104.48,2499.22
320732110492203,1967-07-24 12:00:00,341.66,Approved,104.14,2500.34
320732110492203,1967-08-25 12:00:00,342.84,Approved,104.5,2499.16
320732110492203,1967-10-05 12:00:00,343.03,Approved,104.56,2498.97
320732110492203,1967-10-25 12:00:00,343.32,Approved,104.64,2498.68
320732110492203,1967-12-04 12:00:00,343.44,Approved,104.68,2498.56
320732110492203,1968-01-09 12:00:00,343.64,Approved,104.74,2498.36
320732110492203,1968-02-29 12:00:00,343.83,Approved,104.8,2498.17
320732110492203,1968-12-10 12:00:00,342.54,Approved,104.41,2499.46
320732110492203,1969-02-12 12:00:00,345.94,Approved,105.44,2496.06
320732110492203,1969-12-17 12:00:00,346.76,Approved,105.69,2495.24
320732110492203,1970-12-15 12:00:00,350.22,Approved,106.75,2491.78
320732110492203,1972-01-12 12:00:00,352.08,Approved,107.31,2489.92
320732110492203,1973-02-02 12:00:00,355.63,Approved,108.4,2486.37
320732110492203,1973-12-19 12:00:00,356.21,Approved,108.57,2485.79
320732110492203,1975-02-20 12:00:00,358.4,Approved,109.24,2483.6
320732110492203,1976-01-26 12:00:00,362.38,Approved,110.45,2479.62
320732110492203,1976-12-08 12:00:00,364.1,Approved,110.98,2477.9
320732110492203,1977-12-19 12:00:00,360.2,Approved,109.79,2481.8
320732110492203,1979-02-16 12:00:00,357.8,Approved,109.06,2484.2
320732110492203,1979-12-17 12:00:00,372.14,Approved,113.43,2469.86
320732110492203,1980-12-19 12:00:00,370.8,Approved,113.02,2471.2
320732110492203,1981-12-20 12:00:00,373.2,Approved,113.75,2468.8
320732110492203,1983-01-04 12:00:00,371.8,Approved,113.32,2470.2
320732110492203,1983-12-06 12:00:00,371.8,Approved,113.32,2470.2
320732110492203,1984-12-12 12:00:00,372.0,Approved,113.39,2470.0
320732110492203,1985-06-18 12:00:00,372.04,Approved,113.4,2469.96
320732110492203,1985-12-04 12:00:00,372.74,Approved,113.61,2469.26
320732110492203,1986-05-28 12:00:00,372.64,Approved,113.58,2469.36
320732110492203,1986-12-09 12:00:00,373.44,Approved,113.82,2468.56
320732110492203,1987-06-03 12:00:00,375.34,Approved,114.4,2466.66
320732110492203,1987-12-10 12:00:00,376.64,Approved,114.8,2465.36
320732110492203,1988-06-08 12:00:00,372.74,Approved,113.61,2469.26
320732110492203,1988-12-08 12:00:00,374.34,Approved,114.1,2467.66
320732110492203,1989-11-30 12:00:00,376.94,Approved,114.89,2465.06
320732110492203,1990-12-12 12:00:00,377.99,Approved,115.21,2464.01
320732110492203,1991-12-09 12:00:00,374.14,Approved,114.04,2467.86
320732110492203,1992-11-30 12:00:00,378.34,Approved,115.32,2463.66
320732110492203,1993-12-06 12:00:00,388.94,Approved,118.55,2453.06
320732110492203,1995-01-17 12:00:00,385.54,Approved,117.51,2456.46
320732110492203,1995-01-19 12:00:00,386.04,Approved,117.66,2455.96
320732110492203,1995-11-28 12:00:00,387.64,Approved,118.15,2454.36
320732110492203,1996-11-05 12:00:00,389.54,Approved,118.73,2452.46
320732110492203,1997-11-04 12:00:00,391.94,Approved,119.46,2450.06
320732110492203,1998-12-02 12:00:00,397.84,Approved,121.26,2444.16
320732110492203,1999-11-16 12:00:00,398.54,Approved,121.47,2443.46
320732110492203,2000-11-28 12:00:00,400.54,Approved,122.08,2441.46
320757110595001,1939-09-01 12:00:00,35.87,Approved,10.93,2432.13
320757110595001,1939-09-28 12:00:00,35.93,Approved,10.95,2432.07
320757110595001,1939-11-13 12:00:00,36.04,Approved,10.98,2431.96
320757110595001,1939-12-26 12:00:00,35.93,Approved,10.95,2432.07
320757110595001,1940-03-18 12:00:00,35.49,Approved,10.82,2432.51
320757110595001,1940-05-01 12:00:00,36.01,Approved,10.98,2431.99
320757110595001,1940-05-28 12:00:00,36.42,Approved,11.1,2431.58
320757110595001,1940-08-13 12:00:00,36.82,Approved,11.22,2431.18
320757110595001,1940-10-04 12:00:00,37.6,Approved,11.46,2430.4
320757110595001,1940-12-30 12:00:00,38.42,Approved,11.71,2429.58
320757110595001,1941-02-24 12:00:00,35.66,Approved,10.87,2432.34
320757110595001,1941-06-05 12:00:00,35.91,Approved,10.95,2432.09
320757110595001,1941-07-11 12:00:00,36.53,Approved,11.13,2431.47
320757110595001,1941-08-12 12:00:00,36.67,Approved,11.18,2431.33
320757110595001,1941-09-30 12:00:00,36.76,Approved,11.2,2431.24
320757110595001,1941-11-13 12:00:00,36.72,Approved,11.19,2431.28
320757110595001,1941-12-29 12:00:00,36.38,Approved,11.09,2431.62
320757110595001,1942-03-06 12:00:00,35.94,Approved,10.95,2432.06
320757110595001,1942-08-24 12:00:00,37.74,Approved,11.5,2430.26
320757110595001,1942-12-23 12:00:00,38.25,Approved,11.66,2429.75
320757110595001,1943-04-15 12:00:00,38.09,Approved,11.61,2429.91
320757110595001,1943-11-10 12:00:00,39.06,Approved,11.91,2428.94
320757110595001,1943-12-16 12:00:00,38.93,Approved,11.87,2429.07
320757110595001,1944-01-14 12:00:00,38.73,Approved,11.8,2429.27
320757110595001,1944-07-18 12:00:00,41.65,Approved,12.69,2426.35
320757110595001,1945-02-12 12:00:00,39.54,Approved,12.05,2428.46
320757110595001,1945-07-27 12:00:00,41.81,Approved,12.74,2426.19
320757110595001,1945-10-12 12:00:00,40.52,Approved,12.35,2427.48
320757110595001,1945-12-06 12:00:00,41.1,Approved,12.53,2426.9
320757110595001,1946-03-01 12:00:00,39.91,Approved,12.16,2428.09
320757110595001,1946-05-09 12:00:00,40.73,Approved,12.41,2427.27
320757110595001,1946-06-17 12:00:00,41.08,Approved,12.52,2426.92
320757110595001,1946-07-23 12:00:00,41.7,Approved,12.71,2426.3
320757110595001,1946-08-30 12:00:00,41.3,Approved,12.59,2426.7
320757110595001,1946-10-11 12:00:00,42.28,Approved,12.89,2425.72
320757110595001,1946-12-02 12:00:00,40.37,Approved,12.3,2427.63
320757110595001,1946-12-24 12:00:00,42.27,Approved,12.88,2425.73
320757110595001,1947-02-14 12:00:00,42.64,Approved,13.0,2425.36
320757110595001,1947-03-31 12:00:00,43.07,Approved,13.13,2424.93
320757110595001,1947-04-29 12:00:00,43.17,Approved,13.16,2424.83
320757110595001,1947-07-14 12:00:00,44.32,Approved,13.51,2423.68
320757110595001,1947-08-28 12:00:00,43.85,Approved,13.37,2424.15
320757110595001,1947-09-26 12:00:00,43.95,Approved,13.4,2424.05
320757110595001,1947-10-28 12:00:00,43.26,Approved,13.19,2424.74
320757110595001,1948-01-07 12:00:00,43.85,Approved,13.37,2424.15
320757110595001,1948-05-21 12:00:00,45.6,Approved,13.9,2422.4
320757110595001,1948-07-28 12:00:00,45.3,Approved,13.81,2422.7
320757110595001,1948-08-24 12:00:00,44.8,Approved,13.66,2423.2
320757110595001,1948-09-30 12:00:00,44.46,Approved,13.55,2423.54
320757110595001,1948-10-25 12:00:00,44.35,Approved,13.52,2423.65
320757110595001,1948-11-26 12:00:00,44.9,Approved,13.69,2423.1
320757110595001,1949-01-27 12:00:00,43.55,Approved,13.27,2424.45
320801111110201,1948-10-27 12:00:00,348.15,Approved,106.12,2059.82
320801111110201,1949-04-18 12:00:00,348.21,Approved,106.13,2059.76
320801111110201,1949-08-04 12:00:00,348.29,Approved,106.16,2059.68
320801111110201,1951-01-04 12:00:00,348.22,Approved,106.14,2059.75
320801111110201,1952-08-27 12:00:00,348.09,Approved,106.1,2059.88
320801111110201,1953-01-12 12:00:00,347.51,Approved,105.92,2060.46
320801111110201,1953-04-24 12:00:00,349.13,Approved,106.41,2058.84
320801111110201,1953-05-25 12:00:00,351.56,Approved,107.16,2056.41
320801111110201,1953-06-25 12:00:00,351.33,Approved,107.09,2056.64
320801111110201,1953-07-24 12:00:00,352.08,Approved,107.31,2055.89
320801111110201,1953-08-25 12:00:00,353.45,Approved,107.73,2054.52
320801111110201,1953-09-26 12:00:00,353.53,Approved,107.76,2054.44
320801111110201,1953-10-25 12:00:00,352.58,Approved,107.47,2055.39
320801111110201,1953-11-27 12:00:00,351.24,Approved,107.06,2056.73
320801111110201,1953-12-23 12:00:00,351.49,Approved,107.13,2056.48
320801111110201,1954-01-25 12:00:00,351.25,Approved,107.06,2056.72
320801111110201,1954-03-25 12:00:00,352.31,Approved,107.38,2055.66
320801111110201,1954-04-27 12:00:00,353.97,Approved,107.89,2054.0
320801111110201,1954-05-27 12:00:00,354.47,Approved,108.04,2053.5
320801111110201,1954-06-25 12:00:00,355.67,Approved,108.41,2052.3
320801111110201,1954-07-27 12:00:00,355.38,Approved,108.32,2052.59
320801111110201,1954-08-25 12:00:00,355.51,Approved,108.36,2052.46
320801111110201,1954-09-28 12:00:00,354.61,Approved,108.09,2053.36
320801111110201,1954-11-22 12:00:00,353.78,Approved,107.83,2054.19
320801111110201,1955-02-08 12:00:00,355.51,Approved,108.36,2052.46
320801111110201,1955-03-10 12:00:00,353.24,Approved,107.67,2054.73
320801111110201,1955-05-10 12:00:00,353.69,Approved,107.8,2054.28
320801111110201,1955-06-08 12:00:00,356.24,Approved,108.58,2051.73
320801111110201,1955-07-27 12:00:00,357.1,Approved,108.84,2050.87
320801111110201,1955-08-29 12:00:00,355.91,Approved,108.48,2052.06
320801111110201,1955-09-27 12:00:00,356.28,Approved,108.59,2051.69
320801111110201,1955-10-27 12:00:00,356.14,Approved,108.55,2051.83
320801111110201,1955-11-29 12:00:00,355.45,Approved,108.34,2052.52
320801111110201,1956-01-12 12:00:00,355.22,Approved,108.27,2052.75
320801111110201,1956-03-06 12:00:00,357.1,Approved,108.84,2050.87
320801111110201,1956-04-05 12:00:00,357.1,Approved,108.84,2050.87
320801111110201,1956-06-17 12:00:00,360.29,Approved,109.82,2047.68
320801111110201,1956-07-26 12:00:00,359.89,Approved,109.69,2048.08
320801111110201,1956-10-12 12:00:00,359.47,Approved,109.57,2048.5
320801111110201,1957-01-15 12:00:00,357.73,Approved,109.04,2050.24
320801111110201,1957-04-08 12:00:00,360.28,Approved,109.81,2047.69
320801111110201,1957-06-25 12:00:00,360.26,Approved,109.81,2047.71
320801111110201,1957-07-12 12:00:00,360.91,Approved,110.01,2047.06
320801111110201,1957-09-21 12:00:00,361.42,Approved,110.16,2046.55
320801111110201,1958-04-14 12:00:00,360.92,Approved,110.01,2047.05
320801111110201,1958-10-22 12:00:00,360.93,Approved,110.01,2047.04
320801111110201,1959-01-02 12:00:00,360.08,Approved,109.75,2047.89
320801111110201,1959-09-25 12:00:00,363.24,Approved,110.72,2044.73
320801111110201,1959-12-30 12:00:00,361.92,Approved,110.31,2046.05
320801111110201,1960-12-22 12:00:00,363.69,Approved,110.85,2044.28
320801111110201,1962-01-02 12:00:00,365.27,Approved,111.33,2042.7
320801111110201,1963-01-08 12:00:00,368.25,Approved,112.24,2039.72
320801111110201,1963-12-27 12:00:00,367.72,Approved,112.08,2040.25
320801111110201,1964-12-31 12:00:00,368.61,Approved,112.35,2039.36
320801111110201,1965-04-28 12:00:00,370.05,Approved,112.79,2037.92
320801111110201,1966-12-30 12:00:00,369.95,Approved,112.76,2038.02
320801111110201,1968-01-05 12:00:00,372.03,Approved,113.39,2035.94
320801111110201,1968-12-19 12:00:00,372.35,Approved,113.49,2035.62
320801111110201,1982-12-13 12:00:00,378.0,Approved,115.21,2029.97
320824110593001,1931-07-15 12:00:00,36.5,Approved,11.13,2420.91
320824110593001,1931-09-15 12:00:00,32.57,Approved,9.93,2424.84
320824110593001,1931-11-16 12:00:00,32.74,Approved,9.98,2424.67
320824110593001,1931-12-15 12:00:00,30.93,Approved,9.43,2426.48
320824110593001,1932-01-16 12:00:00,30.94,Approved,9.43,2426.47
320824110593001,1932-02-15 12:00:00,30.5,Approved,9.3,2426.91
320824110593001,1932-03-15 12:00:00,30.56,Approved,9.31,2426.85
320824110593001,1932-05-01 12:00:00,31.6,Approved,9.63,2425.81
320824110593001,1932-06-01 12:00:00,32.38,Approved,9.87,2425.03
320824110593001,1932-08-01 12:00:00,33.13,Approved,10.1,2424.28
320824110593001,1932-10-01 12:00:00,33.75,Approved,10.29,2423.66
320824110593001,1932-11-01 12:00:00,33.78,Approved,10.3,2423.63
320824110593001,1932-12-01 12:00:00,33.74,Approved,10.28,2423.67
320824110593001,1933-02-01 12:00:00,32.85,Approved,10.01,2424.56
320824110593001,1933-03-01 12:00:00,33.12,Approved,10.09,2424.29
320824110593001,1933-04-01 12:00:00,33.9,Approved,10.33,2423.51
320824110593001,1933-05-01 12:00:00,33.9,Approved,10.33,2423.51
320824110593001,1933-11-01 12:00:00,34.3,Approved,10.45,2423.11
320824110593001,1933-12-01 12:00:00,33.82,Approved,10.31,2423.59
320824110593001,1934-01-01 12:00:00,33.6,Approved,10.24,2423.81
320824110593001,1934-02-01 12:00:00,33.53,Approved,10.22,2423.88
320824110593001,1934-03-01 12:00:00,33.51,Approved,10.21,2423.9
320824110593001,1934-05-01 12:00:00,35.04,Approved,10.68,2422.37
320824110593001,1934-07-01 12:00:00,36.16,Approved,11.02,2421.25
320824110593001,1934-08-01 12:00:00,35.74,Approved,10.89,2421.67
320824110593001,1934-10-01 12:00:00,35.89,Approved,10.94,2421.52
320824110593001,1934-11-01 12:00:00,35.95,Approved,10.96,2421.46
320824110593001,1934-12-01 12:00:00,35.66,Approved,10.87,2421.75
320824110593001,1935-01-01 12:00:00,34.86,Approved,10.63,2422.55
320824110593001,1935-02-01 12:00:00,34.25,Approved,10.44,2423.16
320824110593001,1935-03-01 12:00:00,34.25,Approved,10.44,2423.16
320824110593001,1935-04-01 12:00:00,34.59,Approved,10.54,2422.82
320824110593001,1935-08-01 12:00:00,35.65,Approved,10.87,2421.76
320824110593001,1935-12-01 12:00:00,35.72,Approved,10.89,2421.69
320824110593001,1936-01-21 12:00:00,35.72,Approved,10.89,2421.69
320824110593001,1937-01-01 12:00:00,34.59,Approved,10.54,2422.82
320824110593001,1937-02-24 12:00:00,34.19,Approved,10.42,2423.22
320824110593001,1937-04-23 12:00:00,34.28,Approved,10.45,2423.13
320824110593001,1937-07-15 12:00:00,37.47,Approved,11.42,2419.94
320824110593001,1937-08-19 12:00:00,38.12,Approved,11.62,2419.29
320824110593001,1937-09-16 12:00:00,38.1,Approved,11.61,2419.31
320824110593001,1937-10-13 12:00:00,36.63,Approved,11.16,2420.78
320824110593001,1937-11-17 12:00:00,36.6,Approved,11.16,2420.81
320824110593001,1937-12-21 12:00:00,35.92,Approved,10.95,2421.49
320824110593001,1938-01-18 12:00:00,36.33,Approved,11.07,2421.08
320824110593001,1938-02-17 12:00:00,35.9,Approved,10.94,2421.51
320824110593001,1938-03-16 12:00:00,35.75,Approved,10.9,2421.66
320824110593001,1938-04-14 12:00:00,36.69,Approved,11.18,2420.72
320824110593001,1938-05-16 12:00:00,39.69,Approved,12.1,2417.72
320824110593001,1938-06-16 12:00:00,38.08,Approved,11.61,2419.33
320824110593001,1938-08-18 12:00:00,37.79,Approved,11.52,2419.62
320824110593001,1938-10-01 12:00:00,38.63,Approved,11.77,2418.78
320824110593001,1938-11-01 12:00:00,37.58,Approved,11.45,2419.83
320824110593001,1938-12-01 12:00:00,37.43,Approved,11.41,2419.98
320824110593001,1939-01-01 12:00:00,36.85,Approved,11.23,2420.56
320824110593001,1939-02-01 12:00:00,36.1,Approved,11.0,2421.31
320824110593001,1939-04-01 12:00:00,37.2,Approved,11.34,2420.21
320824110593001,1939-05-01 12:00:00,38.05,Approved,11.6,2419.36
320824110593001,1939-07-01 12:00:00,38.91,Approved,11.86,2418.5
320824110593001,1939-08-01 12:00:00,36.05,Approved,10.99,2421.36
320824110593001,1939-11-01 12:00:00,37.15,Approved,11.32,2420.26
320824110593001,1940-01-01 12:00:00,35.0,Approved,10.67,2422.41
320824110593001,1940-02-01 12:00:00,36.32,Approved,11.07,2421.09
320824110593001,1940-03-01 12:00:00,38.55,Approved,11.75,2418.86
320824110593001,1940-10-01 12:00:00,40.04,Approved,12.2,2417.37
320824110593001,1946-06-25 12:00:00,45.73,Approved,13.94,2411.68
320824110593001,1947-02-28 12:00:00,44.42,Approved,13.54,2412.99
320824110593001,1947-06-12 12:00:00,46.65,Approved,14.22,2410.76
320824110593001,1947-10-28 12:00:00,46.9,Approved,14.3,2410.51
320824110593001,1948-02-23 12:00:00,46.11,Approved,14.05,2411.3
320824110593001,1948-06-26 12:00:00,49.18,Approved,14.99,2408.23
320824110593001,1948-10-15 12:00:00,48.88,Approved,14.9,2408.53
320824110593001,1949-02-07 12:00:00,48.45,Approved,14.77,2408.96
320824110593001,1949-06-29 12:00:00,52.55,Approved,16.02,2404.86
320824110593001,1949-10-13 12:00:00,52.26,Approved,15.93,2405.15
320824110593001,1950-02-09 12:00:00,50.2,Approved,15.3,2407.21
320824110593001,1950-11-07 12:00:00,52.28,Approved,15.93,2405.13
320824110593001,1951-02-26 12:00:00,51.53,Approved,15.71,2405.88
320824110593001,1951-07-13 12:00:00,58.92,Approved,17.96,2398.49
320824110593001,1952-02-08 12:00:00,53.75,Approved,16.38,2403.66
320824110593001,1953-02-09 12:00:00,58.02,Approved,17.68,2399.39
320824110593001,1954-02-09 12:00:00,62.05,Approved,18.91,2395.36
320824110593001,1955-02-14 12:00:00,58.71,Approved,17.89,2398.7
320824110593001,1956-02-13 12:00:00,51.11,Approved,15.58,2406.3
320824110593001,1957-02-09 12:00:00,62.02,Approved,18.9,2395.39
320824110593001,1958-01-29 12:00:00,60.55,Approved,18.46,2396.86
320824110593001,1959-02-02 12:00:00,63.22,Approved,19.27,2394.19
320824110593001,1960-02-01 12:00:00,64.81,Approved,19.75,2392.6
320824110593001,1961-01-30 12:00:00,69.61,Approved,21.22,2387.8
320824110593001,1962-01-30 12:00:00,71.54,Approved,21.81,2385.87
320824110593001,1963-01-28 12:00:00,77.31,Approved,23.56,2380.1
320824110593001,1964-01-29 12:00:00,83.4,Approved,25.42,2374.01
320824110593001,1965-02-05 12:00:00,82.84,Approved,25.25,2374.57
320824110593001,1965-06-11 12:00:00,86.3,Approved,26.3,2371.11
320824110593001,1965-08-06 12:00:00,88.0,Approved,26.82,2369.41
320824110593001,1965-09-27 12:00:00,88.5,Approved,26.97,2368.91
320824110593001,1965-10-15 12:00:00,90.1,Approved,27.46,2367.31
320824110593001,1965-12-15 12:00:00,87.5,Approved,26.67,2369.91
320824110593001,1966-01-15 12:00:00,85.0,Approved,25.91,2372.41
320824110593001,1966-03-17 12:00:00,81.9,Approved,24.96,2375.51
320824110593001,1966-04-19 12:00:00,83.5,Approved,25.45,2373.91
320824110593001,1967-01-01 12:00:00,80.5,Approved,24.54,2376.91
320824110593001,1967-02-01 12:00:00,79.3,Approved,24.17,2378.11
320824110593001,1967-03-01 12:00:00,81.0,Approved,24.69,2376.41
320824110593001,1967-10-25 12:00:00,89.4,Approved,27.25,2368.01
320824110593001,1968-01-22 12:00:00,83.53,Approved,25.46,2373.88
320824110593001,1968-02-21 12:00:00,82.96,Approved,25.29,2374.45
320824110593001,1968-03-22 12:00:00,83.8,Approved,25.54,2373.61
320824110593001,1968-04-22 12:00:00,84.66,Approved,25.8,2372.75
320824110593001,1968-05-22 12:00:00,85.48,Approved,26.05,2371.93
320824110593001,1968-06-20 12:00:00,87.23,Approved,26.59,2370.18
320824110593001,1968-07-19 12:00:00,89.83,Approved,27.38,2367.58
320824110593001,1968-08-22 12:00:00,89.4,Approved,27.25,2368.01
320824110593001,1968-09-23 12:00:00,89.95,Approved,27.42,2367.46
320824110593001,1968-10-23 12:00:00,89.47,Approved,27.27,2367.94
320824110593001,1968-11-21 12:00:00,88.4,Approved,26.94,2369.01
320824110593001,1968-12-24 12:00:00,87.57,Approved,26.69,2369.84
320824110593001,1969-01-24 12:00:00,87.25,Approved,26.59,2370.16
320824110593001,1969-02-26 12:00:00,87.98,Approved,26.82,2369.43
320824110593001,1969-03-25 12:00:00,91.59,Approved,27.92,2365.82
320824110593001,1969-04-25 12:00:00,91.8,Approved,27.98,2365.61
320824110593001,1969-05-23 12:00:00,92.96,Approved,28.33,2364.45
320824110593001,1969-06-25 12:00:00,95.25,Approved,29.03,2362.16
320824110593001,1969-07-24 12:00:00,96.9,Approved,29.54,2360.51
320824110593001,1969-08-22 12:00:00,97.42,Approved,29.69,2359.99
320824110593001,1969-09-23 12:00:00,98.05,Approved,29.89,2359.36
320824110593001,1969-10-24 12:00:00,97.9,Approved,29.84,2359.51
320824110593001,1969-11-25 12:00:00,95.56,Approved,29.13,2361.85
320824110593001,1969-12-23 12:00:00,94.82,Approved,28.9,2362.59
320824110593001,1970-01-23 12:00:00,93.97,Approved,28.64,2363.44
320824110593001,1970-02-19 12:00:00,93.69,Approved,28.56,2363.72
320824110593001,1970-03-20 12:00:00,93.81,Approved,28.59,2363.6
320824110593001,1970-04-21 12:00:00,95.18,Approved,29.01,2362.23
320824110593001,1970-05-25 12:00:00,97.32,Approved,29.66,2360.09
320824110593001,1970-06-25 12:00:00,98.83,Approved,30.12,2358.58
320824110593001,1970-07-27 12:00:00,99.43,Approved,30.31,2357.98
320824110593001,1970-08-26 12:00:00,99.93,Approved,30.46,2357.48
320824110593001,1970-09-24 12:00:00,99.82,Approved,30.43,2357.59
320824110593001,1970-10-28 12:00:00,99.0,Approved,30.18,2358.41
320824110593001,1970-11-24 12:00:00,98.7,Approved,30.08,2358.71
320824110593001,1970-12-28 12:00:00,98.41,Approved,30.0,2359.0
320824110593001,1971-01-26 12:00:00,96.78,Approved,29.5,2360.63
320824110593001,1971-02-25 12:00:00,96.16,Approved,29.31,2361.25
320824110593001,1971-03-25 12:00:00,96.9,Approved,29.54,2360.51
320824110593001,1971-04-26 12:00:00,98.4,Approved,29.99,2359.01
320824110593001,1971-05-24 12:00:00,100.1,Approved,30.51,2357.31
320824110593001,1971-06-24 12:00:00,101.12,Approved,30.82,2356.29
320824110593001,1971-07-26 12:00:00,102.74,Approved,31.32,2354.67
320824110593001,1971-08-24 12:00:00,103.65,Approved,31.59,2353.76
320824110593001,1971-09-27 12:00:00,101.93,Approved,31.07,2355.48
320824110593001,1971-10-26 12:00:00,103.57,Approved,31.57,2353.84
320824110593001,1971-11-23 12:00:00,101.38,Approved,30.9,2356.03
320824110593001,1971-12-21 12:00:00,100.72,Approved,30.7,2356.69
320824110593001,1972-01-24 12:00:00,99.9,Approved,30.45,2357.51
320824110593001,1972-02-22 12:00:00,100.0,Approved,30.48,2357.41
320824110593001,1972-03-22 12:00:00,101.87,Approved,31.05,2355.54
320824110593001,1972-04-27 12:00:00,104.32,Approved,31.8,2353.09
320824110593001,1972-05-25 12:00:00,105.8,Approved,32.25,2351.61
320824110593001,1972-06-27 12:00:00,107.4,Approved,32.74,2350.01
320824110593001,1972-07-26 12:00:00,109.06,Approved,33.24,2348.35
320824110593001,1972-08-25 12:00:00,110.09,Approved,33.56,2347.32
320824110593001,1972-09-25 12:00:00,110.93,Approved,33.81,2346.48
320824110593001,1972-10-26 12:00:00,110.53,Approved,33.69,2346.88
320824110593001,1972-11-27 12:00:00,109.07,Approved,33.24,2348.34
320824110593001,1972-12-21 12:00:00,108.78,Approved,33.16,2348.63
320824110593001,1973-01-24 12:00:00,109.69,Approved,33.43,2347.72
320824110593001,1973-02-27 12:00:00,109.95,Approved,33.51,2347.46
320824110593001,1973-03-21 12:00:00,109.8,Approved,33.47,2347.61
320824110593001,1973-04-26 12:00:00,110.32,Approved,33.63,2347.09
320824110593001,1973-05-29 12:00:00,112.02,Approved,34.14,2345.39
320824110593001,1973-06-25 12:00:00,113.43,Approved,34.57,2343.98
320824110593001,1973-07-24 12:00:00,115.33,Approved,35.15,2342.08
320824110593001,1973-08-28 12:00:00,117.5,Approved,35.81,2339.91
320824110593001,1973-09-26 12:00:00,119.23,Approved,36.34,2338.18
320824110593001,1973-10-25 12:00:00,120.12,Approved,36.61,2337.29
320824110593001,1973-11-26 12:00:00,120.28,Approved,36.66,2337.13
320824110593001,1973-12-20 12:00:00,120.05,Approved,36.59,2337.36
320824110593001,1974-01-28 12:00:00,119.01,Approved,36.27,2338.4
320824110593001,1974-02-25 12:00:00,118.52,Approved,36.12,2338.89
320824110593001,1974-03-26 12:00:00,119.91,Approved,36.55,2337.5
320824110593001,1974-04-26 12:00:00,121.75,Approved,37.11,2335.66
320824110593001,1974-05-22 12:00:00,123.19,Approved,37.55,2334.22
320824110593001,1974-07-24 12:00:00,127.75,Approved,38.94,2329.66
320824110593001,1974-08-26 12:00:00,129.62,Approved,39.51,2327.79
320824110593001,1974-09-26 12:00:00,130.98,Approved,39.92,2326.43
320824110593001,1974-10-22 12:00:00,130.88,Approved,39.89,2326.53
320824110593001,1974-11-26 12:00:00,130.7,Approved,39.84,2326.71
320824110593001,1974-12-23 12:00:00,129.16,Approved,39.37,2328.25
320824110593001,1975-01-27 12:00:00,128.85,Approved,39.27,2328.56
320824110593001,1975-02-24 12:00:00,129.01,Approved,39.32,2328.4
320824110593001,1975-03-24 12:00:00,130.01,Approved,39.63,2327.4
320824110593001,1975-04-22 12:00:00,131.86,Approved,40.19,2325.55
320824110593001,1975-05-22 12:00:00,130.8,Approved,39.87,2326.61
320824110593001,1975-06-23 12:00:00,133.68,Approved,40.75,2323.73
320824110593001,1975-08-25 12:00:00,136.0,Approved,41.45,2321.41
320824110593001,1975-09-25 12:00:00,136.7,Approved,41.67,2320.71
320824110593001,1975-10-28 12:00:00,137.51,Approved,41.91,2319.9
320824110593001,1975-11-24 12:00:00,137.9,Approved,42.03,2319.51
320824110593001,1975-12-22 12:00:00,137.9,Approved,42.03,2319.51
320824110593001,1976-01-27 12:00:00,137.4,Approved,41.88,2320.01
320824110593001,1976-02-23 12:00:00,137.33,Approved,41.86,2320.08
320824110593001,1976-03-25 12:00:00,137.59,Approved,41.94,2319.82
320824110593001,1976-04-22 12:00:00,137.85,Approved,42.02,2319.56
320824110593001,1976-05-26 12:00:00,138.47,Approved,42.21,2318.94
320824110593001,1976-06-24 12:00:00,139.35,Approved,42.47,2318.06
320824110593001,1976-07-26 12:00:00,141.43,Approved,43.11,2315.98
320824110593001,1976-08-25 12:00:00,141.26,Approved,43.06,2316.15
320824110593001,1976-09-22 12:00:00,141.9,Approved,43.25,2315.51
320824110593001,1976-11-24 12:00:00,141.78,Approved,43.21,2315.63
320824110593001,1976-12-23 12:00:00,141.0,Approved,42.98,2316.41
320824110593001,1977-01-02 12:00:00,141.0,Approved,42.98,2316.41
320824110593001,1977-01-25 12:00:00,140.3,Approved,42.76,2317.11
320824110593001,1977-02-23 12:00:00,135.45,Approved,41.29,2321.96
320824110593001,1977-03-28 12:00:00,139.3,Approved,42.46,2318.11
320824110593001,1977-04-27 12:00:00,139.7,Approved,42.58,2317.71
320824110593001,1977-05-25 12:00:00,141.8,Approved,43.22,2315.61
320824110593001,1977-06-28 12:00:00,142.1,Approved,43.31,2315.31
320824110593001,1977-07-28 12:00:00,142.9,Approved,43.56,2314.51
320824110593001,1977-08-26 12:00:00,143.7,Approved,43.8,2313.71
320824110593001,1977-09-23 12:00:00,144.4,Approved,44.01,2313.01
320824110593001,1977-10-27 12:00:00,144.1,Approved,43.92,2313.31
320824110593001,1977-11-28 12:00:00,143.6,Approved,43.77,2313.81
320824110593001,1977-12-21 12:00:00,143.6,Approved,43.77,2313.81
320824110593001,1978-01-25 12:00:00,146.6,Approved,44.68,2310.81
320824110593001,1978-02-23 12:00:00,143.8,Approved,43.83,2313.61
320824110593001,1978-03-21 12:00:00,141.4,Approved,43.1,2316.01
320824110593001,1978-04-21 12:00:00,146.4,Approved,44.62,2311.01
320824110593001,1978-05-25 12:00:00,140.0,Approved,42.67,2317.41
320824110593001,1978-06-23 12:00:00,140.9,Approved,42.95,2316.51
320824110593001,1978-07-25 12:00:00,142.8,Approved,43.53,2314.61
320824110593001,1978-08-28 12:00:00,144.4,Approved,44.01,2313.01
320824110593001,1978-09-25 12:00:00,145.5,Approved,44.35,2311.91
320824110593001,1978-10-26 12:00:00,146.4,Approved,44.62,2311.01
320824110593001,1978-11-22 12:00:00,147.4,Approved,44.93,2310.01
320824110593001,1978-12-26 12:00:00,147.6,Approved,44.99,2309.81
320824110593001,1979-01-24 12:00:00,145.1,Approved,44.23,2312.31
320824110593001,1979-02-22 12:00:00,140.4,Approved,42.79,2317.01
320824110593001,1979-03-26 12:00:00,138.2,Approved,42.12,2319.21
320824110593001,1979-04-23 12:00:00,137.9,Approved,42.03,2319.51
320824110593001,1979-05-23 12:00:00,136.2,Approved,41.51,2321.21
320824110593001,1979-06-25 12:00:00,138.6,Approved,42.25,2318.81
320824110593001,1979-07-24 12:00:00,139.7,Approved,42.58,2317.71
320824110593001,1979-08-24 12:00:00,140.9,Approved,42.95,2316.51
320824110593001,1979-09-24 12:00:00,142.2,Approved,43.34,2315.21
320824110593001,1979-10-23 12:00:00,153.6,Approved,46.82,2303.81
320824110593001,1979-10-25 12:00:00,143.9,Approved,43.86,2313.51
320824110593001,1979-11-21 12:00:00,143.4,Approved,43.71,2314.01
320824110593001,1979-12-20 12:00:00,142.2,Approved,43.34,2315.21
320824110593001,1980-01-24 12:00:00,140.9,Approved,42.95,2316.51
320824110593001,1980-02-22 12:00:00,140.1,Approved,42.7,2317.31
320824110593001,1980-03-25 12:00:00,139.4,Approved,42.49,2318.01
320824110593001,1980-04-24 12:00:00,139.9,Approved,42.64,2317.51
320824110593001,1980-05-25 12:00:00,139.7,Approved,42.58,2317.71
320824110593001,1980-06-24 12:00:00,140.8,Approved,42.92,2316.61
320824110593001,1980-07-25 12:00:00,142.3,Approved,43.37,2315.11
320824110593001,1980-08-26 12:00:00,143.8,Approved,43.83,2313.61
320824110593001,1980-09-22 12:00:00,144.6,Approved,44.07,2312.81
320824110593001,1980-10-24 12:00:00,148.0,Approved,45.11,2309.41
320824110593001,1980-11-24 12:00:00,144.9,Approved,44.17,2312.51
320824110593001,1980-12-23 12:00:00,144.1,Approved,43.92,2313.31
320824110593001,1981-01-27 12:00:00,145.0,Approved,44.2,2312.41
320824110593001,1981-02-24 12:00:00,143.3,Approved,43.68,2314.11
320824110593001,1981-03-25 12:00:00,143.0,Approved,43.59,2314.41
320824110593001,1981-04-24 12:00:00,144.0,Approved,43.89,2313.41
320824110593001,1981-05-22 12:00:00,144.9,Approved,44.17,2312.51
320824110593001,1981-06-25 12:00:00,148.1,Approved,45.14,2309.31
320824110593001,1981-07-30 12:00:00,149.8,Approved,45.66,2307.61
320824110593001,1981-08-27 12:00:00,149.5,Approved,45.57,2307.91
320824110593001,1981-09-24 12:00:00,148.4,Approved,45.23,2309.01
320824110593001,1981-10-27 12:00:00,151.1,Approved,46.06,2306.31
320824110593001,1981-11-25 12:00:00,152.7,Approved,46.54,2304.71
320824110593001,1981-12-28 12:00:00,155.7,Approved,47.46,2301.71
320824110593001,1982-01-04 12:00:00,149.3,Approved,45.51,2308.11
320824110593001,1982-01-28 12:00:00,151.7,Approved,46.24,2305.71
320824110593001,1982-02-24 12:00:00,150.0,Approved,45.72,2307.41
320824110593001,1982-03-29 12:00:00,150.9,Approved,45.99,2306.51
320824110593001,1982-04-27 12:00:00,151.3,Approved,46.12,2306.11
320824110593001,1983-10-27 12:00:00,151.43,Approved,46.16,2305.98
320824110593001,1983-11-21 12:00:00,146.78,Approved,44.74,2310.63
320824110593001,1983-11-30 12:00:00,146.5,Approved,44.65,2310.91
320824110593001,1983-12-30 12:00:00,145.2,Approved,44.26,2312.21
320824110593001,1984-01-26 12:00:00,143.9,Approved,43.86,2313.51
320824110593001,1984-02-27 12:00:00,143.1,Approved,43.62,2314.31
320824110593001,1984-03-23 12:00:00,141.8,Approved,43.22,2315.61
320824110593001,1984-04-24 12:00:00,140.7,Approved,42.89,2316.71
320824110593001,1984-05-29 12:00:00,140.1,Approved,42.7,2317.31
320824110593001,1984-12-30 12:00:00,129.65,Approved,39.52,2327.76
320824110593001,1986-01-13 12:00:00,123.6,Approved,37.67,2333.81
320824110593001,1986-02-18 12:00:00,123.0,Approved,37.49,2334.41
320824110593001,1986-02-28 12:00:00,122.7,Approved,37.4,2334.71
320824110593001,1986-03-31 12:00:00,122.09,Approved,37.21,2335.32
320824110593001,1986-04-30 12:00:00,121.97,Approved,37.18,2335.44
320824110593001,1986-05-30 12:00:00,121.03,Approved,36.89,2336.38
320824110593001,1986-06-30 12:00:00,122.95,Approved,37.48,2334.46
320824110593001,1986-07-31 12:00:00,123.85,Approved,37.75,2333.56
320824110593001,1986-08-18 12:00:00,124.1,Approved,37.83,2333.31
320824110593001,1986-09-30 12:00:00,124.3,Approved,37.89,2333.11
320824110593001,1986-10-31 12:00:00,124.33,Approved,37.9,2333.08
320824110593001,1986-11-30 12:00:00,124.3,Approved,37.89,2333.11
320824110593001,1986-12-02 12:00:00,124.2,Approved,37.86,2333.21
320824110593001,1986-12-23 12:00:00,123.7,Approved,37.7,2333.71
320824110593001,1987-01-30 12:00:00,122.91,Approved,37.46,2334.5
320824110593001,1987-02-28 12:00:00,122.55,Approved,37.35,2334.86
320824110593001,1987-03-30 12:00:00,122.1,Approved,37.22,2335.31
320824110593001,1987-04-30 12:00:00,122.0,Approved,37.19,2335.41
320824110593001,1987-05-29 12:00:00,122.5,Approved,37.34,2334.91
320824110593001,1987-06-30 12:00:00,123.3,Approved,37.58,2334.11
320824110593001,1987-07-31 12:00:00,124.9,Approved,38.07,2332.51
320824110593001,1987-08-31 12:00:00,126.3,Approved,38.5,2331.11
320824110593001,1987-09-30 12:00:00,127.2,Approved,38.77,2330.21
320824110593001,1987-10-29 12:00:00,127.6,Approved,38.89,2329.81
320824110593001,1987-11-30 12:00:00,127.9,Approved,38.98,2329.51
320824110593001,1987-12-30 12:00:00,127.9,Approved,38.98,2329.51
320824110593001,1987-12-31 12:00:00,128.4,Approved,39.14,2329.01
320824110593001,1988-01-29 12:00:00,128.0,Approved,39.01,2329.41
320824110593001,1988-02-29 12:00:00,128.7,Approved,39.23,2328.71
320824110593001,1988-03-31 12:00:00,128.9,Approved,39.29,2328.51
320824110593001,1988-04-29 12:00:00,129.2,Approved,39.38,2328.21
320824110593001,1988-05-31 12:00:00,129.7,Approved,39.53,2327.71
320824110593001,1988-06-30 12:00:00,130.5,Approved,39.78,2326.91
320824110593001,1988-07-31 12:00:00,131.5,Approved,40.08,2325.91
320824110593001,1988-08-31 12:00:00,132.14,Approved,40.28,2325.27
320824110593001,1988-09-30 12:00:00,132.68,Approved,40.44,2324.73
320824110593001,1988-10-31 12:00:00,133.32,Approved,40.64,2324.09
320824110593001,1988-11-30 12:00:00,133.72,Approved,40.76,2323.69
320824110593001,1988-12-30 12:00:00,134.18,Approved,40.9,2323.23
320824110593001,1989-01-04 12:00:00,134.1,Approved,40.87,2323.31
320824110593001,1989-01-31 12:00:00,134.2,Approved,40.9,2323.21
320824110593001,1989-02-28 12:00:00,134.15,Approved,40.89,2323.26
320824110593001,1989-03-31 12:00:00,134.38,Approved,40.96,2323.03
320824110593001,1989-04-30 12:00:00,134.8,Approved,41.09,2322.61
320824110593001,1989-05-15 12:00:00,134.86,Approved,41.11,2322.55
320824110593001,1989-06-29 12:00:00,136.3,Approved,41.54,2321.11
320824110593001,1989-07-13 12:00:00,136.55,Approved,41.62,2320.86
320824110593001,1989-08-31 12:00:00,138.04,Approved,42.07,2319.37
320824110593001,1989-09-29 12:00:00,139.05,Approved,42.38,2318.36
320824110593001,1989-10-30 12:00:00,139.15,Approved,42.41,2318.26
320824110593001,1989-11-30 12:00:00,139.65,Approved,42.57,2317.76
320824110593001,1989-12-29 12:00:00,139.5,Approved,42.52,2317.91
320824110593001,1990-01-31 12:00:00,140.0,Approved,42.67,2317.41
320824110593001,1990-02-28 12:00:00,140.12,Approved,42.71,2317.29
320824110593001,1990-03-30 12:00:00,139.98,Approved,42.67,2317.43
320824110593001,1990-04-30 12:00:00,139.07,Approved,42.39,2318.34
320824110593001,1990-05-31 12:00:00,139.8,Approved,42.61,2317.61
320824110593001,1990-06-13 12:00:00,139.95,Approved,42.66,2317.46
320824110593001,1991-01-09 12:00:00,141.3,Approved,43.07,2316.11
320824110593001,1991-10-31 12:00:00,144.28,Approved,43.98,2313.13
320824110593001,1991-11-12 12:00:00,144.22,Approved,43.96,2313.19
320824110593001,1991-12-26 21:45:00,144.55,Approved,44.06,2312.86
320824110593001,1992-01-31 21:45:00,144.81,Approved,44.14,2312.6
320824110593001,1992-02-14 21:45:00,144.94,Approved,44.18,2312.47
320824110593001,1992-03-31 21:45:00,145.08,Approved,44.22,2312.33
320824110593001,1992-04-30 21:45:00,145.25,Approved,44.27,2312.16
320824110593001,1992-05-29 21:45:00,145.73,Approved,44.42,2311.68
320824110593001,1992-06-30 21:45:00,145.98,Approved,44.49,2311.43
320824110593001,1992-07-30 21:45:00,145.95,Approved,44.49,2311.46
320824110593001,1992-08-31 21:45:00,146.29,Approved,44.59,2311.12
320824110593001,1992-09-30 21:45:00,146.9,Approved,44.78,2310.51
320824110593001,1992-10-30 12:00:00,147.15,Approved,44.85,2310.26
320824110593001,1992-11-30 12:00:00,147.5,Approved,44.96,2309.91
320824110593001,1992-12-31 12:00:00,147.24,Approved,44.88,2310.17
320824110593001,1993-01-31 12:00:00,136.52,Approved,41.61,2320.89
320824110593001,1993-02-22 12:00:00,140.22,Approved,42.74,2317.19
320824110593001,1993-03-18 12:00:00,139.85,Approved,42.63,2317.56
320824110593001,1993-04-29 12:00:00,140.0,Approved,42.67,2317.41
320824110593001,1993-05-18 12:00:00,141.51,Approved,43.13,2315.9
320824110593001,1993-06-14 12:00:00,144.35,Approved,44.0,2313.06
320824110593001,1993-07-29 12:00:00,144.9,Approved,44.17,2312.51
320824110593001,1993-08-16 12:00:00,145.17,Approved,44.25,2312.24
320824110593001,1993-09-15 12:00:00,145.19,Approved,44.25,2312.22
320824110593001,1993-10-14 12:00:00,145.24,Approved,44.27,2312.17
320824110593001,1993-11-17 12:00:00,145.75,Approved,44.42,2311.66
320824110593001,1993-12-17 12:00:00,146.22,Approved,44.57,2311.19
320824110593001,1994-01-19 12:00:00,146.29,Approved,44.59,2311.12
320824110593001,1994-02-17 12:00:00,146.23,Approved,44.57,2311.18
320824110593001,1994-03-31 12:00:00,146.89,Approved,44.77,2310.52
320824110593001,1994-04-18 12:00:00,146.94,Approved,44.79,2310.47
320824110593001,1994-05-18 12:00:00,147.2,Approved,44.87,2310.21
320824110593001,1994-06-14 12:00:00,147.55,Approved,44.97,2309.86
320828111110401,1953-01-01 12:00:00,330.0,Approved,100.58,2058.0
320828111110401,1953-03-25 12:00:00,333.4,Approved,101.62,2054.6
320828111110401,1953-08-17 12:00:00,341.32,Approved,104.03,2046.68
320828111110401,1954-01-01 12:00:00,337.5,Approved,102.87,2050.5
320828111110401,1954-01-03 12:00:00,337.47,Approved,102.86,2050.53
320828111110401,1954-09-01 12:00:00,345.5,Approved,105.31,2042.5
320828111110401,1955-01-01 12:00:00,344.5,Approved,105.0,2043.5
320828111110401,1955-01-06 12:00:00,344.46,Approved,104.99,2043.54
320828111110401,1956-01-01 12:00:00,341.8,Approved,104.18,2046.2
320828111110401,1956-01-12 12:00:00,341.76,Approved,104.17,2046.24
320828111110401,1957-01-01 12:00:00,344.3,Approved,104.94,2043.7
320828111110401,1957-01-15 12:00:00,344.31,Approved,104.95,2043.69
320828111110401,1957-04-03 12:00:00,350.1,Approved,106.71,2037.9
320828111110401,1957-07-12 12:00:00,400.6,Approved,122.1,1987.4
320828111110401,1958-01-01 12:00:00,345.4,Approved,105.28,2042.6
320828111110401,1958-01-08 12:00:00,345.45,Approved,105.29,2042.55
320828111110401,1958-04-14 12:00:00,348.56,Approved,106.24,2039.44
320828111110401,1958-05-02 12:00:00,346.9,Approved,105.74,2041.1
320828111110401,1958-05-09 12:00:00,346.2,Approved,105.52,2041.8
320828111110401,1958-12-01 12:00:00,346.2,Approved,105.52,2041.8
320828111110401,1958-12-31 12:00:00,346.16,Approved,105.51,2041.84
320828111110401,1959-12-01 12:00:00,347.1,Approved,105.8,2040.9
320828111110401,1959-12-30 12:00:00,347.09,Approved,105.79,2040.91
320828111110401,1960-01-01 12:00:00,347.09,Approved,105.79,2040.91
320828111110401,1960-12-01 12:00:00,350.5,Approved,106.83,2037.5
320828111110401,1960-12-22 12:00:00,350.5,Approved,106.83,2037.5
320828111110401,1962-01-01 12:00:00,352.0,Approved,107.29,2036.0
320828111110401,1962-01-02 12:00:00,352.02,Approved,107.3,2035.98
320828111110401,1963-01-01 12:00:00,353.1,Approved,107.62,2034.9
320828111110401,1963-01-08 12:00:00,353.07,Approved,107.62,2034.93
320828111110401,1963-12-01 12:00:00,354.2,Approved,107.96,2033.8
320828111110401,1963-12-27 12:00:00,354.23,Approved,107.97,2033.77
320828111110401,1963-12-30 12:00:00,353.98,Approved,107.89,2034.02
320828111110401,1964-12-01 12:00:00,355.2,Approved,108.26,2032.8
320828111110401,1964-12-31 12:00:00,355.18,Approved,108.26,2032.82
320828111110401,1965-01-13 12:00:00,352.32,Approved,107.39,2035.68
320828111110401,1965-04-25 12:00:00,357.5,Approved,108.97,2030.5
320828111110401,1966-01-01 12:00:00,354.9,Approved,108.17,2033.1
320828111110401,1966-01-27 12:00:00,354.96,Approved,108.19,2033.04
320828111110401,1966-12-01 12:00:00,356.8,Approved,108.75,2031.2
320828111110401,1966-12-30 12:00:00,356.8,Approved,108.75,2031.2
320828111110401,1968-01-01 12:00:00,359.2,Approved,109.48,2028.8
320828111110401,1968-01-05 12:00:00,359.22,Approved,109.49,2028.78
320828111110401,1968-12-01 12:00:00,355.9,Approved,108.48,2032.1
320828111110401,1968-12-19 12:00:00,355.9,Approved,108.48,2032.1
320828111110401,1969-09-30 12:00:00,362.52,Approved,110.5,2025.48
320828111110401,1969-10-30 12:00:00,364.1,Approved,110.98,2023.9
320828111110401,1970-01-01 12:00:00,361.8,Approved,110.28,2026.2
320828111110401,1970-01-26 12:00:00,361.85,Approved,110.29,2026.15
320828111110401,1970-12-14 12:00:00,361.1,Approved,110.06,2026.9
320828111110401,1971-01-19 12:00:00,360.01,Approved,109.73,2027.99
320828111110401,1972-01-12 12:00:00,354.2,Approved,107.96,2033.8
320828111110401,1972-12-14 12:00:00,370.2,Approved,112.84,2017.8
320828111110401,1973-12-17 12:00:00,369.7,Approved,112.68,2018.3
320828111110401,1974-03-01 12:00:00,362.5,Approved,110.49,2025.5
320828111110401,1975-01-01 12:00:00,362.0,Approved,110.34,2026.0
320828111110401,1975-02-05 12:00:00,365.1,Approved,111.28,2022.9
320828111110401,1975-03-20 12:00:00,365.01,Approved,111.26,2022.99
320828111110401,1976-01-23 12:00:00,366.01,Approved,111.56,2021.99
320828111110401,1976-02-03 12:00:00,369.1,Approved,112.5,2018.9
320828111110401,1976-04-01 12:00:00,366.7,Approved,111.77,2021.3
320828111110401,1976-12-07 12:00:00,377.0,Approved,114.91,2011.0
320828111110401,1977-01-01 12:00:00,369.9,Approved,112.75,2018.1
320828111110401,1977-03-01 12:00:00,371.5,Approved,113.23,2016.5
320828111110401,1977-12-01 12:00:00,370.1,Approved,112.81,2017.9
320828111110401,1978-01-01 12:00:00,372.25,Approved,113.46,2015.75
320828111110401,1978-11-01 12:00:00,370.1,Approved,112.81,2017.9
320828111110401,1979-01-01 12:00:00,375.35,Approved,114.41,2012.65
320828111110401,1979-05-01 12:00:00,367.0,Approved,111.86,2021.0
320828111110401,1980-01-01 12:00:00,374.9,Approved,114.27,2013.1
320828111110401,1980-01-02 12:00:00,375.2,Approved,114.36,2012.8
320828111110401,1980-12-01 12:00:00,377.7,Approved,115.12,2010.3
320828111110401,1981-01-07 12:00:00,377.5,Approved,115.06,2010.5
320828111110401,1981-01-13 12:00:00,377.5,Approved,115.06,2010.5
320828111110401,1981-12-01 12:00:00,376.6,Approved,114.79,2011.4
320828111110401,1981-12-15 12:00:00,376.8,Approved,114.85,2011.2
320828111110401,1982-12-01 12:00:00,378.0,Approved,115.21,2010.0
320828111110401,1982-12-13 12:00:00,378.0,Approved,115.21,2010.0
320828111110401,1983-12-27 12:00:00,378.6,Approved,115.4,2009.4
320828111110401,1983-12-28 12:00:00,378.6,Approved,115.4,2009.4
320828111110401,1983-12-31 12:00:00,378.6,Approved,115.4,2009.4
320828111110401,1984-12-05 12:00:00,380.0,Approved,115.82,2008.0
320828111110401,1984-12-18 12:00:00,379.7,Approved,115.73,2008.3
320828111110401,1985-12-19 12:00:00,380.88,Approved,116.09,2007.12
320828111110401,1986-12-17 12:00:00,382.5,Approved,116.59,2005.5
320828111110401,1987-12-14 12:00:00,387.6,Approved,118.14,2000.4
320828111110401,1990-02-01 12:00:00,385.79,Approved,117.59,2002.21
320828111110401,1991-12-10 12:00:00,399.47,Approved,121.76,1988.53
320845110551201,1983-12-05 15:30:00,144.09,Approved,43.92,2491.91
320845110551201,1984-01-18 00:15:00,143.76,Approved,43.82,2492.24
320845110551201,1984-02-11 19:15:00,143.64,Approved,43.78,2492.36
320845110551201,1984-03-07 19:55:00,143.49,Approved,43.74,2492.51
320845110551201,1984-04-07 18:45:00,143.44,Approved,43.72,2492.56
320845110551201,1984-05-06 18:45:00,143.41,Approved,43.71,2492.59
320845110551201,1984-06-05 17:00:00,143.59,Approved,43.77,2492.41
320845110551201,1984-07-07 23:20:00,143.74,Approved,43.81,2492.26
320845110551201,1984-08-07 17:50:00,143.4,Approved,43.71,2492.6
320845110551201,1984-09-06 18:45:00,143.92,Approved,43.87,2492.08
320845110551201,1984-10-09 19:45:00,144.08,Approved,43.92,2491.92
320845110551201,1984-11-08 19:00:00,144.12,Approved,43.93,2491.88
320845110551201,1984-12-06 19:45:00,144.07,Approved,43.91,2491.93
320845110551201,1985-01-06 18:30:00,143.94,Approved,43.87,2492.06
320845110551201,1985-02-07 18:15:00,143.86,Approved,43.85,2492.14
320845110551201,1985-03-09 17:50:00,143.68,Approved,43.79,2492.32
320845110551201,1985-04-06 17:25:00,143.63,Approved,43.78,2492.37
320845110551201,1985-05-04 18:50:00,143.59,Approved,43.77,2492.41
320845110551201,1985-06-05 20:45:00,143.76,Approved,43.82,2492.24
320845110551201,1985-06-29 19:25:00,143.96,Approved,43.88,2492.04
320845110551201,1985-07-31 21:30:00,144.13,Approved,43.93,2491.87
320845110551201,1985-08-31 17:10:00,144.28,Approved,43.98,2491.72
320845110551201,1985-10-04 19:05:00,144.35,Approved,44.0,2491.65
320845110551201,1985-11-06 18:25:00,144.33,Approved,43.99,2491.67
320845110551201,1985-12-09 17:05:00,144.3,Approved,43.98,2491.7
320845110551201,1986-01-09 19:10:00,144.3,Approved,43.98,2491.7
320845110551201,1986-02-10 18:45:00,144.34,Approved,43.99,2491.66
320845110551201,1986-03-12 19:00:00,144.32,Approved,43.99,2491.68
320845110551201,1986-04-09 19:00:00,144.42,Approved,44.02,2491.58
320845110551201,1986-05-14 17:35:00,144.43,Approved,44.02,2491.57
320845110551201,1986-06-19 16:40:00,144.1,Approved,43.92,2491.9
320845110551201,1986-07-21 18:20:00,144.75,Approved,44.12,2491.25
320845110551201,1986-08-22 19:00:00,145.2,Approved,44.26,2490.8
320845110551201,1986-10-27 18:25:00,145.4,Approved,44.32,2490.6
320845110551201,1986-11-24 22:25:00,144.7,Approved,44.1,2491.3
320845110551201,1986-12-22 18:15:00,146.6,Approved,44.68,2489.4
320845110551201,1987-01-22 21:40:00,144.32,Approved,43.99,2491.68
320845110551201,1987-02-23 23:00:00,144.17,Approved,43.94,2491.83
320845110551201,1987-03-26 23:00:00,144.1,Approved,43.92,2491.9
320845110551201,1987-04-23 18:00:00,144.1,Approved,43.92,2491.9
320845110551201,1987-05-21 18:00:00,144.1,Approved,43.92,2491.9
320845110551201,1987-06-22 20:35:00,144.3,Approved,43.98,2491.7
320845110551201,1987-07-22 21:20:00,144.5,Approved,44.04,2491.5
320845110551201,1987-08-20 21:05:00,144.6,Approved,44.07,2491.4
320845110551201,1987-09-24 18:15:00,144.8,Approved,44.14,2491.2
320845110551201,1987-10-22 20:50:00,144.8,Approved,44.14,2491.2
320845110551201,1987-11-20 16:50:00,144.8,Approved,44.14,2491.2
320845110551201,1987-12-15 16:48:00,144.8,Approved,44.14,2491.2
320845110551201,1988-01-20 18:07:00,144.7,Approved,44.1,2491.3
320845110551201,1988-02-19 17:22:00,144.7,Approved,44.1,2491.3
320845110551201,1988-03-23 17:05:00,144.7,Approved,44.1,2491.3
320845110551201,1988-04-23 21:00:00,144.8,Approved,44.14,2491.2
320845110551201,1988-05-17 15:47:00,144.9,Approved,44.17,2491.1
320845110551201,1988-06-17 17:00:00,145.1,Approved,44.23,2490.9
320845110551201,1988-07-18 16:53:00,145.3,Approved,44.29,2490.7
320845110551201,1988-08-20 23:05:00,145.3,Approved,44.29,2490.7
320845110551201,1988-09-16 16:50:00,145.4,Approved,44.32,2490.6
320845110551201,1988-10-18 19:22:00,145.5,Approved,44.35,2490.5
320845110551201,1988-11-04 18:50:00,145.4,Approved,44.32,2490.6
320845110551201,1988-12-06 17:00:00,145.5,Approved,44.35,2490.5
320845110551201,1989-01-05 18:39:00,145.5,Approved,44.35,2490.5
320845110551201,1989-02-03 19:55:00,145.4,Approved,44.32,2490.6
320845110551201,1989-03-06 18:09:00,145.4,Approved,44.32,2490.6
320845110551201,1989-04-04 17:40:00,145.6,Approved,44.38,2490.4
320845110551201,1989-05-05 16:10:00,145.8,Approved,44.44,2490.2
320845110551201,1989-06-06 15:10:00,145.9,Approved,44.47,2490.1
320845110551201,1989-07-07 15:00:00,146.9,Approved,44.78,2489.1
320845110551201,1989-08-09 17:00:00,146.3,Approved,44.59,2489.7
320845110551201,1989-08-30 22:34:00,146.4,Approved,44.62,2489.6
320845110551201,1989-09-26 18:31:00,146.5,Approved,44.65,2489.5
320845110551201,1989-10-26 22:09:00,146.5,Approved,44.65,2489.5
320845110551201,1989-11-27 19:00:00,146.5,Approved,44.65,2489.5
320845110551201,1989-12-21 18:00:00,146.47,Approved,44.64,2489.53
320845110551201,1990-01-17 17:00:00,146.4,Approved,44.62,2489.6
320845110551201,1990-02-27 15:30:00,146.4,Approved,44.62,2489.6
320845110551201,1990-03-29 22:45:00,146.4,Approved,44.62,2489.6
320845110551201,1990-05-02 19:40:00,146.6,Approved,44.68,2489.4
320845110551201,1990-06-01 16:30:00,146.8,Approved,44.74,2489.2
320845110551201,1990-07-03 19:45:00,146.9,Approved,44.78,2489.1
320845110551201,1990-08-02 17:00:00,147.0,Approved,44.81,2489.0
320845110551201,1990-08-31 16:15:00,147.0,Approved,44.81,2489.0
320845110551201,1990-09-27 20:30:00,146.0,Approved,44.5,2490.0
320845110551201,1990-10-30 19:25:00,147.02,Approved,44.81,2488.98
320845110551201,1990-11-30 22:30:00,146.8,Approved,44.74,2489.2
320845110551201,1991-01-02 19:40:00,146.7,Approved,44.71,2489.3
320845110551201,1991-02-01 20:50:00,146.5,Approved,44.65,2489.5
320845110551201,1991-03-04 21:00:00,146.5,Approved,44.65,2489.5
320845110551201,1991-05-03 20:00:00,146.5,Approved,44.65,2489.5
320845110551201,1991-06-06 16:00:00,146.9,Approved,44.78,2489.1
320845110551201,1991-07-02 14:20:00,147.2,Approved,44.87,2488.8
320845110551201,1991-07-31 17:15:00,147.3,Approved,44.9,2488.7
320845110551201,1991-08-29 18:30:00,147.35,Approved,44.91,2488.65
320845110551201,1991-09-26 15:45:00,147.4,Approved,44.93,2488.6
320845110551201,1991-10-23 20:45:00,147.38,Approved,44.92,2488.62
320845110551201,1991-11-14 16:15:00,147.3,Approved,44.9,2488.7
320845110551201,1991-12-11 18:00:00,147.23,Approved,44.88,2488.77
320845110551201,1992-01-08 19:00:00,147.04,Approved,44.82,2488.96
320845110551201,1992-02-07 16:45:00,146.95,Approved,44.79,2489.05
320845110551201,1992-03-03 17:50:00,147.11,Approved,44.84,2488.89
320845110551201,1992-04-01 17:15:00,147.03,Approved,44.81,2488.97
320845110551201,1992-05-01 16:45:00,147.32,Approved,44.9,2488.68
320845110551201,1992-05-28 16:25:00,147.41,Approved,44.93,2488.59
320845110551201,1992-06-24 22:30:00,147.59,Approved,44.99,2488.41
320845110551201,1992-07-23 22:00:00,147.75,Approved,45.03,2488.25
320845110551201,1992-07-27 21:00:00,147.74,Approved,45.03,2488.26
320845110551201,1992-08-20 21:00:00,147.81,Approved,45.05,2488.19
320845110551201,1992-09-14 22:15:00,147.88,Approved,45.07,2488.12
320845110551201,1992-10-14 20:00:00,147.93,Approved,45.09,2488.07
320845110551201,1992-11-13 16:15:00,147.83,Approved,45.06,2488.17
320845110551201,1992-12-10 19:45:00,147.48,Approved,44.95,2488.52
320845110551201,1993-01-06 16:50:00,147.3,Approved,44.9,2488.7
320845110551201,1993-02-03 21:00:00,147.0,Approved,44.81,2489.0
320845110551201,1993-03-05 17:10:00,146.86,Approved,44.76,2489.14
320845110551201,1993-03-30 22:30:00,146.65,Approved,44.7,2489.35
320845110551201,1993-04-28 19:25:00,146.54,Approved,44.67,2489.46
320845110551201,1993-05-26 16:50:00,146.7,Approved,44.71,2489.3
320845110551201,1993-06-24 15:40:00,147.03,Approved,44.81,2488.97
320845110551201,1993-07-26 18:45:00,146.97,Approved,44.8,2489.03
320845110551201,1993-08-24 23:20:00,146.7,Approved,44.71,2489.3
320845110551201,1993-09-21 22:05:00,146.45,Approved,44.64,2489.55
320845110551201,1993-10-22 20:15:00,146.33,Approved,44.6,2489.67
320845110551201,1993-11-18 21:25:00,146.17,Approved,44.55,2489.83
320845110551201,1993-12-16 21:30:00,146.06,Approved,44.52,2489.94
320845110551201,1994-01-13 22:00:00,145.84,Approved,44.45,2490.16
320845110551201,1994-02-10 16:15:00,145.79,Approved,44.44,2490.21
320845110551201,1994-03-08 16:50:00,145.77,Approved,44.43,2490.23
320845110551201,1994-04-07 15:40:00,145.7,Approved,44.41,2490.3
320845110551201,1994-05-05 15:40:00,145.83,Approved,44.45,2490.17
320845110551201,1994-06-02 17:10:00,145.96,Approved,44.49,2490.04
320845110551201,1994-06-21 17:35:00,146.09,Approved,44.53,2489.91
320845110551201,1994-07-21 14:35:00,146.29,Approved,44.59,2489.71
320845110551201,1994-08-16 15:55:00,146.36,Approved,44.61,2489.64
320845110551201,1994-09-16 15:35:00,146.3,Approved,44.59,2489.7
320845110551201,1994-10-14 17:20:00,146.01,Approved,44.5,2489.99
320845110551201,1994-11-10 20:15:00,146.05,Approved,44.52,2489.95
320845110551201,1994-12-08 19:40:00,146.12,Approved,44.54,2489.88
320845110551201,1995-01-06 17:00:00,146.22,Approved,44.57,2489.78
320845110551201,1995-02-03 16:50:00,146.22,Approved,44.57,2489.78
320845110551201,1995-03-03 16:05:00,146.2,Approved,44.56,2489.8
320845110551201,1995-03-31 16:25:00,146.22,Approved,44.57,2489.78
320845110551201,1995-04-28 16:45:00,146.4,Approved,44.62,2489.6
320845110551201,1995-06-23 15:50:00,146.89,Approved,44.77,2489.11
320845110551201,1995-07-07 19:05:00,147.05,Approved,44.82,2488.95
320845110551201,1995-08-02 15:55:00,147.09,Approved,44.83,2488.91
320845110551201,1995-08-30 21:25:00,147.17,Approved,44.86,2488.83
320845110551201,1995-10-05 20:40:00,147.4,Approved,44.93,2488.6
320845110551201,1995-11-02 19:30:00,147.4,Approved,44.93,2488.6
320845110551201,1995-11-29 17:20:00,147.3,Approved,44.9,2488.7
320845110551201,1996-01-02 21:20:00,146.95,Approved,44.79,2489.05
320845110551201,1996-02-02 18:45:00,147.03,Approved,44.81,2488.97
320845110551201,1996-03-06 17:50:00,146.88,Approved,44.77,2489.12
320845110551201,1996-04-19 17:40:00,146.92,Approved,44.78,2489.08
320845110551201,1996-05-17 18:05:00,147.35,Approved,44.91,2488.65
320845110551201,1996-06-12 20:50:00,147.59,Approved,44.99,2488.41
320845110551201,1996-07-18 21:00:00,147.7,Approved,45.02,2488.3
320845110551201,1996-09-27 15:55:00,148.0,Approved,45.11,2488.0
320845110551201,1996-11-29 16:15:00,147.9,Approved,45.08,2488.1
320845110551201,1996-12-26 16:00:00,147.7,Approved,45.02,2488.3
320845110551201,1997-02-18 19:50:00,147.4,Approved,44.93,2488.6
320845110551201,1997-03-12 16:40:00,147.3,Approved,44.9,2488.7
320845110551201,1997-04-13 18:40:00,147.2,Approved,44.87,2488.8
320845110551201,1997-05-19 20:00:00,147.3,Approved,44.9,2488.7
320845110551201,1997-06-17 18:15:00,147.5,Approved,44.96,2488.5
320845110551201,1997-07-15 16:20:00,147.7,Approved,45.02,2488.3
320845110551201,1997-08-19 17:00:00,147.8,Approved,45.05,2488.2
320845110551201,1997-09-14 16:30:00,147.8,Approved,45.05,2488.2
320845110551201,1997-10-17 16:20:00,147.9,Approved,45.08,2488.1
320845110551201,1997-12-09 16:00:00,147.9,Approved,45.08,2488.1
320845110551201,1998-01-15 17:15:00,147.8,Approved,45.05,2488.2
320845110551201,1998-02-12 17:00:00,147.7,Approved,45.02,2488.3
320845110551201,1998-03-26 16:50:00,147.7,Approved,45.02,2488.3
320845110551201,1998-04-28 16:50:00,147.3,Approved,44.9,2488.7
320845110551201,1998-05-27 17:00:00,147.7,Approved,45.02,2488.3
320845110551201,1998-06-26 18:05:00,147.9,Approved,45.08,2488.1
320845110551201,1998-07-24 16:45:00,148.0,Approved,45.11,2488.0
320845110551201,1998-08-24 18:00:00,148.1,Approved,45.14,2487.9
320845110551201,1998-09-25 15:40:00,148.0,Approved,45.11,2488.0
320845110551201,1998-10-21 17:10:00,147.9,Approved,45.08,2488.1
320845110551201,1998-11-22 15:25:00,148.0,Approved,45.11,2488.0
320845110551201,1998-12-28 17:05:00,147.8,Approved,45.05,2488.2
320845110551201,1999-02-10 21:00:00,147.6,Approved,44.99,2488.4
320845110551201,1999-03-10 15:45:00,147.4,Approved,44.93,2488.6
320845110551201,1999-04-05 19:35:00,147.4,Approved,44.93,2488.6
320845110551201,1999-05-04 16:00:00,147.5,Approved,44.96,2488.5
320845110551201,1999-06-08 19:45:00,147.54,Approved,44.97,2488.46
320845110551201,1999-07-09 20:10:00,147.6,Approved,44.99,2488.4
320845110551201,1999-08-02 20:35:00,148.0,Approved,45.11,2488.0
320845110551201,1999-09-03 23:00:00,148.3,Approved,45.2,2487.7
320845110551201,1999-10-04 22:30:00,148.3,Approved,45.2,2487.7
320845110551201,1999-11-03 22:15:00,148.1,Approved,45.14,2487.9
320845110551201,1999-12-06 21:15:00,148.2,Approved,45.17,2487.8
320845110551201,2000-01-04 20:15:00,148.2,Approved,45.17,2487.8
320845110551201,2000-02-03 21:30:00,147.9,Approved,45.08,2488.1
320845110551201,2000-03-06 22:30:00,148.2,Approved,45.17,2487.8
320845110551201,2000-04-03 19:50:00,148.3,Approved,45.2,2487.7
320845110551201,2000-05-05 16:15:00,148.6,Approved,45.29,2487.4
320845110551201,2000-06-05 20:00:00,148.64,Approved,45.31,2487.36
320845110551201,2000-07-10 20:00:00,148.8,Approved,45.35,2487.2
320845110551201,2000-08-04 18:30:00,149.0,Approved,45.42,2487.0
320845110551201,2000-09-11 15:45:00,149.23,Approved,45.49,2486.77
320845110551201,2000-10-16 17:15:00,149.27,Approved,45.5,2486.73
320845110551201,2000-11-15 16:00:00,149.17,Approved,45.47,2486.83
320845110551201,2002-09-17 16:10:00,150.24,Approved,45.79,2485.76
320845110551201,2002-10-21 20:28:00,150.25,Approved,45.8,2485.75
320845110551201,2002-11-20 17:15:00,150.24,Approved,45.79,2485.76
320845110551201,2002-12-18 16:15:00,150.25,Approved,45.8,2485.75
320845110551201,2003-01-21 16:30:00,150.26,Approved,45.8,2485.74
320845110551201,2003-02-20 16:30:00,150.16,Approved,45.77,2485.84
320845110551201,2003-03-21 17:15:00,150.25,Approved,45.8,2485.75
320845110551201,2003-04-24 17:45:00,150.31,Approved,45.81,2485.69
320845110551201,2003-05-27 16:00:00,150.45,Approved,45.86,2485.55
320845110551201,2003-06-24 19:30:00,150.55,Approved,45.89,2485.45
320845110551201,2003-07-29 20:00:00,150.7,Approved,45.93,2485.3
320845110551201,2003-09-02 18:45:00,150.83,Approved,45.97,2485.17
320845110551201,2003-09-26 16:00:00,150.86,Approved,45.98,2485.14
320845110551201,2003-10-28 19:00:00,150.85,Approved,45.98,2485.15
320845110551201,2003-11-20 16:30:00,150.83,Approved,45.97,2485.17
320845110551201,2003-12-16 18:00:00,150.85,Approved,45.98,2485.15
320845110551201,2004-01-14 20:30:00,150.94,Approved,46.01,2485.06
320845110551201,2004-03-16 20:00:00,150.98,Approved,46.02,2485.02
320845110551201,2004-04-15 19:30:00,151.12,Approved,46.06,2484.88
320845110551201,2004-05-18 18:30:00,151.31,Approved,46.12,2484.69
320845110551201,2004-06-21 19:30:00,151.51,Approved,46.18,2484.49
320845110551201,2004-07-23 20:30:00,151.71,Approved,46.24,2484.29
320845110551201,2004-10-01 22:00:00,151.92,Approved,46.31,2484.08
320845110551201,2004-11-01 20:45:00,151.88,Approved,46.29,2484.12
320845110551201,2004-12-02 19:30:00,151.8,Approved,46.27,2484.2
320845110551201,2005-01-03 16:45:00,151.68,Approved,46.23,2484.32
320845110551201,2005-02-02 20:15:00,151.67,Approved,46.23,2484.33
320845110551201,2005-03-04 20:00:00,151.74,Approved,46.25,2484.26
320845110551201,2005-04-04 19:45:00,151.88,Approved,46.29,2484.12
320845110551201,2005-05-05 16:46:00,152.02,Approved,46.34,2483.98
320845110551201,2005-05-18 20:30:00,152.05,Approved,46.34,2483.95
320845110551201,2005-06-03 20:45:00,152.14,Approved,46.37,2483.86
320845110551201,2005-07-05 17:45:00,152.37,Approved,46.44,2483.63
320845110551201,2005-08-03 18:30:00,152.45,Approved,46.47,2483.55
320845110551201,2005-09-08 18:30:00,152.46,Approved,46.47,2483.54
320845110551201,2005-10-04 20:00:00,152.58,Approved,46.51,2483.42
320845110551201,2008-02-06 22:39:00,151.54,Approved,46.19,2484.46
320845110551201,2008-10-08 19:57:00,151.69,Approved,46.24,2484.31
320845110551201,2009-01-07 22:14:00,151.28,Approved,46.11,2484.72
320845110551201,2009-03-06 21:38:00,151.09,Approved,46.05,2484.91
320845110551201,2009-03-25 01:00:00,151.03,Approved,46.03,2484.97
320845110551201,2009-05-20 17:43:00,151.13,Approved,46.06,2484.87
320845110551201,2009-06-22 16:39:00,151.11,Approved,46.06,2484.89
320845110551201,2009-07-21 20:40:00,151.28,Approved,46.11,2484.72
320845110551201,2009-08-27 23:18:00,151.27,Approved,46.11,2484.73
320845110551201,2009-10-02 19:30:00,151.19,Approved,46.08,2484.81
320845110551201,2009-12-29 21:47:00,151.0,Approved,46.02,2485.0
320845110551201,2010-05-18 21:50:00,150.88,Approved,45.99,2485.12
320845110551201,2010-07-02 21:27:00,150.95,Approved,46.01,2485.05
320845110551201,2010-09-09 20:21:00,151.09,Approved,46.05,2484.91
320845110551201,2010-09-09 20:30:00,151.09,Approved,46.05,2484.91
320845110551201,2011-07-15 22:00:00,150.77,Approved,45.95,2485.23
320845110551201,2011-11-02 20:55:00,151.05,Approved,46.04,2484.95
320845110551201,2012-01-19 21:24:00,150.61,Approved,45.91,2485.39
320845110551201,2012-05-10 21:30:00,150.19,Approved,45.78,2485.81
320845110551201,2012-08-03 23:00:00,150.1,Approved,45.75,2485.9
320845110551201,2012-10-12 21:15:00,150.24,Approved,45.79,2485.76
320845110551201,2012-12-18 19:27:00,149.98,Approved,45.71,2486.02
320845110551201,2013-01-07 21:21:00,149.91,Approved,45.69,2486.09
320845110551201,2013-02-27 21:03:00,149.84,Approved,45.67,2486.16
320845110551201,2013-04-10 22:58:00,149.9,Approved,45.69,2486.1
320845110551201,2013-04-24 18:26:00,149.93,Approved,45.7,2486.07
320845110551201,2013-05-17 18:43:00,150.0,Approved,45.72,2486.0
320845110551201,2013-05-30 17:30:00,150.04,Approved,45.73,2485.96
320845110551201,2013-08-07 18:26:00,150.21,Approved,45.78,2485.79
320845110551201,2013-08-28 19:29:00,150.26,Approved,45.8,2485.74
320845110551201,2013-11-05 17:50:00,150.39,Approved,45.84,2485.61
320845110551201,2013-11-05 17:58:00,150.39,Approved,45.84,2485.61
320845110551201,2013-12-13 19:50:00,150.33,Approved,45.82,2485.67
320845110551201,2013-12-13 20:05:00,150.33,Approved,45.82,2485.67
320845110551201,2014-04-14 18:46:00,150.57,Approved,45.89,2485.43
320845110551201,2014-06-23 18:44:00,150.8,Approved,45.96,2485.2
320845110551201,2014-09-30 18:20:00,151.01,Approved,46.03,2484.99
320845110551201,2014-12-05 19:51:00,150.94,Approved,46.01,2485.06
320845110551201,2015-07-02 19:23:00,150.8,Approved,45.96,2485.2
320845110551201,2015-09-30 17:33:00,150.65,Approved,45.92,2485.35
320845110551201,2016-02-17 21:55:00,149.85,Approved,45.67,2486.15
320845110551201,2016-04-05 21:32:00,149.8,Approved,45.66,2486.2
320845110551201,2016-07-25 18:00:00,150.2,Approved,45.78,2485.8
320845110551201,2016-10-31 20:01:00,149.76,Approved,45.65,2486.24
320845110551201,2017-01-05 20:55:00,149.7,Approved,45.63,2486.3
320845110551201,2017-03-21 22:01:00,149.74,Approved,45.64,2486.26
320845110551201,2017-04-21 21:15:00,149.84,Approved,45.67,2486.16
320845110551201,2017-07-14 15:20:00,150.09,Approved,45.75,2485.91
320845110551201,2017-10-06 19:53:00,149.81,Approved,45.66,2486.19
320845110551201,2017-11-13 17:22:00,149.65,Approved,45.61,2486.35
320845110551201,2018-01-03 18:14:00,149.35,Approved,45.52,2486.65
320845110551201,2018-03-22 21:11:00,148.83,Approved,45.36,2487.17
320845110551201,2018-05-02 18:09:00,148.71,Approved,45.33,2487.29
320845110551201,2018-06-20 19:26:00,148.71,Approved,45.33,2487.29
320845110551201,2018-07-27 17:25:00,148.83,Approved,45.36,2487.17
320845110551201,2018-09-12 17:17:00,148.79,Approved,45.35,2487.21
320845110551201,2018-10-11 18:06:00,148.72,Approved,45.33,2487.28
320845110551201,2018-11-29 21:21:00,148.63,Approved,45.3,2487.37
320845110551201,2018-12-14 19:37:00,148.77,Approved,45.35,2487.23
320845110551201,2019-02-14 19:09:00,148.61,Approved,45.3,2487.39
320845110551201,2019-03-08 17:44:00,148.57,Approved,45.28,2487.43
320845110551201,2019-04-09 17:14:00,148.59,Approved,45.29,2487.41
320845110551201,2019-05-23 19:07:00,148.65,Approved,45.31,2487.35
320845110551201,2019-07-01 18:38:00,148.6,Approved,45.29,2487.4
320845110551201,2019-07-22 19:01:00,148.67,Approved,45.31,2487.33
320845110551201,2019-10-03 19:10:00,148.55,Approved,45.28,2487.45
320845110551201,2020-01-15 22:30:00,148.54,Approved,45.27,2487.46
320845110551201,2020-04-02 19:38:00,148.35,Approved,45.22,2487.65
320845110551201,2020-07-06 20:05:00,148.41,Approved,45.24,2487.59
320845110551201,2020-10-28 22:49:00,148.5,Approved,45.26,2487.5
320845110551201,2021-02-08 18:53:00,148.43,Approved,45.24,2487.57
320845110551201,2021-05-10 16:52:00,148.35,Approved,45.22,2487.65
320845110551201,2021-05-10 16:53:00,148.35,Approved,45.22,2487.65
320845110551201,2021-08-03 18:53:00,148.44,Approved,45.24,2487.56
320845110551201,2021-10-20 17:20:00,148.26,Approved,45.19,2487.74
320845110551201,2022-01-27 23:58:00,147.76,Approved,45.04,2488.24
320845110551201,2022-01-28 23:36:00,147.77,Approved,45.04,2488.23
320845110551201,2022-04-27 18:26:00,147.39,Approved,44.92,2488.61
320845110551201,2022-07-21 17:03:00,147.18,Approved,44.86,2488.82
320845110551201,2022-11-03 19:00:00,146.93,Approved,44.78,2489.07
320845110551201,2023-01-31 16:52:00,146.77,Approved,44.74,2489.23
320845110551201,2023-04-13 15:38:00,146.48,Approved,44.65,2489.52
320845110551201,2023-07-26 20:21:00,146.44,Approved,44.63,2489.56
320845110551201,2023-07-31 19:57:00,146.47,Approved,44.64,2489.53
320845110551201,2023-11-08 16:35:00,146.51,Approved,44.66,2489.49
320845110551201,2024-01-24 17:18:00,146.46,Approved,44.64,2489.54
320845110551201,2024-06-12 18:42:00,146.31,Approved,44.6,2489.69
320845110551201,2024-08-22 20:57:00,146.25,Approved,44.58,2489.75
320845110551201,2024-10-15 17:25:00,146.28,Approved,44.59,2489.72
320845110551201,2025-01-16 21:08:00,146.06,Approved,44.52,2489.94
320845110551201,2025-04-15 18:21:00,146.0,Approved,44.5,2490.0
320845110551201,2025-06-04 19:51:00,145.96,Approved,44.49,2490.04
320845110551201,2025-08-01 16:17:00,146.13,Approved,44.54,2489.87
320845110551201,2025-11-18 21:40:00,145.99,Approved,44.5,2490.01
320845110551201,2026-02-11 19:50:00,146.06,Approved,44.52,2489.94
320845110551201,2026-03-27 15:50:00,146.03,Provisional,44.51,2489.97
320845110551201,2026-03-27 21:36:00,145.95,Provisional,44.49,2490.05
320845110551201,2026-04-23 16:11:00,146.0,Provisional,44.5,2490.0
320906110592701,1929-08-20 12:00:00,31.75,Approved,9.68,2408.25
320906110592701,1929-09-06 12:00:00,32.41,Approved,9.88,2407.59
320906110592701,1929-10-08 12:00:00,31.0,Approved,9.45,2409.0
320906110592701,1929-11-01 12:00:00,31.17,Approved,9.5,2408.83
320906110592701,1929-12-06 12:00:00,30.67,Approved,9.35,2409.33
320906110592701,1930-01-03 12:00:00,30.92,Approved,9.42,2409.08
320906110592701,1930-02-19 12:00:00,30.54,Approved,9.31,2409.46
320906110592701,1930-03-28 12:00:00,28.58,Approved,8.71,2411.42
320906110592701,1930-04-20 12:00:00,29.58,Approved,9.02,2410.42
320906110592701,1930-05-18 12:00:00,29.92,Approved,9.12,2410.08
320906110592701,1930-06-07 12:00:00,30.83,Approved,9.4,2409.17
320906110592701,1931-03-16 12:00:00,29.43,Approved,8.97,2410.57
320906110592701,1931-04-15 12:00:00,30.3,Approved,9.24,2409.7
320906110592701,1931-05-15 12:00:00,30.78,Approved,9.38,2409.22
320906110592701,1931-06-16 12:00:00,31.66,Approved,9.65,2408.34
320906110592701,1931-07-15 12:00:00,31.44,Approved,9.58,2408.56
320906110592701,1931-08-17 12:00:00,26.04,Approved,7.94,2413.96
320906110592701,1931-09-15 12:00:00,27.02,Approved,8.24,2412.98
320906110592701,1931-10-15 12:00:00,27.88,Approved,8.5,2412.12
320906110592701,1931-11-16 12:00:00,28.2,Approved,8.6,2411.8
320906110592701,1931-12-15 12:00:00,26.67,Approved,8.13,2413.33
320906110592701,1932-01-16 12:00:00,26.23,Approved,7.99,2413.77
320906110592701,1932-03-15 12:00:00,26.14,Approved,7.97,2413.86
320906110592701,1932-04-15 12:00:00,26.23,Approved,7.99,2413.77
320906110592701,1932-05-14 12:00:00,26.75,Approved,8.15,2413.25
320906110592701,1932-06-16 12:00:00,27.65,Approved,8.43,2412.35
320906110592701,1932-07-15 12:00:00,27.98,Approved,8.53,2412.02
320906110592701,1932-08-17 12:00:00,27.53,Approved,8.39,2412.47
320906110592701,1932-09-15 12:00:00,28.83,Approved,8.79,2411.17
320906110592701,1932-10-18 12:00:00,28.84,Approved,8.79,2411.16
320906110592701,1932-11-15 12:00:00,28.63,Approved,8.73,2411.37
320906110592701,1932-12-19 12:00:00,28.32,Approved,8.63,2411.68
320906110592701,1933-01-30 12:00:00,28.0,Approved,8.53,2412.0
320906110592701,1933-02-15 12:00:00,28.0,Approved,8.53,2412.0
320906110592701,1933-03-16 12:00:00,28.05,Approved,8.55,2411.95
320906110592701,1933-04-30 12:00:00,28.75,Approved,8.76,2411.25
320906110592701,1933-05-30 12:00:00,29.25,Approved,8.92,2410.75
320906110592701,1933-06-30 12:00:00,29.25,Approved,8.92,2410.75
320906110592701,1933-07-30 12:00:00,30.08,Approved,9.17,2409.92
320906110592701,1933-08-30 12:00:00,29.42,Approved,8.97,2410.58
320906110592701,1933-10-30 12:00:00,29.08,Approved,8.86,2410.92
320906110592701,1934-04-30 12:00:00,29.58,Approved,9.02,2410.42
320906110592701,1934-05-30 12:00:00,30.17,Approved,9.2,2409.83
320906110592701,1934-06-30 12:00:00,31.5,Approved,9.6,2408.5
320906110592701,1934-07-30 12:00:00,31.0,Approved,9.45,2409.0
320906110592701,1934-08-30 12:00:00,29.5,Approved,8.99,2410.5
320906110592701,1934-09-30 12:00:00,32.33,Approved,9.85,2407.67
320906110592701,1934-10-30 12:00:00,32.17,Approved,9.81,2407.83
320906110592701,1934-11-30 12:00:00,32.17,Approved,9.81,2407.83
320906110592701,1934-12-30 12:00:00,31.67,Approved,9.65,2408.33
320906110592701,1935-01-30 12:00:00,31.67,Approved,9.65,2408.33
320906110592701,1935-02-28 12:00:00,31.5,Approved,9.6,2408.5
320906110592701,1935-03-31 12:00:00,30.67,Approved,9.35,2409.33
320906110592701,1935-04-30 12:00:00,31.5,Approved,9.6,2408.5
320906110592701,1935-05-30 12:00:00,32.0,Approved,9.75,2408.0
320906110592701,1935-06-30 12:00:00,32.58,Approved,9.93,2407.42
320906110592701,1935-07-30 12:00:00,32.67,Approved,9.96,2407.33
320906110592701,1935-08-30 12:00:00,29.92,Approved,9.12,2410.08
320906110592701,1935-09-30 12:00:00,30.58,Approved,9.32,2409.42
320906110592701,1935-10-18 12:00:00,30.42,Approved,9.27,2409.58
320906110592701,1935-11-30 12:00:00,30.58,Approved,9.32,2409.42
320906110592701,1935-12-30 12:00:00,29.67,Approved,9.04,2410.33
320906110592701,1936-01-30 12:00:00,29.33,Approved,8.94,2410.67
320906110592701,1936-02-28 12:00:00,29.5,Approved,8.99,2410.5
320906110592701,1936-03-30 12:00:00,29.67,Approved,9.04,2410.33
320906110592701,1936-04-30 12:00:00,30.25,Approved,9.22,2409.75
320906110592701,1936-05-30 12:00:00,31.0,Approved,9.45,2409.0
320906110592701,1936-06-30 12:00:00,31.42,Approved,9.58,2408.58
320906110592701,1936-07-30 12:00:00,30.58,Approved,9.32,2409.42
320906110592701,1936-08-30 12:00:00,30.5,Approved,9.3,2409.5
320906110592701,1936-09-30 12:00:00,30.83,Approved,9.4,2409.17
320906110592701,1936-10-30 12:00:00,31.17,Approved,9.5,2408.83
320906110592701,1936-11-30 12:00:00,31.0,Approved,9.45,2409.0
320906110592701,1936-12-30 12:00:00,30.92,Approved,9.42,2409.08
320906110592701,1937-01-30 12:00:00,29.5,Approved,8.99,2410.5
320906110592701,1937-02-28 12:00:00,30.08,Approved,9.17,2409.92
320906110592701,1937-03-30 12:00:00,29.83,Approved,9.09,2410.17
320906110592701,1937-04-30 12:00:00,30.42,Approved,9.27,2409.58
320906110592701,1937-05-30 12:00:00,31.17,Approved,9.5,2408.83
320906110592701,1937-06-30 12:00:00,31.58,Approved,9.63,2408.42
320906110592701,1937-07-30 12:00:00,31.0,Approved,9.45,2409.0
320906110592701,1937-08-30 12:00:00,31.0,Approved,9.45,2409.0
320906110592701,1937-09-30 12:00:00,31.58,Approved,9.63,2408.42
320906110592701,1937-10-30 12:00:00,31.75,Approved,9.68,2408.25
320906110592701,1937-11-30 12:00:00,31.5,Approved,9.6,2408.5
320906110592701,1937-12-30 12:00:00,31.17,Approved,9.5,2408.83
320906110592701,1938-01-30 12:00:00,31.0,Approved,9.45,2409.0
320906110592701,1938-02-28 12:00:00,30.75,Approved,9.37,2409.25
320906110592701,1938-03-30 12:00:00,31.08,Approved,9.47,2408.92
320906110592701,1938-04-30 12:00:00,31.42,Approved,9.58,2408.58
320906110592701,1938-05-30 12:00:00,31.75,Approved,9.68,2408.25
320906110592701,1938-06-30 12:00:00,31.5,Approved,9.6,2408.5
320906110592701,1938-07-30 12:00:00,31.58,Approved,9.63,2408.42
320906110592701,1938-08-30 12:00:00,31.58,Approved,9.63,2408.42
320906110592701,1938-09-30 12:00:00,32.0,Approved,9.75,2408.0
320906110592701,1938-10-30 12:00:00,32.08,Approved,9.78,2407.92
320906110592701,1938-11-30 12:00:00,31.83,Approved,9.7,2408.17
320906110592701,1938-12-30 12:00:00,31.42,Approved,9.58,2408.58
320906110592701,1939-01-30 12:00:00,31.25,Approved,9.52,2408.75
320906110592701,1939-02-28 12:00:00,31.08,Approved,9.47,2408.92
320906110592701,1939-03-30 12:00:00,31.17,Approved,9.5,2408.83
320906110592701,1939-04-30 12:00:00,31.5,Approved,9.6,2408.5
320906110592701,1939-05-30 12:00:00,32.0,Approved,9.75,2408.0
320906110592701,1939-06-30 12:00:00,32.42,Approved,9.88,2407.58
320906110592701,1939-07-30 12:00:00,32.0,Approved,9.75,2408.0
320906110592701,1939-08-30 12:00:00,30.5,Approved,9.3,2409.5
320906110592701,1939-09-30 12:00:00,31.08,Approved,9.47,2408.92
320906110592701,1939-10-30 12:00:00,31.83,Approved,9.7,2408.17
320906110592701,1939-11-30 12:00:00,31.75,Approved,9.68,2408.25
320906110592701,1939-12-30 12:00:00,31.5,Approved,9.6,2408.5
320906110592701,1940-01-30 12:00:00,31.17,Approved,9.5,2408.83
320906110592701,1940-02-28 12:00:00,30.83,Approved,9.4,2409.17
320906110592701,1940-03-30 12:00:00,31.25,Approved,9.52,2408.75
320906110592701,1940-04-30 12:00:00,31.67,Approved,9.65,2408.33
320906110592701,1940-05-30 12:00:00,32.08,Approved,9.78,2407.92
320906110592701,1940-06-30 12:00:00,31.92,Approved,9.73,2408.08
320906110592701,1940-07-30 12:00:00,31.92,Approved,9.73,2408.08
320906110592701,1940-08-30 12:00:00,31.75,Approved,9.68,2408.25
320906110592701,1940-09-30 12:00:00,32.0,Approved,9.75,2408.0
320906110592701,1940-10-30 12:00:00,32.25,Approved,9.83,2407.75
320906110592701,1940-11-30 12:00:00,32.0,Approved,9.75,2408.0
320906110592701,1940-12-30 12:00:00,31.58,Approved,9.63,2408.42
320906110592701,1941-01-30 12:00:00,31.08,Approved,9.47,2408.92
320906110592701,1941-02-28 12:00:00,30.92,Approved,9.42,2409.08
320906110592701,1941-03-30 12:00:00,31.17,Approved,9.5,2408.83
320906110592701,1941-04-30 12:00:00,31.42,Approved,9.58,2408.58
320906110592701,1941-05-30 12:00:00,31.67,Approved,9.65,2408.33
320906110592701,1941-06-30 12:00:00,32.01,Approved,9.76,2407.99
320906110592701,1941-07-30 12:00:00,31.92,Approved,9.73,2408.08
320906110592701,1941-08-30 12:00:00,31.92,Approved,9.73,2408.08
320906110592701,1941-09-30 12:00:00,31.83,Approved,9.7,2408.17
320906110592701,1941-10-30 12:00:00,32.08,Approved,9.78,2407.92
320906110592701,1941-11-30 12:00:00,32.08,Approved,9.78,2407.92
320906110592701,1941-12-30 12:00:00,31.83,Approved,9.7,2408.17
320906110592701,1942-01-30 12:00:00,31.67,Approved,9.65,2408.33
320906110592701,1942-02-28 12:00:00,31.5,Approved,9.6,2408.5
320906110592701,1942-03-30 12:00:00,31.58,Approved,9.63,2408.42
320906110592701,1942-04-30 12:00:00,31.67,Approved,9.65,2408.33
320906110592701,1942-05-30 12:00:00,31.92,Approved,9.73,2408.08
320906110592701,1942-06-24 12:00:00,31.84,Approved,9.7,2408.16
320906110592701,1942-07-29 12:00:00,31.7,Approved,9.66,2408.3
320906110592701,1942-08-24 12:00:00,31.85,Approved,9.71,2408.15
320906110592701,1942-09-29 12:00:00,32.02,Approved,9.76,2407.98
320906110592701,1942-10-29 12:00:00,32.08,Approved,9.78,2407.92
320906110592701,1942-11-27 12:00:00,31.96,Approved,9.74,2408.04
320906110592701,1942-12-23 12:00:00,31.87,Approved,9.71,2408.13
320906110592701,1943-01-29 12:00:00,31.77,Approved,9.68,2408.23
320906110592701,1943-02-27 12:00:00,31.81,Approved,9.7,2408.19
320906110592701,1943-03-29 12:00:00,31.89,Approved,9.72,2408.11
320906110592701,1943-04-15 12:00:00,32.03,Approved,9.76,2407.97
320906110592701,1943-04-28 12:00:00,32.18,Approved,9.81,2407.82
320906110592701,1943-05-28 12:00:00,32.47,Approved,9.9,2407.53
320906110592701,1943-06-28 12:00:00,32.93,Approved,10.04,2407.07
320906110592701,1943-07-29 12:00:00,33.1,Approved,10.09,2406.9
320906110592701,1943-08-31 12:00:00,31.87,Approved,9.71,2408.13
320906110592701,1943-09-29 12:00:00,32.24,Approved,9.83,2407.76
320906110592701,1943-10-27 12:00:00,32.54,Approved,9.92,2407.46
320906110592701,1943-11-10 12:00:00,32.48,Approved,9.9,2407.52
320906110592701,1943-11-27 12:00:00,32.49,Approved,9.9,2407.51
320906110592701,1943-12-16 12:00:00,32.48,Approved,9.9,2407.52
320906110592701,1943-12-27 12:00:00,32.49,Approved,9.9,2407.51
320906110592701,1944-01-14 12:00:00,32.42,Approved,9.88,2407.58
320906110592701,1944-01-26 12:00:00,32.38,Approved,9.87,2407.62
320906110592701,1944-02-26 12:00:00,32.33,Approved,9.85,2407.67
320906110592701,1944-03-28 12:00:00,32.51,Approved,9.91,2407.49
320906110592701,1944-04-25 12:00:00,32.64,Approved,9.95,2407.36
320906110592701,1944-05-26 12:00:00,32.98,Approved,10.05,2407.02
320906110592701,1944-06-28 12:00:00,33.66,Approved,10.26,2406.34
320906110592701,1944-07-18 12:00:00,34.13,Approved,10.4,2405.87
320906110592701,1944-07-29 12:00:00,34.28,Approved,10.45,2405.72
320906110592701,1944-08-29 12:00:00,33.58,Approved,10.24,2406.42
320906110592701,1944-09-28 12:00:00,33.84,Approved,10.31,2406.16
320906110592701,1944-10-27 12:00:00,34.03,Approved,10.37,2405.97
320906110592701,1944-11-27 12:00:00,33.65,Approved,10.26,2406.35
320906110592701,1944-12-27 12:00:00,33.78,Approved,10.3,2406.22
320906110592701,1945-01-26 12:00:00,33.21,Approved,10.12,2406.79
320906110592701,1945-02-09 12:00:00,33.53,Approved,10.22,2406.47
320906110592701,1945-02-27 12:00:00,33.49,Approved,10.21,2406.51
320906110592701,1945-03-28 12:00:00,33.91,Approved,10.34,2406.09
320906110592701,1945-04-28 12:00:00,34.45,Approved,10.5,2405.55
320906110592701,1945-05-30 12:00:00,35.15,Approved,10.71,2404.85
320906110592701,1945-06-27 12:00:00,36.16,Approved,11.02,2403.84
320906110592701,1945-07-27 12:00:00,37.55,Approved,11.45,2402.45
320906110592701,1945-08-31 12:00:00,35.04,Approved,10.68,2404.96
320906110592701,1945-09-28 12:00:00,35.96,Approved,10.96,2404.04
320906110592701,1945-10-29 12:00:00,35.75,Approved,10.9,2404.25
320906110592701,1945-11-28 12:00:00,35.8,Approved,10.91,2404.2
320906110592701,1945-12-26 12:00:00,35.41,Approved,10.79,2404.59
320906110592701,1946-01-24 12:00:00,35.06,Approved,10.69,2404.94
320906110592701,1946-02-25 12:00:00,35.23,Approved,10.74,2404.77
320906110592701,1946-03-28 12:00:00,35.32,Approved,10.77,2404.68
320906110592701,1946-04-23 12:00:00,36.11,Approved,11.01,2403.89
320906110592701,1946-05-26 12:00:00,36.84,Approved,11.23,2403.16
320906110592701,1946-06-26 12:00:00,37.74,Approved,11.5,2402.26
320906110592701,1946-07-26 12:00:00,36.91,Approved,11.25,2403.09
320906110592701,1946-08-29 12:00:00,36.56,Approved,11.14,2403.44
320906110592701,1946-09-27 12:00:00,36.81,Approved,11.22,2403.19
320906110592701,1946-11-01 12:00:00,36.66,Approved,11.17,2403.34
320906110592701,1946-11-27 12:00:00,36.16,Approved,11.02,2403.84
320906110592701,1946-12-24 12:00:00,36.07,Approved,10.99,2403.93
320906110592701,1947-01-27 12:00:00,35.65,Approved,10.87,2404.35
320906110592701,1947-02-26 12:00:00,36.74,Approved,11.2,2403.26
320906110592701,1947-03-27 12:00:00,37.6,Approved,11.46,2402.4
320906110592701,1947-04-28 12:00:00,37.27,Approved,11.36,2402.73
320906110592701,1947-05-28 12:00:00,39.46,Approved,12.03,2400.54
320906110592701,1947-06-26 12:00:00,41.05,Approved,12.51,2398.95
320906110592701,1947-07-28 12:00:00,43.61,Approved,13.29,2396.39
320906110592701,1947-08-28 12:00:00,41.3,Approved,12.59,2398.7
320906110592701,1947-09-25 12:00:00,42.29,Approved,12.89,2397.71
320906110592701,1947-10-28 12:00:00,43.07,Approved,13.13,2396.93
320906110592701,1947-11-28 12:00:00,42.14,Approved,12.84,2397.86
320906110592701,1947-12-29 12:00:00,41.77,Approved,12.73,2398.23
320906110592701,1948-01-26 12:00:00,41.45,Approved,12.63,2398.55
320906110592701,1948-02-25 12:00:00,41.27,Approved,12.58,2398.73
320906110592701,1948-03-29 12:00:00,42.67,Approved,13.01,2397.33
320906110592701,1948-04-29 12:00:00,44.8,Approved,13.66,2395.2
320906110592701,1948-05-26 12:00:00,45.77,Approved,13.95,2394.23
320906110592701,1948-06-28 12:00:00,47.61,Approved,14.51,2392.39
320906110592701,1948-07-28 12:00:00,45.85,Approved,13.98,2394.15
320906110592701,1948-08-26 12:00:00,45.04,Approved,13.73,2394.96
320906110592701,1948-09-30 12:00:00,47.1,Approved,14.36,2392.9
320906110592701,1948-10-25 12:00:00,48.08,Approved,14.65,2391.92
320906110592701,1948-11-26 12:00:00,47.07,Approved,14.35,2392.93
320906110592701,1948-12-28 12:00:00,42.31,Approved,12.9,2397.69
320906110592701,1949-01-27 12:00:00,43.98,Approved,13.41,2396.02
320906110592701,1949-02-28 12:00:00,44.98,Approved,13.71,2395.02
320906110592701,1949-03-29 12:00:00,46.76,Approved,14.25,2393.24
320906110592701,1949-04-27 12:00:00,47.35,Approved,14.43,2392.65
320906110592701,1949-05-27 12:00:00,48.44,Approved,14.76,2391.56
320906110592701,1949-06-27 12:00:00,51.0,Approved,15.54,2389.0
320906110592701,1949-07-27 12:00:00,50.1,Approved,15.27,2389.9
320906110592701,1949-08-29 12:00:00,53.17,Approved,16.21,2386.83
320906110592701,1949-09-26 12:00:00,52.74,Approved,16.08,2387.26
320906110592701,1949-10-27 12:00:00,52.58,Approved,16.03,2387.42
320906110592701,1949-11-25 12:00:00,51.48,Approved,15.69,2388.52
320906110592701,1949-12-27 12:00:00,50.02,Approved,15.25,2389.98
320906110592701,1950-01-25 12:00:00,49.37,Approved,15.05,2390.63
320906110592701,1950-02-24 12:00:00,49.21,Approved,15.0,2390.79
320906110592701,1950-03-28 12:00:00,49.53,Approved,15.1,2390.47
320906110592701,1950-04-26 12:00:00,51.24,Approved,15.62,2388.76
320906110592701,1950-05-24 12:00:00,52.37,Approved,15.96,2387.63
320906110592701,1950-06-26 12:00:00,53.65,Approved,16.35,2386.35
320906110592701,1950-07-25 12:00:00,38.08,Approved,11.61,2401.92
320906110592701,1950-08-28 12:00:00,53.3,Approved,16.25,2386.7
320906110592701,1950-09-26 12:00:00,55.21,Approved,16.83,2384.79
320906110592701,1950-10-25 12:00:00,55.65,Approved,16.96,2384.35
320906110592701,1950-11-27 12:00:00,53.92,Approved,16.43,2386.08
320906110592701,1950-12-26 12:00:00,52.94,Approved,16.14,2387.06
320906110592701,1951-01-29 12:00:00,51.56,Approved,15.72,2388.44
320906110592701,1951-02-27 12:00:00,51.18,Approved,15.6,2388.82
320906110592701,1951-03-26 12:00:00,51.77,Approved,15.78,2388.23
320906110592701,1951-04-25 12:00:00,53.29,Approved,16.24,2386.71
320906110592701,1951-05-25 12:00:00,54.85,Approved,16.72,2385.15
320906110592701,1951-06-25 12:00:00,57.28,Approved,17.46,2382.72
320906110592701,1951-07-27 12:00:00,57.56,Approved,17.54,2382.44
320906110592701,1951-08-27 12:00:00,58.55,Approved,17.85,2381.45
320906110592701,1951-09-25 12:00:00,58.88,Approved,17.95,2381.12
320906110592701,1951-10-25 12:00:00,60.51,Approved,18.44,2379.49
320906110592701,1951-11-28 12:00:00,57.88,Approved,17.64,2382.12
320906110592701,1951-12-21 12:00:00,56.9,Approved,17.34,2383.1
320906110592701,1952-01-28 12:00:00,55.24,Approved,16.84,2384.76
320906110592701,1952-02-26 12:00:00,54.88,Approved,16.73,2385.12
320906110592701,1952-03-24 12:00:00,54.43,Approved,16.59,2385.57
320906110592701,1952-04-28 12:00:00,54.68,Approved,16.67,2385.32
320906110592701,1952-05-23 12:00:00,55.5,Approved,16.92,2384.5
320906110592701,1952-06-26 12:00:00,59.21,Approved,18.05,2380.79
320906110592701,1952-07-25 12:00:00,61.18,Approved,18.65,2378.82
320906110592701,1952-08-22 12:00:00,58.75,Approved,17.91,2381.25
320906110592701,1952-09-23 12:00:00,60.31,Approved,18.38,2379.69
320906110592701,1952-10-27 12:00:00,61.65,Approved,18.79,2378.35
320906110592701,1952-11-25 12:00:00,60.09,Approved,18.32,2379.91
320906110592701,1952-12-23 12:00:00,58.48,Approved,17.82,2381.52
320906110592701,1953-01-27 12:00:00,57.36,Approved,17.48,2382.64
320906110592701,1953-02-24 12:00:00,57.96,Approved,17.67,2382.04
320906110592701,1953-03-26 12:00:00,58.74,Approved,17.9,2381.26
320906110592701,1953-04-27 12:00:00,58.62,Approved,17.87,2381.38
320906110592701,1953-05-25 12:00:00,60.03,Approved,18.3,2379.97
320906110592701,1953-06-25 12:00:00,62.79,Approved,19.14,2377.21
320906110592701,1953-07-27 12:00:00,59.83,Approved,18.24,2380.17
320906110592701,1953-08-27 12:00:00,63.3,Approved,19.29,2376.7
320906110592701,1953-09-25 12:00:00,64.12,Approved,19.54,2375.88
320906110592701,1953-10-23 12:00:00,63.54,Approved,19.37,2376.46
320906110592701,1953-11-23 12:00:00,62.6,Approved,19.08,2377.4
320906110592701,1953-12-22 12:00:00,60.82,Approved,18.54,2379.18
320906110592701,1954-01-25 12:00:00,60.08,Approved,18.31,2379.92
320906110592701,1954-02-02 12:00:00,60.24,Approved,18.36,2379.76
320906110592701,1954-02-23 12:00:00,59.86,Approved,18.25,2380.14
320906110592701,1954-03-25 12:00:00,60.3,Approved,18.38,2379.7
320906110592701,1954-04-26 12:00:00,61.67,Approved,18.8,2378.33
320906110592701,1954-05-25 12:00:00,62.88,Approved,19.17,2377.12
320906110592701,1954-06-22 12:00:00,64.97,Approved,19.8,2375.03
320906110592701,1954-07-26 12:00:00,36.4,Approved,11.09,2403.6
320906110592701,1954-07-27 12:00:00,44.47,Approved,13.55,2395.53
320906110592701,1954-07-28 12:00:00,47.9,Approved,14.6,2392.1
320906110592701,1954-07-29 12:00:00,50.52,Approved,15.4,2389.48
320906110592701,1954-08-26 12:00:00,52.41,Approved,15.97,2387.59
320906110592701,1954-09-27 12:00:00,55.54,Approved,16.93,2384.46
320906110592701,1954-10-25 12:00:00,60.97,Approved,18.58,2379.03
320906110592701,1954-11-23 12:00:00,60.64,Approved,18.48,2379.36
320906110592701,1954-12-23 12:00:00,59.51,Approved,18.14,2380.49
320906110592701,1955-01-24 12:00:00,58.7,Approved,17.89,2381.3
320906110592701,1955-02-23 12:00:00,58.04,Approved,17.69,2381.96
320906110592701,1955-03-25 12:00:00,58.86,Approved,17.94,2381.14
320906110592701,1955-04-25 12:00:00,58.92,Approved,17.96,2381.08
320906110592701,1955-05-23 12:00:00,60.49,Approved,18.44,2379.51
320906110592701,1955-06-22 12:00:00,62.72,Approved,19.12,2377.28
320906110592701,1955-07-21 12:00:00,64.24,Approved,19.58,2375.76
320906110592701,1955-08-29 12:00:00,34.6,Approved,10.55,2405.4
320906110592701,1955-09-27 12:00:00,49.73,Approved,15.16,2390.27
320906110592701,1955-10-27 12:00:00,50.94,Approved,15.53,2389.06
320906110592701,1955-11-28 12:00:00,51.1,Approved,15.58,2388.9
320906110592701,1955-12-23 12:00:00,50.75,Approved,15.47,2389.25
320906110592701,1956-01-23 12:00:00,51.23,Approved,15.61,2388.77
320906110592701,1956-02-22 12:00:00,48.4,Approved,14.75,2391.6
320906110592701,1956-03-23 12:00:00,48.52,Approved,14.79,2391.48
320906110592701,1956-04-23 12:00:00,48.93,Approved,14.91,2391.07
320906110592701,1956-05-25 12:00:00,51.34,Approved,15.65,2388.66
320906110592701,1956-06-21 12:00:00,54.34,Approved,16.56,2385.66
320906110592701,1956-07-27 12:00:00,54.32,Approved,16.56,2385.68
320906110592701,1956-08-27 12:00:00,56.3,Approved,17.16,2383.7
320906110592701,1956-09-24 12:00:00,59.53,Approved,18.14,2380.47
320906110592701,1956-10-25 12:00:00,60.74,Approved,18.51,2379.26
320906110592701,1956-11-26 12:00:00,60.07,Approved,18.31,2379.93
320906110592701,1956-12-20 12:00:00,59.2,Approved,18.04,2380.8
320906110592701,1957-01-30 12:00:00,57.93,Approved,17.66,2382.07
320906110592701,1957-02-25 12:00:00,57.45,Approved,17.51,2382.55
320906110592701,1957-03-21 12:00:00,57.57,Approved,17.55,2382.43
320906110592701,1957-04-22 12:00:00,59.65,Approved,18.18,2380.35
320906110592701,1957-05-20 12:00:00,61.2,Approved,18.65,2378.8
320906110592701,1957-06-20 12:00:00,63.52,Approved,19.36,2376.48
320906110592701,1957-07-25 12:00:00,64.6,Approved,19.69,2375.4
320906110592701,1957-08-20 12:00:00,61.4,Approved,18.71,2378.6
320906110592701,1957-09-23 12:00:00,64.54,Approved,19.67,2375.46
320906110592701,1957-10-21 12:00:00,63.11,Approved,19.24,2376.89
320906110592701,1957-11-20 12:00:00,60.96,Approved,18.58,2379.04
320906110592701,1957-12-23 12:00:00,60.94,Approved,18.57,2379.06
320906110592701,1958-01-24 12:00:00,60.58,Approved,18.46,2379.42
320906110592701,1958-02-24 12:00:00,60.0,Approved,18.29,2380.0
320906110592701,1958-03-25 12:00:00,59.44,Approved,18.12,2380.56
320906110592701,1958-04-24 12:00:00,60.15,Approved,18.33,2379.85
320906110592701,1958-05-22 12:00:00,62.7,Approved,19.11,2377.3
320906110592701,1958-06-23 12:00:00,65.08,Approved,19.84,2374.92
320906110592701,1958-07-24 12:00:00,64.95,Approved,19.8,2375.05
320906110592701,1958-08-25 12:00:00,57.87,Approved,17.64,2382.13
320906110592701,1958-09-26 12:00:00,61.82,Approved,18.84,2378.18
320906110592701,1958-10-24 12:00:00,63.13,Approved,19.24,2376.87
320906110592701,1958-11-24 12:00:00,62.3,Approved,18.99,2377.7
320906110592701,1958-12-22 12:00:00,61.93,Approved,18.88,2378.07
320906110592701,1959-01-23 12:00:00,60.41,Approved,18.41,2379.59
320906110592701,1959-02-24 12:00:00,61.86,Approved,18.85,2378.14
320906110592701,1959-03-24 12:00:00,63.3,Approved,19.29,2376.7
320906110592701,1959-04-24 12:00:00,64.83,Approved,19.76,2375.17
320906110592701,1959-05-25 12:00:00,66.33,Approved,20.22,2373.67
320906110592701,1959-06-25 12:00:00,68.37,Approved,20.84,2371.63
320906110592701,1959-07-27 12:00:00,66.25,Approved,20.19,2373.75
320906110592701,1959-08-25 12:00:00,61.35,Approved,18.7,2378.65
320906110592701,1959-09-24 12:00:00,67.48,Approved,20.57,2372.52
320906110592701,1959-10-23 12:00:00,68.57,Approved,20.9,2371.43
320906110592701,1959-11-24 12:00:00,66.72,Approved,20.34,2373.28
320906110592701,1959-12-23 12:00:00,65.79,Approved,20.05,2374.21
320906110592701,1960-01-25 12:00:00,59.49,Approved,18.13,2380.51
320906110592701,1960-02-24 12:00:00,62.92,Approved,19.18,2377.08
320906110592701,1960-03-24 12:00:00,63.67,Approved,19.41,2376.33
320906110592701,1960-04-25 12:00:00,65.67,Approved,20.02,2374.33
320906110592701,1960-05-24 12:00:00,67.24,Approved,20.49,2372.76
320906110592701,1960-06-27 12:00:00,69.64,Approved,21.23,2370.36
320906110592701,1960-07-22 12:00:00,71.11,Approved,21.67,2368.89
320906110592701,1960-08-23 12:00:00,65.56,Approved,19.98,2374.44
320906110592701,1960-09-22 12:00:00,66.91,Approved,20.39,2373.09
320906110592701,1960-10-26 12:00:00,66.41,Approved,20.24,2373.59
320906110592701,1960-11-25 12:00:00,68.88,Approved,20.99,2371.12
320906110592701,1960-12-27 12:00:00,68.27,Approved,20.81,2371.73
320906110592701,1961-01-24 12:00:00,67.63,Approved,20.61,2372.37
320906110592701,1961-02-24 12:00:00,67.27,Approved,20.5,2372.73
320906110592701,1961-03-27 12:00:00,68.55,Approved,20.89,2371.45
320906110592701,1961-04-28 12:00:00,70.03,Approved,21.35,2369.97
320906110592701,1961-05-31 12:00:00,72.21,Approved,22.01,2367.79
320906110592701,1961-06-30 12:00:00,74.81,Approved,22.8,2365.19
320906110592701,1961-07-28 12:00:00,67.65,Approved,20.62,2372.35
320906110592701,1961-08-29 12:00:00,61.33,Approved,18.69,2378.67
320906110592701,1961-09-29 12:00:00,60.6,Approved,18.47,2379.4
320906110592701,1961-10-27 12:00:00,72.84,Approved,22.2,2367.16
320906110592701,1961-11-30 12:00:00,71.87,Approved,21.91,2368.13
320906110592701,1961-12-27 12:00:00,64.62,Approved,19.7,2375.38
320906110592701,1962-01-30 12:00:00,61.45,Approved,18.73,2378.55
320906110592701,1962-02-27 12:00:00,66.18,Approved,20.17,2373.82
320906110592701,1962-03-29 12:00:00,68.43,Approved,20.86,2371.57
320906110592701,1962-04-26 12:00:00,70.87,Approved,21.6,2369.13
320906110592701,1962-05-28 12:00:00,72.86,Approved,22.21,2367.14
320906110592701,1962-06-27 12:00:00,75.25,Approved,22.94,2364.75
320906110592701,1962-07-27 12:00:00,76.7,Approved,23.38,2363.3
320906110592701,1962-08-27 12:00:00,75.7,Approved,23.07,2364.3
320906110592701,1962-09-28 12:00:00,63.65,Approved,19.4,2376.35
320906110592701,1962-10-30 12:00:00,76.81,Approved,23.41,2363.19
320906110592701,1962-11-27 12:00:00,76.48,Approved,23.31,2363.52
320906110592701,1962-12-26 12:00:00,75.4,Approved,22.98,2364.6
320906110592701,1963-01-28 12:00:00,74.38,Approved,22.67,2365.62
320906110592701,1963-02-28 12:00:00,74.62,Approved,22.74,2365.38
320906110592701,1963-03-26 12:00:00,75.8,Approved,23.1,2364.2
320906110592701,1963-04-24 12:00:00,77.62,Approved,23.66,2362.38
320906110592701,1963-05-25 12:00:00,79.23,Approved,24.15,2360.77
320906110592701,1963-06-21 12:00:00,81.36,Approved,24.8,2358.64
320906110592701,1963-07-23 12:00:00,72.4,Approved,22.07,2367.6
320906110592701,1963-08-23 12:00:00,51.98,Approved,15.84,2388.02
320906110592701,1963-09-20 12:00:00,67.7,Approved,20.63,2372.3
320906110592701,1963-10-21 12:00:00,82.88,Approved,25.26,2357.12
320906110592701,1963-11-21 12:00:00,81.22,Approved,24.76,2358.78
320906110592701,1963-12-20 12:00:00,81.48,Approved,24.84,2358.52
320906110592701,1964-01-21 12:00:00,80.95,Approved,24.67,2359.05
320906110592701,1964-02-20 12:00:00,81.12,Approved,24.73,2358.88
320906110592701,1964-03-26 12:00:00,81.66,Approved,24.89,2358.34
320906110592701,1964-04-24 12:00:00,84.04,Approved,25.62,2355.96
320906110592701,1964-05-25 12:00:00,86.48,Approved,26.36,2353.52
320906110592701,1964-06-22 12:00:00,89.04,Approved,27.14,2350.96
320906110592701,1964-07-23 12:00:00,70.6,Approved,21.52,2369.4
320906110592701,1964-08-21 12:00:00,38.02,Approved,11.59,2401.98
320906110592701,1964-09-21 12:00:00,33.98,Approved,10.36,2406.02
320906110592701,1964-09-23 12:00:00,34.73,Approved,10.59,2405.27
320906110592701,1964-10-20 12:00:00,52.52,Approved,16.01,2387.48
320906110592701,1964-11-23 12:00:00,78.42,Approved,23.9,2361.58
320906110592701,1964-12-21 12:00:00,80.3,Approved,24.48,2359.7
320906110592701,1965-01-22 12:00:00,79.2,Approved,24.14,2360.8
320906110592701,1965-02-23 12:00:00,77.85,Approved,23.73,2362.15
320906110592701,1965-03-22 12:00:00,79.2,Approved,24.14,2360.8
320906110592701,1965-04-22 12:00:00,79.48,Approved,24.23,2360.52
320906110592701,1965-05-20 12:00:00,81.09,Approved,24.72,2358.91
320906110592701,1965-06-24 12:00:00,83.23,Approved,25.37,2356.77
320906110592701,1965-07-22 12:00:00,80.07,Approved,24.41,2359.93
320906110592701,1965-08-20 12:00:00,85.58,Approved,26.08,2354.42
320906110592701,1965-09-20 12:00:00,68.1,Approved,20.76,2371.9
320906110592701,1965-10-20 12:00:00,86.45,Approved,26.35,2353.55
320906110592701,1965-11-22 12:00:00,84.93,Approved,25.89,2355.07
320906110592701,1965-12-20 12:00:00,38.35,Approved,11.69,2401.65
320906110592701,1966-01-20 12:00:00,35.94,Approved,10.95,2404.06
320906110592701,1966-02-18 12:00:00,32.4,Approved,9.88,2407.6
320906110592701,1966-03-21 12:00:00,43.27,Approved,13.19,2396.73
320906110592701,1966-04-20 12:00:00,64.48,Approved,19.65,2375.52
320906110592701,1966-05-19 12:00:00,74.55,Approved,22.72,2365.45
320906110592701,1966-06-17 12:00:00,81.08,Approved,24.71,2358.92
320906110592701,1966-07-18 12:00:00,84.55,Approved,25.77,2355.45
320906110592701,1966-08-23 12:00:00,30.34,Approved,9.25,2409.66
320906110592701,1966-09-20 12:00:00,38.68,Approved,11.79,2401.32
320906110592701,1966-10-20 12:00:00,40.09,Approved,12.22,2399.91
320906110592701,1966-11-20 12:00:00,50.35,Approved,15.35,2389.65
320906110592701,1966-12-20 12:00:00,49.6,Approved,15.12,2390.4
320906110592701,1967-01-20 12:00:00,39.44,Approved,12.02,2400.56
320906110592701,1967-02-20 12:00:00,41.56,Approved,12.67,2398.44
320906110592701,1967-03-23 12:00:00,39.75,Approved,12.12,2400.25
320906110592701,1967-04-21 12:00:00,40.07,Approved,12.21,2399.93
320906110592701,1967-05-18 12:00:00,49.63,Approved,15.13,2390.37
320906110592701,1967-06-18 12:00:00,44.85,Approved,13.67,2395.15
320906110592701,1967-07-24 12:00:00,35.17,Approved,10.72,2404.83
320906110592701,1967-08-25 12:00:00,35.72,Approved,10.89,2404.28
320906110592701,1967-09-26 12:00:00,37.68,Approved,11.48,2402.32
320906110592701,1967-10-25 12:00:00,37.93,Approved,11.56,2402.07
320906110592701,1967-11-22 12:00:00,43.25,Approved,13.18,2396.75
320906110592701,1967-12-22 12:00:00,26.9,Approved,8.2,2413.1
320906110592701,1968-01-22 12:00:00,34.73,Approved,10.59,2405.27
320906110592701,1968-02-21 12:00:00,34.78,Approved,10.6,2405.22
320906110592701,1968-03-22 12:00:00,34.22,Approved,10.43,2405.78
320906110592701,1968-04-22 12:00:00,39.02,Approved,11.89,2400.98
320906110592701,1968-05-24 12:00:00,37.3,Approved,11.37,2402.7
320906110592701,1968-06-20 12:00:00,39.72,Approved,12.11,2400.28
320906110592701,1968-07-19 12:00:00,38.89,Approved,11.85,2401.11
320906110592701,1968-08-20 12:00:00,35.8,Approved,10.91,2404.2
320906110592701,1968-09-23 12:00:00,37.24,Approved,11.35,2402.76
320906110592701,1968-10-25 12:00:00,46.91,Approved,14.3,2393.09
320906110592701,1968-11-21 12:00:00,43.99,Approved,13.41,2396.01
320906110592701,1968-12-24 12:00:00,39.9,Approved,12.16,2400.1
320906110592701,1969-01-24 12:00:00,39.61,Approved,12.07,2400.39
320906110592701,1969-02-26 12:00:00,40.48,Approved,12.34,2399.52
320906110592701,1969-03-25 12:00:00,41.05,Approved,12.51,2398.95
320906110592701,1969-04-25 12:00:00,41.15,Approved,12.54,2398.85
320906110592701,1969-05-23 12:00:00,42.1,Approved,12.83,2397.9
320906110592701,1969-06-25 12:00:00,46.65,Approved,14.22,2393.35
320906110592701,1969-07-24 12:00:00,40.05,Approved,12.21,2399.95
320906110592701,1969-08-22 12:00:00,33.29,Approved,10.15,2406.71
320906110592701,1969-10-24 12:00:00,36.19,Approved,11.03,2403.81
320906110592701,1969-11-25 12:00:00,45.4,Approved,13.84,2394.6
320906110592701,1969-12-23 12:00:00,38.45,Approved,11.72,2401.55
320906110592701,1970-01-23 12:00:00,38.88,Approved,11.85,2401.12
320906110592701,1970-02-19 12:00:00,39.46,Approved,12.03,2400.54
320906110592701,1970-03-20 12:00:00,38.26,Approved,11.66,2401.74
320906110592701,1970-04-21 12:00:00,39.49,Approved,12.04,2400.51
320906110592701,1970-05-25 12:00:00,46.3,Approved,14.11,2393.7
320906110592701,1970-06-25 12:00:00,49.22,Approved,15.0,2390.78
320906110592701,1970-07-27 12:00:00,35.3,Approved,10.76,2404.7
320906110592701,1970-08-26 12:00:00,34.79,Approved,10.6,2405.21
320906110592701,1970-09-24 12:00:00,35.78,Approved,10.91,2404.22
320906110592701,1970-10-28 12:00:00,37.26,Approved,11.36,2402.74
320906110592701,1970-11-24 12:00:00,40.73,Approved,12.41,2399.27
320906110592701,1970-12-28 12:00:00,45.34,Approved,13.82,2394.66
320906110592701,1971-01-26 12:00:00,40.44,Approved,12.33,2399.56
320906110592701,1971-02-25 12:00:00,43.7,Approved,13.32,2396.3
320906110592701,1971-03-25 12:00:00,43.69,Approved,13.32,2396.31
320906110592701,1971-04-26 12:00:00,51.55,Approved,15.71,2388.45
320906110592701,1971-05-24 12:00:00,48.97,Approved,14.93,2391.03
320906110592701,1971-06-24 12:00:00,42.05,Approved,12.82,2397.95
320906110592701,1971-07-26 12:00:00,36.96,Approved,11.27,2403.04
320906110592701,1971-08-24 12:00:00,34.81,Approved,10.61,2405.19
320906110592701,1971-09-27 12:00:00,35.6,Approved,10.85,2404.4
320906110592701,1971-10-26 12:00:00,36.94,Approved,11.26,2403.06
320906110592701,1971-11-23 12:00:00,38.57,Approved,11.76,2401.43
320906110592701,1971-12-21 12:00:00,38.5,Approved,11.73,2401.5
320906110592701,1972-01-23 12:00:00,48.42,Approved,14.76,2391.58
320906110592701,1972-02-22 12:00:00,54.85,Approved,16.72,2385.15
320906110592701,1972-03-22 12:00:00,51.4,Approved,15.67,2388.6
320906110592701,1972-04-27 12:00:00,47.94,Approved,14.61,2392.06
320906110592701,1972-05-25 12:00:00,55.75,Approved,16.99,2384.25
320906110592701,1972-06-27 12:00:00,43.5,Approved,13.26,2396.5
320906110592701,1972-07-26 12:00:00,35.52,Approved,10.83,2404.48
320906110592701,1972-08-25 12:00:00,38.82,Approved,11.83,2401.18
320906110592701,1972-09-25 12:00:00,37.36,Approved,11.39,2402.64
320906110592701,1972-10-26 12:00:00,33.35,Approved,10.17,2406.65
320906110592701,1972-12-21 12:00:00,37.35,Approved,11.38,2402.65
320906110592701,1973-01-24 12:00:00,38.22,Approved,11.65,2401.78
320906110592701,1973-02-27 12:00:00,35.3,Approved,10.76,2404.7
320906110592701,1973-03-21 12:00:00,31.73,Approved,9.67,2408.27
320906110592701,1973-04-26 12:00:00,33.73,Approved,10.28,2406.27
320906110592701,1973-05-29 12:00:00,37.75,Approved,11.51,2402.25
320906110592701,1973-06-25 12:00:00,39.09,Approved,11.91,2400.91
320906110592701,1973-07-24 12:00:00,40.23,Approved,12.26,2399.77
320906110592701,1973-08-28 12:00:00,40.44,Approved,12.33,2399.56
320906110592701,1973-09-26 12:00:00,60.76,Approved,18.52,2379.24
320906110592701,1973-10-25 12:00:00,77.87,Approved,23.73,2362.13
320906110592701,1973-11-26 12:00:00,78.15,Approved,23.82,2361.85
320906110592701,1973-11-27 12:00:00,35.81,Approved,10.91,2404.19
320906110592701,1973-12-20 12:00:00,82.88,Approved,25.26,2357.12
320906110592701,1974-01-28 12:00:00,79.17,Approved,24.13,2360.83
320906110592701,1974-02-25 12:00:00,73.28,Approved,22.34,2366.72
320906110592701,1974-03-26 12:00:00,55.91,Approved,17.04,2384.09
320906110592701,1974-04-26 12:00:00,52.15,Approved,15.9,2387.85
320906110592701,1974-05-22 12:00:00,41.45,Approved,12.63,2398.55
320906110592701,1974-06-25 12:00:00,39.58,Approved,12.06,2400.42
320906110592701,1974-07-24 12:00:00,31.16,Approved,9.5,2408.84
320906110592701,1974-08-26 12:00:00,35.36,Approved,10.78,2404.64
320906110592701,1974-09-26 12:00:00,35.22,Approved,10.74,2404.78
320906110592701,1974-10-22 12:00:00,36.94,Approved,11.26,2403.06
320906110592701,1975-02-24 12:00:00,35.73,Approved,10.89,2404.27
320906110592701,1976-01-30 12:00:00,33.65,Approved,10.26,2406.35
320906110592701,1976-01-31 12:00:00,33.6,Approved,10.24,2406.4
320906110592701,1976-12-09 12:00:00,75.2,Approved,22.92,2364.8
320906110592701,1977-12-20 12:00:00,59.0,Approved,17.98,2381.0
320906110592701,1979-12-20 12:00:00,66.8,Approved,20.36,2373.2
320906110592701,1980-12-23 12:00:00,49.9,Approved,15.21,2390.1
320906110592701,1982-01-04 12:00:00,67.3,Approved,20.51,2372.7
320906110592701,1982-12-21 12:00:00,38.0,Approved,11.58,2402.0
320924110595001,1946-03-07 12:00:00,40.15,Approved,12.24,2391.85
320924110595001,1946-10-10 12:00:00,43.0,Approved,13.11,2389.0
320924110595001,1947-10-01 12:00:00,50.09,Approved,15.27,2381.91
320924110595001,1948-02-20 12:00:00,48.14,Approved,14.67,2383.86
320924110595001,1948-10-15 12:00:00,54.42,Approved,16.59,2377.58
320924110595001,1949-02-07 12:00:00,50.28,Approved,15.33,2381.72
320924110595001,1949-10-14 12:00:00,57.39,Approved,17.49,2374.61
320924110595001,1950-09-19 12:00:00,87.6,Approved,26.7,2344.4
320924110595001,1951-02-26 12:00:00,55.31,Approved,16.86,2376.69
320924110595001,1952-01-21 12:00:00,57.7,Approved,17.59,2374.3
320924110595001,1952-02-06 12:00:00,58.39,Approved,17.8,2373.61
320924110595001,1953-01-29 12:00:00,58.63,Approved,17.87,2373.37
320924110595001,1954-02-02 12:00:00,60.81,Approved,18.53,2371.19
320924110595001,1954-02-12 12:00:00,61.58,Approved,18.77,2370.42
320924110595001,1955-01-04 12:00:00,59.63,Approved,18.18,2372.37
320924110595001,1955-02-10 12:00:00,59.98,Approved,18.28,2372.02
320924110595001,1956-01-04 12:00:00,57.24,Approved,17.45,2374.76
320924110595001,1956-02-10 12:00:00,53.08,Approved,16.18,2378.92
320924110595001,1957-02-01 12:00:00,61.61,Approved,18.78,2370.39
320924110595001,1957-02-11 12:00:00,58.23,Approved,17.75,2373.77
320924110595001,1957-12-27 12:00:00,60.8,Approved,18.53,2371.2
320924110595001,1958-01-29 12:00:00,60.99,Approved,18.59,2371.01
320924110595001,1959-01-31 12:00:00,63.43,Approved,19.33,2368.57
320924110595001,1959-02-03 12:00:00,61.65,Approved,18.79,2370.35
320924110595001,1960-01-05 12:00:00,66.2,Approved,20.18,2365.8
320924110595001,1960-02-02 12:00:00,64.17,Approved,19.56,2367.83
320924110595001,1961-02-01 12:00:00,67.54,Approved,20.59,2364.46
320924110595001,1961-02-02 12:00:00,61.29,Approved,18.68,2370.71
320924110595001,1962-02-02 12:00:00,69.21,Approved,21.1,2362.79
320924110595001,1962-02-21 12:00:00,67.95,Approved,20.71,2364.05
320924110595001,1963-01-30 12:00:00,74.09,Approved,22.58,2357.91
320924110595001,1963-03-01 12:00:00,75.8,Approved,23.1,2356.2
320924110595001,1964-01-31 12:00:00,79.95,Approved,24.37,2352.05
320924110595001,1964-03-05 12:00:00,78.4,Approved,23.9,2353.6
320924110595001,1964-12-03 12:00:00,80.96,Approved,24.68,2351.04
320924110595001,1965-01-15 12:00:00,78.76,Approved,24.01,2353.24
320924110595001,1965-02-02 12:00:00,78.33,Approved,23.87,2353.67
320924110595001,1966-01-10 12:00:00,79.33,Approved,24.18,2352.67
320924110595001,1966-04-25 12:00:00,76.24,Approved,23.24,2355.76
320924110595001,1966-11-02 12:00:00,78.52,Approved,23.93,2353.48
320924110595001,1967-01-26 12:00:00,78.57,Approved,23.95,2353.43
320924110595001,1967-03-23 12:00:00,74.94,Approved,22.84,2357.06
320924110595001,1967-11-01 12:00:00,81.03,Approved,24.7,2350.97
320924110595001,1968-02-05 12:00:00,77.58,Approved,23.65,2354.42
320924110595001,1968-11-01 12:00:00,84.97,Approved,25.9,2347.03
320924110595001,1969-11-01 12:00:00,88.55,Approved,26.99,2343.45
320924110595001,1970-12-01 12:00:00,90.62,Approved,27.62,2341.38
320924110595001,1976-12-01 12:00:00,99.2,Approved,30.24,2332.8
320924110595001,1977-12-01 12:00:00,98.01,Approved,29.87,2333.99
320924110595001,1978-12-01 12:00:00,96.2,Approved,29.32,2335.8
320924110595001,1979-11-15 12:00:00,98.2,Approved,29.93,2333.8
320947110591801,1931-03-16 12:00:00,31.0,Approved,9.45,2394.0
320947110591801,1931-04-15 12:00:00,32.0,Approved,9.75,2393.0
320947110591801,1931-05-15 12:00:00,32.42,Approved,9.88,2392.58
320947110591801,1931-06-16 12:00:00,34.25,Approved,10.44,2390.75
320947110591801,1931-07-15 12:00:00,34.12,Approved,10.4,2390.88
320947110591801,1931-08-17 12:00:00,30.7,Approved,9.36,2394.3
320947110591801,1931-09-15 12:00:00,31.15,Approved,9.49,2393.85
320947110591801,1931-10-15 12:00:00,31.1,Approved,9.48,2393.9
320947110591801,1931-11-16 12:00:00,29.72,Approved,9.06,2395.28
320947110591801,1931-12-15 12:00:00,28.24,Approved,8.61,2396.76
320947110591801,1932-01-16 12:00:00,27.76,Approved,8.46,2397.24
320947110591801,1932-02-15 12:00:00,27.67,Approved,8.43,2397.33
320947110591801,1932-03-15 12:00:00,28.02,Approved,8.54,2396.98
320947110591801,1932-04-01 12:00:00,29.02,Approved,8.85,2395.98
320947110591801,1932-05-01 12:00:00,29.42,Approved,8.97,2395.58
320947110591801,1932-06-01 12:00:00,30.83,Approved,9.4,2394.17
320947110591801,1932-07-01 12:00:00,30.66,Approved,9.35,2394.34
320947110591801,1932-08-01 12:00:00,29.72,Approved,9.06,2395.28
320947110591801,1932-09-01 12:00:00,31.34,Approved,9.55,2393.66
320947110591801,1932-10-01 12:00:00,31.81,Approved,9.7,2393.19
320947110591801,1932-11-01 12:00:00,31.07,Approved,9.47,2393.93
320947110591801,1932-12-01 12:00:00,29.66,Approved,9.04,2395.34
320947110591801,1933-02-01 12:00:00,29.13,Approved,8.88,2395.87
320947110591801,1933-03-01 12:00:00,29.87,Approved,9.1,2395.13
320947110591801,1933-04-01 12:00:00,29.85,Approved,9.1,2395.15
320947110591801,1933-05-01 12:00:00,29.97,Approved,9.13,2395.03
320947110591801,1933-06-01 12:00:00,31.01,Approved,9.45,2393.99
320947110591801,1933-07-01 12:00:00,30.95,Approved,9.43,2394.05
320947110591801,1933-11-01 12:00:00,31.34,Approved,9.55,2393.66
320947110591801,1933-12-01 12:00:00,31.07,Approved,9.47,2393.93
320947110591801,1934-01-01 12:00:00,30.45,Approved,9.28,2394.55
320947110591801,1934-02-01 12:00:00,30.25,Approved,9.22,2394.75
320947110591801,1934-03-01 12:00:00,31.49,Approved,9.6,2393.51
320947110591801,1934-04-01 12:00:00,31.0,Approved,9.45,2394.0
320947110591801,1934-05-01 12:00:00,32.26,Approved,9.83,2392.74
320947110591801,1934-06-01 12:00:00,32.8,Approved,10.0,2392.2
320947110591801,1934-07-01 12:00:00,34.33,Approved,10.46,2390.67
320947110591801,1934-08-01 12:00:00,33.5,Approved,10.21,2391.5
320947110591801,1934-10-01 12:00:00,33.97,Approved,10.35,2391.03
320947110591801,1934-11-01 12:00:00,34.11,Approved,10.4,2390.89
320947110591801,1934-12-01 12:00:00,32.4,Approved,9.88,2392.6
320947110591801,1935-02-01 12:00:00,30.9,Approved,9.42,2394.1
320947110591801,1935-03-01 12:00:00,30.75,Approved,9.37,2394.25
320947110591801,1935-04-01 12:00:00,32.54,Approved,9.92,2392.46
320947110591801,1935-06-01 12:00:00,33.5,Approved,10.21,2391.5
320947110591801,1935-09-01 12:00:00,33.05,Approved,10.07,2391.95
320947110591801,1935-10-01 12:00:00,33.05,Approved,10.07,2391.95
320947110591801,1935-12-01 12:00:00,31.0,Approved,9.45,2394.0
320947110591801,1936-01-21 12:00:00,31.0,Approved,9.45,2394.0
320947110591801,1936-04-01 12:00:00,31.28,Approved,9.53,2393.72
320947110591801,1936-07-17 12:00:00,34.49,Approved,10.51,2390.51
320947110591801,1937-01-12 12:00:00,31.83,Approved,9.7,2393.17
320947110591801,1937-02-24 12:00:00,31.94,Approved,9.74,2393.06
320947110591801,1937-04-23 12:00:00,32.65,Approved,9.95,2392.35
320947110591801,1937-06-10 12:00:00,34.05,Approved,10.38,2390.95
320947110591801,1937-07-15 12:00:00,34.49,Approved,10.51,2390.51
320947110591801,1937-08-19 12:00:00,34.67,Approved,10.57,2390.33
320947110591801,1937-10-13 12:00:00,34.73,Approved,10.59,2390.27
320947110591801,1937-11-17 12:00:00,34.16,Approved,10.41,2390.84
320947110591801,1937-12-21 12:00:00,33.15,Approved,10.1,2391.85
320947110591801,1938-01-18 12:00:00,33.19,Approved,10.12,2391.81
320947110591801,1938-02-17 12:00:00,30.9,Approved,9.42,2394.1
320947110591801,1938-04-14 12:00:00,32.22,Approved,9.82,2392.78
320947110591801,1938-06-16 12:00:00,36.68,Approved,11.18,2388.32
320947110591801,1938-10-01 12:00:00,36.35,Approved,11.08,2388.65
320947110591801,1938-11-01 12:00:00,35.58,Approved,10.84,2389.42
320947110591801,1939-01-01 12:00:00,39.9,Approved,12.16,2385.1
320947110591801,1940-03-01 12:00:00,32.97,Approved,10.05,2392.03
320947110591801,1946-06-25 12:00:00,50.57,Approved,15.41,2374.43
320947110591801,1947-02-28 12:00:00,45.63,Approved,13.91,2379.37
320947110591801,1947-10-28 12:00:00,50.12,Approved,15.28,2374.88
320947110591801,1948-02-23 12:00:00,48.18,Approved,14.69,2376.82
320947110591801,1948-06-18 12:00:00,55.6,Approved,16.95,2369.4
320947110591801,1948-10-14 12:00:00,55.21,Approved,16.83,2369.79
320947110591801,1949-02-10 12:00:00,49.21,Approved,15.0,2375.79
320947110591801,1949-06-29 12:00:00,58.13,Approved,17.72,2366.87
320947110591801,1949-10-13 12:00:00,57.06,Approved,17.39,2367.94
320947110591801,1950-02-09 12:00:00,53.57,Approved,16.33,2371.43
320947110591801,1950-11-06 12:00:00,58.1,Approved,17.71,2366.9
320947110591801,1951-02-23 12:00:00,54.27,Approved,16.54,2370.73
320947110591801,1951-07-13 12:00:00,64.92,Approved,19.79,2360.08
320947110591801,1952-02-05 12:00:00,55.89,Approved,17.04,2369.11
320947110591801,1953-02-06 12:00:00,60.53,Approved,18.45,2364.47
320947110591801,1954-02-08 12:00:00,60.14,Approved,18.33,2364.86
320951110595001,1939-09-28 12:00:00,33.44,Approved,10.19,2391.56
320951110595001,1940-10-04 12:00:00,36.44,Approved,11.11,2388.56
320951110595001,1940-11-05 12:00:00,36.6,Approved,11.16,2388.4
320951110595001,1941-02-24 12:00:00,34.27,Approved,10.45,2390.73
320951110595001,1941-03-25 12:00:00,33.56,Approved,10.23,2391.44
320951110595001,1941-04-28 12:00:00,35.05,Approved,10.68,2389.95
320951110595001,1941-09-30 12:00:00,38.03,Approved,11.59,2386.97
320951110595001,1941-11-13 12:00:00,36.77,Approved,11.21,2388.23
320951110595001,1941-12-29 12:00:00,36.15,Approved,11.02,2388.85
320951110595001,1942-03-24 12:00:00,35.2,Approved,10.73,2389.8
320951110595001,1942-12-23 12:00:00,38.05,Approved,11.6,2386.95
320951110595001,1943-10-26 12:00:00,40.65,Approved,12.39,2384.35
320951110595001,1943-11-18 12:00:00,39.98,Approved,12.19,2385.02
320951110595001,1944-01-14 12:00:00,37.67,Approved,11.48,2387.33
320951110595001,1944-10-13 12:00:00,46.25,Approved,14.1,2378.75
320951110595001,1944-12-11 12:00:00,42.4,Approved,12.92,2382.6
320951110595001,1945-03-10 12:00:00,40.95,Approved,12.48,2384.05
320951110595001,1945-10-12 12:00:00,47.52,Approved,14.48,2377.48
320951110595001,1945-10-15 12:00:00,47.12,Approved,14.36,2377.88
320951110595001,1945-12-06 12:00:00,44.82,Approved,13.66,2380.18
320951110595001,1946-05-08 12:00:00,46.28,Approved,14.11,2378.72
320951110595001,1946-07-23 12:00:00,50.41,Approved,15.36,2374.59
320951110595001,1946-09-30 12:00:00,46.71,Approved,14.24,2378.29
320951110595001,1946-10-11 12:00:00,45.77,Approved,13.95,2379.23
320951110595001,1946-10-12 12:00:00,47.52,Approved,14.48,2377.48
320951110595001,1946-12-02 12:00:00,43.53,Approved,13.27,2381.47
320951110595001,1946-12-06 12:00:00,44.82,Approved,13.66,2380.18
320951110595001,1947-03-31 12:00:00,45.29,Approved,13.8,2379.71
320951110595001,1947-04-29 12:00:00,46.0,Approved,14.02,2379.0
320951110595001,1947-07-14 12:00:00,52.32,Approved,15.95,2372.68
320951110595001,1947-07-15 12:00:00,51.75,Approved,15.77,2373.25
320951110595001,1947-09-26 12:00:00,52.27,Approved,15.93,2372.73
320951110595001,1947-10-01 12:00:00,50.5,Approved,15.39,2374.5
320951110595001,1947-10-28 12:00:00,50.1,Approved,15.27,2374.9
320951110595001,1948-05-21 12:00:00,52.0,Approved,15.85,2373.0
320951110595001,1948-06-18 12:00:00,53.76,Approved,16.39,2371.24
320951110595001,1948-07-28 12:00:00,55.62,Approved,16.95,2369.38
320951110595001,1948-08-24 12:00:00,56.0,Approved,17.07,2369.0
320951110595001,1948-09-30 12:00:00,55.84,Approved,17.02,2369.16
320951110595001,1948-10-11 12:00:00,55.55,Approved,16.93,2369.45
320951110595001,1948-10-25 12:00:00,54.8,Approved,16.7,2370.2
320951110595001,1948-11-26 12:00:00,53.16,Approved,16.2,2371.84
320951110595001,1949-01-27 12:00:00,49.43,Approved,15.07,2375.57
320951110595001,1949-02-07 12:00:00,49.08,Approved,14.96,2375.92
320951110595001,1949-09-26 12:00:00,58.48,Approved,17.82,2366.52
320951110595001,1949-10-13 12:00:00,57.45,Approved,17.51,2367.55
320951110595001,1949-12-16 12:00:00,54.35,Approved,16.57,2370.65
320951110595001,1950-02-06 12:00:00,54.93,Approved,16.74,2370.07
320951110595001,1950-09-19 12:00:00,59.23,Approved,18.05,2365.77
320951110595001,1950-09-26 12:00:00,58.91,Approved,17.96,2366.09
320951110595001,1950-11-30 12:00:00,57.51,Approved,17.53,2367.49
320951110595001,1950-12-16 12:00:00,52.35,Approved,15.96,2372.65
320951110595001,1951-01-18 12:00:00,55.76,Approved,17.0,2369.24
320951110595001,1951-02-23 12:00:00,54.2,Approved,16.52,2370.8
320951110595001,1951-12-17 12:00:00,58.11,Approved,17.71,2366.89
320951110595001,1952-02-08 12:00:00,57.98,Approved,17.67,2367.02
320951110595001,1952-05-19 12:00:00,57.14,Approved,17.42,2367.86
320951110595001,1952-11-13 12:00:00,62.93,Approved,19.18,2362.07
320951110595001,1953-02-03 12:00:00,58.25,Approved,17.75,2366.75
320951110595001,1953-02-05 12:00:00,58.3,Approved,17.77,2366.7
320951110595001,1953-04-23 12:00:00,59.48,Approved,18.13,2365.52
320951110595001,1953-10-21 12:00:00,57.28,Approved,17.46,2367.72
320951110595001,1954-02-08 12:00:00,62.75,Approved,19.13,2362.25
320951110595001,1954-05-17 12:00:00,62.99,Approved,19.2,2362.01
320951110595001,1954-08-04 12:00:00,66.76,Approved,20.35,2358.24
320951110595001,1954-11-08 12:00:00,61.58,Approved,18.77,2363.42
320951110595001,1955-01-04 12:00:00,61.19,Approved,18.65,2363.81
320951110595001,1955-02-07 12:00:00,56.62,Approved,17.26,2368.38
320951110595001,1955-03-25 12:00:00,58.5,Approved,17.83,2366.5
320951110595001,1955-10-28 12:00:00,55.45,Approved,16.9,2369.55
320951110595001,1956-01-04 12:00:00,50.55,Approved,15.41,2374.45
320951110595001,1956-02-10 12:00:00,49.98,Approved,15.23,2375.02
320951110595001,1956-08-10 12:00:00,59.86,Approved,18.25,2365.14
320951110595001,1957-02-01 12:00:00,54.66,Approved,16.66,2370.34
320951110595001,1957-02-11 12:00:00,55.83,Approved,17.02,2369.17
320951110595001,1957-07-19 12:00:00,62.1,Approved,18.93,2362.9
320951110595001,1957-12-27 12:00:00,58.08,Approved,17.7,2366.92
320951110595001,1958-01-29 12:00:00,58.12,Approved,17.71,2366.88
320951110595001,1959-02-02 12:00:00,58.84,Approved,17.93,2366.16
320951110595001,1960-01-05 12:00:00,61.1,Approved,18.62,2363.9
320951110595001,1960-01-29 12:00:00,59.45,Approved,18.12,2365.55
320951110595001,1961-01-30 12:00:00,62.94,Approved,19.18,2362.06
320951110595001,1961-02-02 12:00:00,63.01,Approved,19.21,2361.99
320951110595001,1962-01-25 12:00:00,65.23,Approved,19.88,2359.77
320951110595001,1962-02-21 12:00:00,64.6,Approved,19.69,2360.4
320951110595001,1962-10-10 12:00:00,73.94,Approved,22.54,2351.06
320951110595001,1963-01-31 12:00:00,70.73,Approved,21.56,2354.27
320951110595001,1963-02-04 12:00:00,70.86,Approved,21.6,2354.14
320951110595001,1964-01-27 12:00:00,74.36,Approved,22.66,2350.64
320951110595001,1964-03-05 12:00:00,79.46,Approved,24.22,2345.54
320951110595001,1965-01-12 12:00:00,78.91,Approved,24.05,2346.09
320951110595001,1965-02-04 12:00:00,71.67,Approved,21.85,2353.33
320951110595001,1966-01-10 12:00:00,71.82,Approved,21.89,2353.18
320951110595001,1966-02-17 12:00:00,69.98,Approved,21.33,2355.02
320951110595001,1967-03-23 12:00:00,75.15,Approved,22.91,2349.85
320951110595001,1974-12-11 12:00:00,112.4,Approved,34.26,2312.6
320957110591801,1931-09-15 12:00:00,31.52,Approved,9.61,2393.48
320957110591801,1931-11-16 12:00:00,30.55,Approved,9.31,2394.45
320957110591801,1931-12-15 12:00:00,29.17,Approved,8.89,2395.83
320957110591801,1932-01-16 12:00:00,28.93,Approved,8.82,2396.07
320957110591801,1932-02-15 12:00:00,28.6,Approved,8.72,2396.4
320957110591801,1932-05-01 12:00:00,30.18,Approved,9.2,2394.82
320957110591801,1932-06-01 12:00:00,31.68,Approved,9.66,2393.32
320957110591801,1932-07-01 12:00:00,31.18,Approved,9.5,2393.82
320957110591801,1932-08-01 12:00:00,30.27,Approved,9.23,2394.73
320957110591801,1932-09-01 12:00:00,31.82,Approved,9.7,2393.18
320957110591801,1932-10-01 12:00:00,31.8,Approved,9.69,2393.2
320957110591801,1932-11-01 12:00:00,31.04,Approved,9.46,2393.96
320957110591801,1933-05-01 12:00:00,30.69,Approved,9.35,2394.31
320957110591801,1933-07-01 12:00:00,31.5,Approved,9.6,2393.5
320957110591801,1934-01-01 12:00:00,30.45,Approved,9.28,2394.55
320957110591801,1934-04-01 12:00:00,31.1,Approved,9.48,2393.9
320957110591801,1934-07-01 12:00:00,34.6,Approved,10.55,2390.4
320957110591801,1934-10-01 12:00:00,34.18,Approved,10.42,2390.82
320957110591801,1935-02-01 12:00:00,31.92,Approved,9.73,2393.08
320957110591801,1935-03-01 12:00:00,31.4,Approved,9.57,2393.6
320957110591801,1935-04-01 12:00:00,32.73,Approved,9.98,2392.27
320957110591801,1935-06-01 12:00:00,34.25,Approved,10.44,2390.75
320957110591801,1936-04-01 12:00:00,31.73,Approved,9.67,2393.27
320957110591801,1936-07-17 12:00:00,34.79,Approved,10.6,2390.21
320957110591801,1937-02-24 12:00:00,32.35,Approved,9.86,2392.65
320957110591801,1937-04-23 12:00:00,33.64,Approved,10.25,2391.36
320957110591801,1937-07-15 12:00:00,34.78,Approved,10.6,2390.22
320957110591801,1937-08-19 12:00:00,34.75,Approved,10.59,2390.25
320957110591801,1937-09-16 12:00:00,36.75,Approved,11.2,2388.25
320957110591801,1937-10-13 12:00:00,35.38,Approved,10.78,2389.62
320957110591801,1937-11-17 12:00:00,35.0,Approved,10.67,2390.0
320957110591801,1937-12-21 12:00:00,34.24,Approved,10.44,2390.76
320957110591801,1938-01-18 12:00:00,34.5,Approved,10.52,2390.5
320957110591801,1938-02-17 12:00:00,34.01,Approved,10.37,2390.99
320957110591801,1938-03-16 12:00:00,33.91,Approved,10.34,2391.09
320957110591801,1938-04-14 12:00:00,34.18,Approved,10.42,2390.82
320957110591801,1938-05-16 12:00:00,36.21,Approved,11.04,2388.79
320957110591801,1940-03-01 12:00:00,34.0,Approved,10.36,2391.0
320957110591801,1940-10-01 12:00:00,36.76,Approved,11.2,2388.24
320957110591801,1941-01-01 12:00:00,34.4,Approved,10.49,2390.6
320957110591801,1949-10-13 12:00:00,57.51,Approved,17.53,2367.49
320957110591801,1950-02-09 12:00:00,54.45,Approved,16.6,2370.55
320957110591801,1952-02-05 12:00:00,56.55,Approved,17.24,2368.45
320957110591801,1954-02-09 12:00:00,62.61,Approved,19.08,2362.39
320957110591801,1955-02-10 12:00:00,56.48,Approved,17.22,2368.52
320957110591801,1956-02-15 12:00:00,49.82,Approved,15.19,2375.18
320957110591801,1957-02-07 12:00:00,55.64,Approved,16.96,2369.36
320957110591801,1958-01-28 12:00:00,57.66,Approved,17.57,2367.34
320957110591801,1959-01-30 12:00:00,58.07,Approved,17.7,2366.93
320957110591801,1960-01-01 12:00:00,58.82,Approved,17.93,2366.18
320957110591801,1961-01-27 12:00:00,62.68,Approved,19.1,2362.32
320957110591801,1962-01-24 12:00:00,64.66,Approved,19.71,2360.34
320957110591801,1963-01-28 12:00:00,68.35,Approved,20.83,2356.65
320957110591801,1964-01-27 12:00:00,72.99,Approved,22.25,2352.01
320957110591801,1965-02-02 12:00:00,71.25,Approved,21.72,2353.75
320957110591801,1965-06-09 12:00:00,75.9,Approved,23.13,2349.1
320957110591801,1965-08-13 12:00:00,79.3,Approved,24.17,2345.7
320957110591801,1965-09-27 12:00:00,79.0,Approved,24.08,2346.0
320957110591801,1965-10-15 12:00:00,79.0,Approved,24.08,2346.0
320957110591801,1965-12-15 12:00:00,75.5,Approved,23.01,2349.5
320957110591801,1966-01-15 12:00:00,72.0,Approved,21.95,2353.0
320957110591801,1966-03-04 12:00:00,69.0,Approved,21.03,2356.0
320957110591801,1966-03-17 12:00:00,70.0,Approved,21.34,2355.0
320957110591801,1967-01-05 12:00:00,70.0,Approved,21.34,2355.0
320957110591801,1967-02-01 12:00:00,69.2,Approved,21.09,2355.8
320957110591801,1967-07-20 12:00:00,76.9,Approved,23.44,2348.1
320957110591801,1967-08-28 12:00:00,75.8,Approved,23.1,2349.2
320957110591801,1967-09-01 12:00:00,78.3,Approved,23.87,2346.7
320957110591801,1967-10-25 12:00:00,79.0,Approved,24.08,2346.0
320957110591801,1968-02-02 12:00:00,76.48,Approved,23.31,2348.52
320957110591801,1969-02-14 12:00:00,75.57,Approved,23.03,2349.43
320957110591801,1970-04-23 12:00:00,83.75,Approved,25.53,2341.25
320957110591801,1982-01-05 12:00:00,134.9,Approved,41.12,2290.1
320957110591801,1982-12-01 12:00:00,141.3,Approved,43.07,2283.7
320957110591801,1984-01-09 12:00:00,126.7,Approved,38.62,2298.3
320957110591801,1985-01-08 12:00:00,111.2,Approved,33.89,2313.8
320957110591801,1985-12-30 12:00:00,110.9,Approved,33.8,2314.1
320957110591801,1987-01-02 12:00:00,110.0,Approved,33.53,2315.0
320957110591801,1987-12-30 12:00:00,115.0,Approved,35.05,2310.0
320957110591801,1989-01-09 12:00:00,124.1,Approved,37.83,2300.9
320957110591801,1990-12-28 12:00:00,130.77,Approved,39.86,2294.23
320957110591801,1991-12-23 12:00:00,134.91,Approved,41.12,2290.09
321003110592101,1931-05-15 12:00:00,28.58,Approved,8.71,2292.42
321003110592101,1931-09-15 12:00:00,28.08,Approved,8.56,2292.92
321003110592101,1931-11-16 12:00:00,27.26,Approved,8.31,2293.74
321003110592101,1932-04-01 12:00:00,25.23,Approved,7.69,2295.77
321003110592101,1932-05-01 12:00:00,26.07,Approved,7.95,2294.93
321003110592101,1932-06-01 12:00:00,27.23,Approved,8.3,2293.77
321003110592101,1932-08-01 12:00:00,25.34,Approved,7.72,2295.66
321003110592101,1932-09-01 12:00:00,26.52,Approved,8.08,2294.48
321003110592101,1932-11-01 12:00:00,26.4,Approved,8.05,2294.6
321003110592101,1932-12-01 12:00:00,25.93,Approved,7.9,2295.07
321003110592101,1933-03-01 12:00:00,28.65,Approved,8.73,2292.35
321003110592101,1933-07-01 12:00:00,27.63,Approved,8.42,2293.37
321003110592101,1934-01-01 12:00:00,22.35,Approved,6.81,2298.65
321003110592101,1934-02-01 12:00:00,23.25,Approved,7.09,2297.75
321003110592101,1934-03-01 12:00:00,24.16,Approved,7.36,2296.84
321003110592101,1934-04-01 12:00:00,23.13,Approved,7.05,2297.87
321003110592101,1934-06-01 12:00:00,25.34,Approved,7.72,2295.66
321003110592101,1934-07-01 12:00:00,26.73,Approved,8.15,2294.27
321003110592101,1934-10-01 12:00:00,26.1,Approved,7.96,2294.9
321003110592101,1935-01-01 12:00:00,23.73,Approved,7.23,2297.27
321003110592101,1935-04-01 12:00:00,24.76,Approved,7.55,2296.24
321003110592101,1936-04-01 12:00:00,28.84,Approved,8.79,2292.16
321003110592101,1937-06-10 12:00:00,32.48,Approved,9.9,2288.52
321003110592101,1937-07-15 12:00:00,32.24,Approved,9.83,2288.76
321003110592101,1937-08-19 12:00:00,31.75,Approved,9.68,2289.25
321003110592101,1937-09-16 12:00:00,32.17,Approved,9.81,2288.83
321003110592101,1937-10-13 12:00:00,32.07,Approved,9.77,2288.93
321003110592101,1937-11-17 12:00:00,32.03,Approved,9.76,2288.97
321003110592101,1937-12-21 12:00:00,30.73,Approved,9.37,2290.27
321003110592101,1938-01-18 12:00:00,31.21,Approved,9.51,2289.79
321003110592101,1938-02-17 12:00:00,30.55,Approved,9.31,2290.45
321003110592101,1938-03-16 12:00:00,30.5,Approved,9.3,2290.5
321003110592101,1938-04-14 12:00:00,30.87,Approved,9.41,2290.13
321003110592101,1938-05-16 12:00:00,33.0,Approved,10.06,2288.0
321003110592101,1938-08-18 12:00:00,33.63,Approved,10.25,2287.37
321003110592101,1938-10-01 12:00:00,33.69,Approved,10.27,2287.31
321003110592101,1938-11-01 12:00:00,33.64,Approved,10.25,2287.36
321003110592101,1938-12-01 12:00:00,33.25,Approved,10.13,2287.75
321003110592101,1939-01-01 12:00:00,32.0,Approved,9.75,2289.0
321003110592101,1939-02-01 12:00:00,30.71,Approved,9.36,2290.29
321003110592101,1940-03-01 12:00:00,31.75,Approved,9.68,2289.25
321003110592101,1940-10-01 12:00:00,34.25,Approved,10.44,2286.75
321003110592101,1941-01-01 12:00:00,31.9,Approved,9.72,2289.1
321003110592101,1949-10-13 12:00:00,57.22,Approved,17.44,2263.78
321003110592101,1950-02-10 12:00:00,50.36,Approved,15.35,2270.64
321003110592101,1952-02-06 12:00:00,51.25,Approved,15.62,2269.75
321003110592101,1953-02-05 12:00:00,55.0,Approved,16.76,2266.0
321003110592101,1954-02-11 12:00:00,55.54,Approved,16.93,2265.46
321003110592101,1955-02-10 12:00:00,52.05,Approved,15.86,2268.95
321003110592101,1956-02-01 12:00:00,45.25,Approved,13.79,2275.75
321003110592101,1957-02-07 12:00:00,51.37,Approved,15.66,2269.63
321003110592101,1958-01-28 12:00:00,52.98,Approved,16.15,2268.02
321003110592101,1959-01-30 12:00:00,53.55,Approved,16.32,2267.45
321003110592101,1960-01-29 12:00:00,53.19,Approved,16.21,2267.81
321003110592101,1961-01-27 12:00:00,61.16,Approved,18.64,2259.84
321003110592101,1962-01-24 12:00:00,59.98,Approved,18.28,2261.02
321003110592101,1963-01-28 12:00:00,63.67,Approved,19.41,2257.33
321003110592101,1964-01-27 12:00:00,67.98,Approved,20.72,2253.02
321003110592101,1965-02-02 12:00:00,66.88,Approved,20.39,2254.12
321003110592101,1965-06-09 12:00:00,72.3,Approved,22.04,2248.7
321003110592101,1965-10-29 12:00:00,75.0,Approved,22.86,2246.0
321003110592101,1968-02-02 12:00:00,72.75,Approved,22.17,2248.25
321003110592101,1969-02-01 12:00:00,73.14,Approved,22.29,2247.86
321003110592101,1970-04-23 12:00:00,80.98,Approved,24.68,2240.02
321003110592101,1982-01-05 12:00:00,133.3,Approved,40.63,2187.7
321003110592101,1982-12-01 12:00:00,139.9,Approved,42.64,2181.1
321003110592101,1984-01-09 12:00:00,125.5,Approved,38.25,2195.5
321003110592101,1985-01-08 12:00:00,110.2,Approved,33.59,2210.8
321003110592101,1985-12-30 12:00:00,110.0,Approved,33.53,2211.0
321003110592101,1987-01-02 12:00:00,110.2,Approved,33.59,2210.8
321003110592101,1987-12-30 12:00:00,114.1,Approved,34.78,2206.9
321003110592101,1989-01-09 12:00:00,122.9,Approved,37.46,2198.1
321003110592101,1990-12-28 12:00:00,129.83,Approved,39.57,2191.17
321003110592101,1991-12-31 12:00:00,135.99,Approved,41.45,2185.01
321003110592101,1995-02-02 12:00:00,144.51,Approved,44.05,2176.49
321003110592101,1996-12-13 12:00:00,166.0,Approved,50.6,2155.0
321003110592101,1999-02-02 12:00:00,170.0,Approved,51.82,2151.0
321003110592101,1999-12-22 12:00:00,180.0,Approved,54.86,2141.0
321008110592001,1931-03-16 12:00:00,30.0,Approved,9.14,2380.0
321008110592001,1931-04-15 12:00:00,31.17,Approved,9.5,2378.83
321008110592001,1931-06-16 12:00:00,32.58,Approved,9.93,2377.42
321008110592001,1931-07-15 12:00:00,32.92,Approved,10.03,2377.08
321008110592001,1931-09-15 12:00:00,30.15,Approved,9.19,2379.85
321008110592001,1931-11-16 12:00:00,29.65,Approved,9.04,2380.35
321008110592001,1932-01-16 12:00:00,27.92,Approved,8.51,2382.08
321008110592001,1932-02-15 12:00:00,27.55,Approved,8.4,2382.45
321008110592001,1932-07-01 12:00:00,29.35,Approved,8.95,2380.65
321008110592001,1932-11-01 12:00:00,30.15,Approved,9.19,2379.85
321008110592001,1934-01-01 12:00:00,28.92,Approved,8.81,2381.08
321008110592001,1934-03-01 12:00:00,30.28,Approved,9.23,2379.72
321008110592001,1934-04-01 12:00:00,29.75,Approved,9.07,2380.25
321008110592001,1934-05-01 12:00:00,30.61,Approved,9.33,2379.39
321008110592001,1934-06-01 12:00:00,31.73,Approved,9.67,2378.27
321008110592001,1934-09-01 12:00:00,32.36,Approved,9.86,2377.64
321008110592001,1935-01-01 12:00:00,30.37,Approved,9.26,2379.63
321008110592001,1935-03-01 12:00:00,30.08,Approved,9.17,2379.92
321008110592001,1935-08-01 12:00:00,31.04,Approved,9.46,2378.96
321008110592001,1935-09-01 12:00:00,31.49,Approved,9.6,2378.51
321008110592001,1935-10-01 12:00:00,31.41,Approved,9.57,2378.59
321008110592001,1935-12-01 12:00:00,30.18,Approved,9.2,2379.82
321008110592001,1936-01-21 12:00:00,30.18,Approved,9.2,2379.82
321008110592001,1936-04-01 12:00:00,30.63,Approved,9.34,2379.37
321008110592001,1937-02-24 12:00:00,31.48,Approved,9.6,2378.52
321008110592001,1937-04-23 12:00:00,32.75,Approved,9.98,2377.25
321008110592001,1937-06-10 12:00:00,32.5,Approved,9.91,2377.5
321008110592001,1937-07-15 12:00:00,33.55,Approved,10.23,2376.45
321008110592001,1937-08-19 12:00:00,34.29,Approved,10.45,2375.71
321008110592001,1937-10-13 12:00:00,34.07,Approved,10.38,2375.93
321008110592001,1937-11-17 12:00:00,34.3,Approved,10.45,2375.7
321008110592001,1937-12-21 12:00:00,33.24,Approved,10.13,2376.76
321008110592001,1938-01-18 12:00:00,33.24,Approved,10.13,2376.76
321008110592001,1938-02-17 12:00:00,32.35,Approved,9.86,2377.65
321008110592001,1938-03-16 12:00:00,32.76,Approved,9.99,2377.24
321008110592001,1938-04-14 12:00:00,33.16,Approved,10.11,2376.84
321008110592001,1938-05-16 12:00:00,34.78,Approved,10.6,2375.22
321008110592001,1938-08-18 12:00:00,30.58,Approved,9.32,2379.42
321008110592001,1938-10-01 12:00:00,36.28,Approved,11.06,2373.72
321008110592001,1938-12-01 12:00:00,35.47,Approved,10.81,2374.53
321008110592001,1939-01-01 12:00:00,33.93,Approved,10.34,2376.07
321008110592001,1939-02-01 12:00:00,33.08,Approved,10.08,2376.92
321008110592001,1940-03-01 12:00:00,32.26,Approved,9.83,2377.74
321008110592001,1940-10-01 12:00:00,35.63,Approved,10.86,2374.37
321008110592001,1941-01-01 12:00:00,33.1,Approved,10.09,2376.9
321008110592001,1947-02-28 12:00:00,44.56,Approved,13.58,2365.44
321008110592001,1947-10-28 12:00:00,49.02,Approved,14.94,2360.98
321008110592001,1950-02-10 12:00:00,53.01,Approved,16.16,2356.99
321008110592001,1952-02-05 12:00:00,53.96,Approved,16.45,2356.04
321008110592001,1953-02-05 12:00:00,55.53,Approved,16.93,2354.47
321008110592001,1954-02-11 12:00:00,57.56,Approved,17.54,2352.44
321008110592001,1955-02-10 12:00:00,54.4,Approved,16.58,2355.6
321008110592001,1956-02-10 12:00:00,47.45,Approved,14.46,2362.55
321008110592001,1957-02-07 12:00:00,53.56,Approved,16.33,2356.44
321008110592001,1958-01-28 12:00:00,55.11,Approved,16.8,2354.89
321008110592001,1959-01-30 12:00:00,55.6,Approved,16.95,2354.4
321008110592001,1960-02-01 12:00:00,56.0,Approved,17.07,2354.0
321008110592001,1961-01-27 12:00:00,60.08,Approved,18.31,2349.92
321008110592001,1962-01-24 12:00:00,62.14,Approved,18.94,2347.86
321008110592001,1963-01-28 12:00:00,66.07,Approved,20.14,2343.93
321008110592001,1964-01-27 12:00:00,70.02,Approved,21.34,2339.98
321008110592001,1965-02-02 12:00:00,69.03,Approved,21.04,2340.97
321008110592001,1965-06-09 12:00:00,71.7,Approved,21.85,2338.3
321008110592001,1965-07-15 12:00:00,74.8,Approved,22.8,2335.2
321008110592001,1965-08-10 12:00:00,75.8,Approved,23.1,2334.2
321008110592001,1965-09-21 12:00:00,74.0,Approved,22.56,2336.0
321008110592001,1965-10-15 12:00:00,75.4,Approved,22.98,2334.6
321008110592001,1965-12-15 12:00:00,72.5,Approved,22.1,2337.5
321008110592001,1966-01-15 12:00:00,72.5,Approved,22.1,2337.5
321008110592001,1966-04-19 12:00:00,69.0,Approved,21.03,2341.0
321008110592001,1967-08-28 12:00:00,72.2,Approved,22.01,2337.8
321008110592001,1967-09-01 12:00:00,72.4,Approved,22.07,2337.6
321008110592001,1967-10-25 12:00:00,70.1,Approved,21.37,2339.9
321008110592001,1967-11-20 12:00:00,72.5,Approved,22.1,2337.5
321008110592001,1967-12-20 12:00:00,70.3,Approved,21.43,2339.7
321008110592001,1968-01-18 12:00:00,68.5,Approved,20.88,2341.5
321008110592001,1968-02-02 12:00:00,75.36,Approved,22.97,2334.64
321008110592001,1968-02-16 12:00:00,67.8,Approved,20.67,2342.2
321008110592001,1968-03-01 12:00:00,66.3,Approved,20.21,2343.7
321008110592001,1968-04-11 12:00:00,67.7,Approved,20.63,2342.3
321008110592001,1968-05-16 12:00:00,69.5,Approved,21.18,2340.5
321008110592001,1968-06-17 12:00:00,70.3,Approved,21.43,2339.7
321008110592001,1970-04-23 12:00:00,79.52,Approved,24.24,2330.48
321008110592001,1982-01-05 12:00:00,130.95,Approved,39.91,2279.05
321008110592001,1984-01-09 12:00:00,124.0,Approved,37.8,2286.0
321008110592001,1985-01-08 12:00:00,109.2,Approved,33.28,2300.8
321008110592001,1985-12-30 12:00:00,108.7,Approved,33.13,2301.3
321008110592001,1987-01-02 12:00:00,108.3,Approved,33.01,2301.7
321008110592001,1987-12-30 12:00:00,113.0,Approved,34.44,2297.0
321008110592001,1989-01-09 12:00:00,121.2,Approved,36.94,2288.8
321008110592001,1990-12-28 12:00:00,128.68,Approved,39.22,2281.32
321008110592001,1991-12-23 12:00:00,132.86,Approved,40.5,2277.14
321017110595001,1930-12-08 12:00:00,29.33,Approved,8.94,2385.67
321017110595001,1931-02-07 12:00:00,28.44,Approved,8.67,2386.56
321017110595001,1931-03-06 12:00:00,27.52,Approved,8.39,2387.48
321017110595001,1932-01-19 12:00:00,24.84,Approved,7.57,2390.16
321017110595001,1932-02-24 12:00:00,24.62,Approved,7.5,2390.38
321017110595001,1932-08-01 12:00:00,26.7,Approved,8.14,2388.3
321017110595001,1932-09-01 12:00:00,27.16,Approved,8.28,2387.84
321017110595001,1932-10-01 12:00:00,27.24,Approved,8.3,2387.76
321017110595001,1932-11-01 12:00:00,26.85,Approved,8.18,2388.15
321017110595001,1932-12-01 12:00:00,26.28,Approved,8.01,2388.72
321017110595001,1933-01-01 12:00:00,25.38,Approved,7.74,2389.62
321017110595001,1934-09-01 12:00:00,29.68,Approved,9.05,2385.32
321017110595001,1934-11-01 12:00:00,29.97,Approved,9.13,2385.03
321017110595001,1934-12-01 12:00:00,29.17,Approved,8.89,2385.83
321017110595001,1935-01-01 12:00:00,28.28,Approved,8.62,2386.72
321017110595001,1935-09-01 12:00:00,32.84,Approved,10.01,2382.16
321017110595001,1935-12-01 12:00:00,27.61,Approved,8.42,2387.39
321017110595001,1936-02-05 12:00:00,27.51,Approved,8.39,2387.49
321017110595001,1936-04-01 12:00:00,27.86,Approved,8.49,2387.14
321017110595001,1937-02-24 12:00:00,28.63,Approved,8.73,2386.37
321017110595001,1937-09-01 12:00:00,31.65,Approved,9.65,2383.35
321017110595001,1937-10-13 12:00:00,31.82,Approved,9.7,2383.18
321017110595001,1937-11-17 12:00:00,31.91,Approved,9.73,2383.09
321017110595001,1937-12-21 12:00:00,31.8,Approved,9.69,2383.2
321017110595001,1938-01-18 12:00:00,30.89,Approved,9.42,2384.11
321017110595001,1938-03-16 12:00:00,30.1,Approved,9.17,2384.9
321017110595001,1938-04-14 12:00:00,30.76,Approved,9.38,2384.24
321017110595001,1938-05-16 12:00:00,32.2,Approved,9.81,2382.8
321017110595001,1938-10-01 12:00:00,34.23,Approved,10.43,2380.77
321017110595001,1938-11-01 12:00:00,33.38,Approved,10.17,2381.62
321017110595001,1938-12-01 12:00:00,33.3,Approved,10.15,2381.7
321017110595001,1939-01-01 12:00:00,31.9,Approved,9.72,2383.1
321017110595001,1939-02-01 12:00:00,31.0,Approved,9.45,2384.0
321017110595001,1939-09-01 12:00:00,33.93,Approved,10.34,2381.07
321017110595001,1939-11-01 12:00:00,32.31,Approved,9.85,2382.69
321017110595001,1940-02-01 12:00:00,31.16,Approved,9.5,2383.84
321017110595001,1940-03-01 12:00:00,30.42,Approved,9.27,2384.58
321017110595001,1940-07-01 12:00:00,34.1,Approved,10.39,2380.9
321017110595001,1940-10-01 12:00:00,34.08,Approved,10.39,2380.92
321017110595001,1941-01-01 12:00:00,31.57,Approved,9.62,2383.43
321017110595001,1941-03-01 12:00:00,30.0,Approved,9.14,2385.0
321017110595001,1941-06-16 12:00:00,32.82,Approved,10.0,2382.18
321017110595001,1942-02-26 12:00:00,32.19,Approved,9.81,2382.81
321017110595001,1942-10-20 12:00:00,38.01,Approved,11.59,2376.99
321017110595001,1952-02-05 12:00:00,52.15,Approved,15.9,2362.85
321017110595001,1953-02-05 12:00:00,54.95,Approved,16.75,2360.05
321017110595001,1954-02-09 12:00:00,57.63,Approved,17.57,2357.37
321017110595001,1955-02-07 12:00:00,52.28,Approved,15.93,2362.72
321017110595001,1956-02-10 12:00:00,47.28,Approved,14.41,2367.72
321017110595001,1957-02-11 12:00:00,52.86,Approved,16.11,2362.14
321017110595001,1958-01-29 12:00:00,53.76,Approved,16.39,2361.24
321017110595001,1959-02-02 12:00:00,54.27,Approved,16.54,2360.73
321017110595001,1960-01-29 12:00:00,58.47,Approved,17.82,2356.53
321017110595001,1961-01-31 12:00:00,58.44,Approved,17.81,2356.56
321017110595001,1962-01-30 12:00:00,59.45,Approved,18.12,2355.55
321017110595001,1963-02-04 12:00:00,63.4,Approved,19.32,2351.6
321017110595001,1964-01-29 12:00:00,67.5,Approved,20.57,2347.5
321017110595001,1965-02-04 12:00:00,65.1,Approved,19.84,2349.9
321017110595001,1967-01-26 12:00:00,62.15,Approved,18.94,2352.85
321017110595001,1970-02-09 12:00:00,75.9,Approved,23.13,2339.1
321017110595001,1981-12-30 12:00:00,130.5,Approved,39.78,2284.5
321017110595001,1987-11-30 12:00:00,113.2,Approved,34.5,2301.8
321028111100301,1985-04-09 12:00:00,394.4,Approved,120.21,1982.6
321028111100301,1985-04-12 12:00:00,393.1,Approved,119.82,1983.9
321028111100301,1985-10-02 12:00:00,390.8,Approved,119.12,1986.2
321028111100301,1985-10-28 12:00:00,390.9,Approved,119.15,1986.1
321028111100301,1985-11-26 12:00:00,389.4,Approved,118.69,1987.6
321028111100301,1986-01-13 12:00:00,390.0,Approved,118.87,1987.0
321028111100301,1989-01-18 23:00:00,401.9,Approved,122.5,1975.1
321028111100301,1989-04-05 21:10:00,400.3,Approved,122.01,1976.7
321028111100301,1989-05-04 21:20:00,400.3,Approved,122.01,1976.7
321028111100301,1989-06-05 20:00:00,400.6,Approved,122.1,1976.4
321028111100301,1989-07-06 20:00:00,400.7,Approved,122.13,1976.3
321028111100301,1989-08-08 17:30:00,400.9,Approved,122.19,1976.1
321028111100301,1989-08-30 20:30:00,401.0,Approved,122.22,1976.0
321028111100301,1989-09-28 21:52:00,401.3,Approved,122.32,1975.7
321028111100301,1989-10-27 18:28:00,401.4,Approved,122.35,1975.6
321028111100301,1989-11-21 22:39:00,401.4,Approved,122.35,1975.6
321028111100301,1989-12-19 20:10:00,402.2,Approved,122.59,1974.8
321028111100301,1990-01-18 23:00:00,401.9,Approved,122.5,1975.1
321028111100301,1990-02-28 22:00:00,402.2,Approved,122.59,1974.8
321028111100301,1990-03-29 21:30:00,402.6,Approved,122.71,1974.4
321028111100301,1990-05-01 21:40:00,402.7,Approved,122.74,1974.3
321028111100301,1990-06-05 16:30:00,402.7,Approved,122.74,1974.3
321028111100301,1990-07-04 21:00:00,402.7,Approved,122.74,1974.3
321028111100301,1990-08-03 17:45:00,403.1,Approved,122.86,1973.9
321028111100301,1990-09-04 17:20:00,403.3,Approved,122.93,1973.7
321028111100301,1990-09-28 23:30:00,403.2,Approved,122.9,1973.8
321028111100301,1990-10-31 21:00:00,403.5,Approved,122.99,1973.5
321028111100301,1990-11-30 20:15:00,403.7,Approved,123.05,1973.3
321028111100301,1991-01-02 18:50:00,403.9,Approved,123.11,1973.1
321028111100301,1991-02-02 19:20:00,403.9,Approved,123.11,1973.1
321028111100301,1991-03-06 18:30:00,403.9,Approved,123.11,1973.1
321028111100301,1991-05-02 22:15:00,403.9,Approved,123.11,1973.1
321028111100301,1991-06-04 21:30:00,403.85,Approved,123.09,1973.15
321028111100301,1991-07-01 20:15:00,404.09,Approved,123.17,1972.91
321028111100301,1991-07-31 02:00:00,403.95,Approved,123.12,1973.05
321028111100301,1991-08-28 22:00:00,404.4,Approved,123.26,1972.6
321028111100301,1991-09-25 20:00:00,404.5,Approved,123.29,1972.5
321028111100301,1991-10-22 21:45:00,404.6,Approved,123.32,1972.4
321028111100301,1991-11-13 23:00:00,404.5,Approved,123.29,1972.5
321028111100301,1991-12-10 23:30:00,404.5,Approved,123.29,1972.5
321028111100301,1992-01-07 22:30:00,404.7,Approved,123.35,1972.3
321028111100301,1992-02-05 23:30:00,404.5,Approved,123.29,1972.5
321028111100301,1992-03-04 22:15:00,405.2,Approved,123.5,1971.8
321028111100301,1992-04-02 21:15:00,405.5,Approved,123.6,1971.5
321028111100301,1992-04-30 22:10:00,405.3,Approved,123.54,1971.7
321028111100301,1992-05-27 21:25:00,406.1,Approved,123.78,1970.9
321028111100301,1992-06-25 22:05:00,405.6,Approved,123.63,1971.4
321028111100301,1992-07-22 16:00:00,405.9,Approved,123.72,1971.1
321028111100301,1992-08-18 22:10:00,405.9,Approved,123.72,1971.1
321028111100301,1992-09-15 22:15:00,406.0,Approved,123.75,1971.0
321028111100301,1992-10-16 21:10:00,406.2,Approved,123.81,1970.8
321028111100301,1992-11-16 22:00:00,406.3,Approved,123.84,1970.7
321028111100301,1992-12-08 23:00:00,406.7,Approved,123.96,1970.3
321028111100301,1993-01-07 21:45:00,406.6,Approved,123.93,1970.4
321028111100301,1993-02-01 23:15:00,406.6,Approved,123.93,1970.4
321028111100301,1993-03-05 16:00:00,407.3,Approved,124.15,1969.7
321028111100301,1993-04-05 15:45:00,407.3,Approved,124.15,1969.7
321028111100301,1993-04-30 21:40:00,407.2,Approved,124.11,1969.8
321028111100301,1993-05-27 22:10:00,407.5,Approved,124.21,1969.5
321028111100301,1993-06-22 17:45:00,407.8,Approved,124.3,1969.2
321028111100301,1993-07-19 19:15:00,407.9,Approved,124.33,1969.1
321028111100301,1993-08-16 18:23:00,408.1,Approved,124.39,1968.9
321028111100301,1993-09-17 20:20:00,407.9,Approved,124.33,1969.1
321028111100301,1993-10-12 23:40:00,407.8,Approved,124.3,1969.2
321028111100301,1993-11-12 18:35:00,408.3,Approved,124.45,1968.7
321028111100301,1993-12-13 18:33:00,408.4,Approved,124.48,1968.6
321028111100301,1994-01-07 20:40:00,408.4,Approved,124.48,1968.6
321028111100301,1994-02-03 19:45:00,408.4,Approved,124.48,1968.6
321028111100301,1994-03-18 16:00:00,407.5,Approved,124.21,1969.5
321028111100301,1994-04-05 17:00:00,407.3,Approved,124.15,1969.7
321028111100301,1994-04-28 19:30:00,407.3,Approved,124.15,1969.7
321028111100301,1994-05-27 19:10:00,407.4,Approved,124.18,1969.6
321028111100301,1994-06-17 19:40:00,407.4,Approved,124.18,1969.6
321028111100301,1994-07-15 18:45:00,407.6,Approved,124.24,1969.4
321058110563301,1964-12-31 12:00:00,140.0,Approved,42.67,2362.0
321058110563301,1983-01-01 12:00:00,200.2,Approved,61.02,2301.8
321058110563301,1984-12-06 12:00:00,201.0,Approved,61.26,2301.0
321058110563301,1986-01-09 12:00:00,200.0,Approved,60.96,2302.0
321058110563301,1986-09-25 18:40:00,199.02,Approved,60.66,2302.98
321058110563301,1986-10-27 17:55:00,197.08,Approved,60.07,2304.92
321058110563301,1986-11-24 18:40:00,196.46,Approved,59.88,2305.54
321058110563301,1986-12-22 23:10:00,195.7,Approved,59.65,2306.3
321058110563301,1987-01-22 19:25:00,198.5,Approved,60.5,2303.5
321058110563301,1987-02-23 20:10:00,199.1,Approved,60.69,2302.9
321058110563301,1987-03-26 20:45:00,199.7,Approved,60.87,2302.3
321058110563301,1987-04-23 18:30:00,200.2,Approved,61.02,2301.8
321058110563301,1987-05-18 19:40:00,200.6,Approved,61.14,2301.4
321058110563301,1987-06-22 17:45:00,201.5,Approved,61.42,2300.5
321058110563301,1987-07-22 19:25:00,202.2,Approved,61.63,2299.8
321058110563301,1987-08-20 18:40:00,203.0,Approved,61.87,2299.0
321058110563301,1987-09-23 21:00:00,203.6,Approved,62.06,2298.4
321058110563301,1987-10-22 21:25:00,204.1,Approved,62.21,2297.9
321058110563301,1987-11-20 17:09:00,204.2,Approved,62.24,2297.8
321058110563301,1987-12-15 17:20:00,202.0,Approved,61.57,2300.0
321058110563301,1988-01-20 17:24:00,200.7,Approved,61.17,2301.3
321058110563301,1988-02-19 18:13:00,199.8,Approved,60.9,2302.2
321058110563301,1988-03-23 18:35:00,199.1,Approved,60.69,2302.9
321058110563301,1988-04-23 21:25:00,200.6,Approved,61.14,2301.4
321058110563301,1988-05-17 16:20:00,201.3,Approved,61.36,2300.7
321058110563301,1988-06-17 17:55:00,202.7,Approved,61.78,2299.3
321058110563301,1988-07-18 17:35:00,203.4,Approved,62.0,2298.6
321058110563301,1988-08-20 23:40:00,203.6,Approved,62.06,2298.4
321058110563301,1988-09-16 17:28:00,203.6,Approved,62.06,2298.4
321058110563301,1988-10-18 19:55:00,203.6,Approved,62.06,2298.4
321058110563301,1988-11-04 20:27:00,203.5,Approved,62.03,2298.5
321058110563301,1988-12-06 18:40:00,203.0,Approved,61.87,2299.0
321058110563301,1989-01-05 21:57:00,203.0,Approved,61.87,2299.0
321058110563301,1989-02-03 21:52:00,204.9,Approved,62.45,2297.1
321058110563301,1989-03-06 18:55:00,206.1,Approved,62.82,2295.9
321058110563301,1989-04-04 18:45:00,206.5,Approved,62.94,2295.5
321058110563301,1989-05-05 16:45:00,207.9,Approved,63.37,2294.1
321058110563301,1989-06-06 15:45:00,208.1,Approved,63.43,2293.9
321058110563301,1989-07-07 15:30:00,208.6,Approved,63.58,2293.4
321058110563301,1989-08-09 17:30:00,208.9,Approved,63.67,2293.1
321058110563301,1989-08-30 23:04:00,208.4,Approved,63.52,2293.6
321058110563301,1989-09-26 19:04:00,209.0,Approved,63.7,2293.0
321058110563301,1989-10-27 19:45:00,207.7,Approved,63.31,2294.3
321058110563301,1989-11-27 19:30:00,209.3,Approved,63.79,2292.7
321058110563301,1989-12-21 18:30:00,209.5,Approved,63.86,2292.5
321058110563301,1990-01-17 17:30:00,210.6,Approved,64.19,2291.4
321058110563301,1990-02-27 16:00:00,209.9,Approved,63.98,2292.1
321058110563301,1990-03-30 16:00:00,209.9,Approved,63.98,2292.1
321058110563301,1990-05-02 21:00:00,209.8,Approved,63.95,2292.2
321058110563301,1990-06-01 17:00:00,210.0,Approved,64.01,2292.0
321058110563301,1990-07-03 20:15:00,210.5,Approved,64.16,2291.5
321058110563301,1990-08-02 17:30:00,210.5,Approved,64.16,2291.5
321058110563301,1990-08-31 16:50:00,209.8,Approved,63.95,2292.2
321058110563301,1990-09-27 21:00:00,208.9,Approved,63.67,2293.1
321058110563301,1990-10-30 19:15:00,207.81,Approved,63.34,2294.19
321058110563301,1990-11-30 23:00:00,208.3,Approved,63.49,2293.7
321058110563301,1990-12-19 12:00:00,208.3,Approved,63.49,2293.7
321058110563301,1991-01-02 20:00:00,209.0,Approved,63.7,2293.0
321058110563301,1991-03-04 21:20:00,209.4,Approved,63.83,2292.6
321058110563301,1991-05-03 20:15:00,209.5,Approved,63.86,2292.5
321058110563301,1991-05-06 17:00:00,210.14,Approved,64.05,2291.86
321058110563301,1991-07-02 15:00:00,210.21,Approved,64.07,2291.79
321058110563301,1991-07-31 18:00:00,210.0,Approved,64.01,2292.0
321058110563301,1991-08-29 19:15:00,210.8,Approved,64.25,2291.2
321058110563301,1991-09-26 16:20:00,210.8,Approved,64.25,2291.2
321058110563301,1991-10-23 21:15:00,210.8,Approved,64.25,2291.2
321058110563301,1991-11-14 16:45:00,210.4,Approved,64.13,2291.6
321058110563301,1991-12-11 19:00:00,210.6,Approved,64.19,2291.4
321058110563301,1992-01-08 20:00:00,211.0,Approved,64.31,2291.0
321058110563301,1992-02-07 17:30:00,209.8,Approved,63.95,2292.2
321058110563301,1992-03-03 18:55:00,209.2,Approved,63.76,2292.8
321058110563301,1992-04-01 18:00:00,208.3,Approved,63.49,2293.7
321058110563301,1992-05-01 17:15:00,207.7,Approved,63.31,2294.3
321058110563301,1992-05-28 17:10:00,206.9,Approved,63.06,2295.1
321058110563301,1992-06-25 18:10:00,208.7,Approved,63.61,2293.3
321058110563301,1992-07-24 20:45:00,209.5,Approved,63.86,2292.5
321058110563301,1992-09-14 23:15:00,208.5,Approved,63.55,2293.5
321058110563301,1992-10-15 15:45:00,209.4,Approved,63.83,2292.6
321058110563301,1992-11-13 17:00:00,208.7,Approved,63.61,2293.3
321058110563301,1992-12-10 20:15:00,208.4,Approved,63.52,2293.6
321058110563301,1993-01-06 17:30:00,207.2,Approved,63.15,2294.8
321058110563301,1993-02-03 19:00:00,205.1,Approved,62.51,2296.9
321058110563301,1993-03-02 22:15:00,204.5,Approved,62.33,2297.5
321058110563301,1993-04-02 01:00:00,203.8,Approved,62.12,2298.2
321058110563301,1993-04-28 20:05:00,203.7,Approved,62.09,2298.3
321058110563301,1993-05-26 17:30:00,203.8,Approved,62.12,2298.2
321058110563301,1993-06-24 16:25:00,203.7,Approved,62.09,2298.3
321058110563301,1993-07-26 19:35:00,203.8,Approved,62.12,2298.2
321058110563301,1993-08-23 21:17:00,204.7,Approved,62.39,2297.3
321058110563301,1993-09-21 21:30:00,204.5,Approved,62.33,2297.5
321058110563301,1993-10-21 20:24:00,203.8,Approved,62.12,2298.2
321058110563301,1993-11-18 22:45:00,203.9,Approved,62.15,2298.1
321058110563301,1993-12-16 22:40:00,203.7,Approved,62.09,2298.3
321058110563301,1994-01-03 22:40:00,203.6,Approved,62.06,2298.4
321058110563301,1994-02-10 16:50:00,203.5,Approved,62.03,2298.5
321058110563301,1994-03-08 17:20:00,203.2,Approved,61.94,2298.8
321058110563301,1994-04-07 16:20:00,203.7,Approved,62.09,2298.3
321058110563301,1994-05-05 16:20:00,203.9,Approved,62.15,2298.1
321058110563301,1994-06-02 17:40:00,203.5,Approved,62.03,2298.5
321058110563301,1994-06-21 19:10:00,203.7,Approved,62.09,2298.3
321058110563301,1994-07-21 15:00:00,204.1,Approved,62.21,2297.9
321058110563301,1994-08-16 16:30:00,204.5,Approved,62.33,2297.5
321058110563301,1994-09-16 15:45:00,205.0,Approved,62.48,2297.0
321058110563301,1994-10-14 17:45:00,205.9,Approved,62.76,2296.1
321058110563301,1994-11-10 20:45:00,205.8,Approved,62.73,2296.2
321058110563301,1994-12-08 20:05:00,206.3,Approved,62.88,2295.7
321058110563301,1995-01-06 17:40:00,205.8,Approved,62.73,2296.2
321058110563301,1995-02-03 17:15:00,205.8,Approved,62.73,2296.2
321058110563301,1995-03-03 16:30:00,205.8,Approved,62.73,2296.2
321058110563301,1995-03-31 16:50:00,205.8,Approved,62.73,2296.2
321058110563301,1995-04-28 17:25:00,206.0,Approved,62.79,2296.0
321058110563301,1995-05-26 18:40:00,206.1,Approved,62.82,2295.9
321058110563301,1995-06-23 16:25:00,206.8,Approved,63.03,2295.2
321058110563301,1995-07-07 19:30:00,206.9,Approved,63.06,2295.1
321058110563301,1995-08-02 16:15:00,207.8,Approved,63.34,2294.2
321058110563301,1995-08-30 22:00:00,207.2,Approved,63.15,2294.8
321058110563301,1995-10-05 21:05:00,207.4,Approved,63.22,2294.6
321058110563301,1995-11-02 19:55:00,207.4,Approved,63.22,2294.6
321058110563301,1996-01-02 21:50:00,206.7,Approved,63.0,2295.3
321058110563301,1996-02-02 19:15:00,207.2,Approved,63.15,2294.8
321058110563301,1996-04-19 18:00:00,208.0,Approved,63.4,2294.0
321058110563301,1996-05-18 18:35:00,208.2,Approved,63.46,2293.8
321058110563301,1996-06-12 21:45:00,208.5,Approved,63.55,2293.5
321058110563301,1996-07-18 16:30:00,209.8,Approved,63.95,2292.2
321058110563301,1996-09-27 16:15:00,209.5,Approved,63.86,2292.5
321058110563301,1996-12-26 16:30:00,209.3,Approved,63.79,2292.7
321058110563301,1997-02-18 19:15:00,210.0,Approved,64.01,2292.0
321058110563301,1997-04-13 19:00:00,210.3,Approved,64.1,2291.7
321058110563301,1997-06-17 17:40:00,210.7,Approved,64.22,2291.3
321058110563301,1997-10-17 17:45:00,214.9,Approved,65.5,2287.1
321058110563301,1998-02-12 17:45:00,214.9,Approved,65.5,2287.1
321058110563301,1998-03-26 17:20:00,213.9,Approved,65.2,2288.1
321058110563301,1998-04-28 16:00:00,214.8,Approved,65.47,2287.2
321058110563301,1998-05-27 17:40:00,215.3,Approved,65.62,2286.7
321058110563301,1999-05-03 19:10:00,220.5,Approved,67.21,2281.5
321058110563301,1999-05-04 16:30:00,220.2,Approved,67.12,2281.8
321058110563301,1999-06-08 19:20:00,220.5,Approved,67.21,2281.5
321058110563301,1999-07-09 19:40:00,221.5,Approved,67.51,2280.5
321058110563301,1999-09-03 23:35:00,219.8,Approved,67.0,2282.2
321058110563301,1999-10-02 00:10:00,219.3,Approved,66.84,2282.7
321058110563301,1999-11-03 22:30:00,220.0,Approved,67.06,2282.0
321058110563301,1999-12-06 21:30:00,225.1,Approved,68.61,2276.9
321058110563301,2000-01-04 21:00:00,223.6,Approved,68.15,2278.4
321058110563301,2000-02-03 22:00:00,223.5,Approved,68.12,2278.5
321058110563301,2000-03-06 22:45:00,224.3,Approved,68.37,2277.7
321058110563301,2000-04-03 20:15:00,225.9,Approved,68.85,2276.1
321058110563301,2000-04-13 20:15:00,225.9,Approved,68.85,2276.1
321058110563301,2000-04-24 20:45:00,229.84,Approved,70.06,2272.16
321058110563301,2000-05-05 16:40:00,229.34,Approved,69.9,2272.66
321058110563301,2000-06-05 20:30:00,229.12,Approved,69.84,2272.88
321058110563301,2000-07-11 17:30:00,229.4,Approved,69.92,2272.6
321058110563301,2000-08-04 18:15:00,229.6,Approved,69.98,2272.4
321058110563301,2000-09-11 16:15:00,229.9,Approved,70.07,2272.1
321058110563301,2000-10-16 17:30:00,228.36,Approved,69.6,2273.64
321058110563301,2000-11-15 16:30:00,228.1,Approved,69.52,2273.9
321058110563301,2002-09-17 16:35:00,227.68,Approved,69.4,2274.32
321058110563301,2002-10-21 21:00:00,229.28,Approved,69.88,2272.72
321058110563301,2002-11-20 17:45:00,228.35,Approved,69.6,2273.65
321058110563301,2002-12-18 17:15:00,227.18,Approved,69.24,2274.82
321058110563301,2003-01-21 17:15:00,227.13,Approved,69.23,2274.87
321058110563301,2003-02-20 16:45:00,226.57,Approved,69.06,2275.43
321058110563301,2003-03-21 17:50:00,226.85,Approved,69.14,2275.15
321058110563301,2003-04-24 16:15:00,226.9,Approved,69.16,2275.1
321058110563301,2003-05-27 17:30:00,227.5,Approved,69.34,2274.5
321058110563301,2003-06-24 20:00:00,229.56,Approved,69.97,2272.44
321058110563301,2003-07-29 20:30:00,229.3,Approved,69.89,2272.7
321058110563301,2003-09-02 19:15:00,227.28,Approved,69.27,2274.72
321058110563301,2003-09-26 16:30:00,227.88,Approved,69.46,2274.12
321058110563301,2003-10-28 19:30:00,227.8,Approved,69.43,2274.2
321058110563301,2003-11-20 17:00:00,228.0,Approved,69.49,2274.0
321058110563301,2003-12-16 18:30:00,227.97,Approved,69.49,2274.03
321058110563301,2004-01-14 21:00:00,227.57,Approved,69.36,2274.43
321058110563301,2004-06-21 20:00:00,227.64,Approved,69.38,2274.36
321058110563301,2004-07-23 21:00:00,226.93,Approved,69.17,2275.07
321058110563301,2004-10-01 23:00:00,227.02,Approved,69.2,2274.98
321058110563301,2004-11-01 21:30:00,227.11,Approved,69.22,2274.89
321058110563301,2004-11-12 20:45:00,227.04,Approved,69.2,2274.96
321058110563301,2004-12-02 20:15:00,227.22,Approved,69.26,2274.78
321058110563301,2005-01-03 17:15:00,227.05,Approved,69.2,2274.95
321058110563301,2005-02-02 21:00:00,227.05,Approved,69.2,2274.95
321058110563301,2005-03-04 20:30:00,227.26,Approved,69.27,2274.74
321058110563301,2005-04-04 20:30:00,226.72,Approved,69.1,2275.28
321058110563301,2005-05-05 17:30:00,226.15,Approved,68.93,2275.85
321058110563301,2005-05-18 22:00:00,226.37,Approved,69.0,2275.63
321058110563301,2005-06-03 21:00:00,229.08,Approved,69.82,2272.92
321058110563301,2005-07-05 18:15:00,230.4,Approved,70.23,2271.6
321058110563301,2005-08-03 18:45:00,229.93,Approved,70.08,2272.07
321058110563301,2005-09-08 19:00:00,228.78,Approved,69.73,2273.22
321058110563301,2005-10-04 20:30:00,227.4,Approved,69.31,2274.6
321058110563301,2008-10-03 22:15:00,226.87,Approved,69.15,2275.13
321058110563301,2009-01-07 21:36:00,226.09,Approved,68.91,2275.91
321058110563301,2009-03-17 23:03:00,226.45,Approved,69.02,2275.55
321058110563301,2009-04-18 00:50:00,226.58,Approved,69.06,2275.42
321058110563301,2009-05-20 18:28:00,227.05,Approved,69.2,2274.95
321058110563301,2009-06-22 17:15:00,227.2,Approved,69.25,2274.8
321058110563301,2009-07-20 12:00:00,227.09,Approved,69.22,2274.91
321058110563301,2009-08-20 16:34:00,227.44,Approved,69.32,2274.56
321058110563301,2009-10-02 18:48:00,226.95,Approved,69.17,2275.05
321058110563301,2009-12-24 18:11:00,228.83,Approved,69.75,2273.17
321058110563301,2010-02-08 22:11:00,228.74,Approved,69.72,2273.26
321058110563301,2010-04-13 22:27:00,227.67,Approved,69.39,2274.33
321058110563301,2010-05-19 22:34:00,227.36,Approved,69.3,2274.64
321058110563301,2010-07-02 20:47:00,227.34,Approved,69.29,2274.66
321058110563301,2010-08-31 23:14:00,228.08,Approved,69.52,2273.92
321058110563301,2011-07-15 21:34:00,227.44,Approved,69.32,2274.56
321058110563301,2011-11-02 20:24:00,226.86,Approved,69.15,2275.14
321058110563301,2012-01-19 19:08:00,225.86,Approved,68.84,2276.14
321058110563301,2012-02-27 21:45:00,225.9,Approved,68.85,2276.1
321058110563301,2012-05-10 18:25:00,225.17,Approved,68.63,2276.83
321058110563301,2012-08-03 20:30:00,225.18,Approved,68.63,2276.82
321058110563301,2012-10-12 20:45:00,225.08,Approved,68.6,2276.92
321058110563301,2012-11-23 19:03:00,225.93,Approved,68.86,2276.07
321058110563301,2013-01-07 19:05:00,225.26,Approved,68.66,2276.74
321058110563301,2013-02-27 22:33:00,225.5,Approved,68.73,2276.5
321058110563301,2013-04-10 20:16:00,225.53,Approved,68.74,2276.47
321058110563301,2013-05-24 20:08:00,225.36,Approved,68.69,2276.64
321058110563301,2013-07-18 22:13:00,225.62,Approved,68.77,2276.38
321058110563301,2013-08-23 20:35:00,225.61,Approved,68.77,2276.39
321058110563301,2013-11-05 17:30:00,225.76,Approved,68.81,2276.24
321058110563301,2013-11-05 17:33:00,225.76,Approved,68.81,2276.24
321058110563301,2013-12-13 19:30:00,225.95,Approved,68.87,2276.05
321058110563301,2013-12-13 19:36:00,225.95,Approved,68.87,2276.05
321058110563301,2014-04-14 19:48:00,226.04,Approved,68.9,2275.96
321058110563301,2014-09-30 19:37:00,226.11,Approved,68.92,2275.89
321058110563301,2014-12-05 19:04:00,225.58,Approved,68.76,2276.42
321058110563301,2015-04-17 20:33:00,223.51,Approved,68.13,2278.49
321058110563301,2015-07-01 20:32:00,222.58,Approved,67.84,2279.42
321058110563301,2015-11-10 21:34:00,219.64,Approved,66.95,2282.36
321058110563301,2016-02-17 22:35:00,219.94,Approved,67.04,2282.06
321058110563301,2016-04-05 22:12:00,219.99,Approved,67.05,2282.01
321058110563301,2016-05-13 22:03:00,219.8,Approved,67.0,2282.2
321058110563301,2016-06-07 22:35:00,218.85,Approved,66.71,2283.15
321058110563301,2016-06-08 21:14:00,218.97,Approved,66.74,2283.03
321058110563301,2016-07-25 17:18:00,219.35,Approved,66.86,2282.65
321058110563301,2016-11-10 21:32:00,217.07,Approved,66.16,2284.93
321058110563301,2017-01-05 18:36:00,217.62,Approved,66.33,2284.38
321058110563301,2017-02-28 21:31:00,217.41,Approved,66.27,2284.59
321058110563301,2017-03-28 19:10:00,217.15,Approved,66.19,2284.85
321058110563301,2017-05-02 21:40:00,216.97,Approved,66.13,2285.03
321058110563301,2017-07-14 15:55:00,217.43,Approved,66.27,2284.57
321058110563301,2017-10-06 20:35:00,216.38,Approved,65.95,2285.62
321058110563301,2017-11-13 18:05:00,216.36,Approved,65.95,2285.64
321058110563301,2018-03-19 19:08:00,215.6,Approved,65.71,2286.4
321058110563301,2018-05-02 16:55:00,215.7,Approved,65.75,2286.3
321058110563301,2018-05-10 21:11:00,215.11,Approved,65.57,2286.89
321058110563301,2018-05-24 19:25:00,215.49,Approved,65.68,2286.51
321058110563301,2018-06-20 15:53:00,215.55,Approved,65.7,2286.45
321058110563301,2018-07-27 16:37:00,215.68,Approved,65.74,2286.32
321058110563301,2018-09-12 16:45:00,215.71,Approved,65.75,2286.29
321058110563301,2018-10-11 15:58:00,215.83,Approved,65.78,2286.17
321058110563301,2018-11-29 17:12:00,215.4,Approved,65.65,2286.6
321058110563301,2018-12-14 17:17:00,216.05,Approved,65.85,2285.95
321058110563301,2019-02-14 18:34:00,215.23,Approved,65.6,2286.77
321058110563301,2019-03-08 15:35:00,214.93,Approved,65.51,2287.07
321058110563301,2019-04-09 16:22:00,214.77,Approved,65.46,2287.23
321058110563301,2019-05-23 17:19:00,214.54,Approved,65.39,2287.46
321058110563301,2019-07-01 19:31:00,214.28,Approved,65.31,2287.72
321058110563301,2019-07-22 16:54:00,214.57,Approved,65.4,2287.43
321058110563301,2019-10-03 19:48:00,214.54,Approved,65.39,2287.46
321058110563301,2020-01-16 22:04:00,214.27,Approved,65.31,2287.73
321058110563301,2020-04-02 21:46:00,213.47,Approved,65.07,2288.53
321058110563301,2020-07-06 17:46:00,213.46,Approved,65.06,2288.54
321058110563301,2020-10-29 15:42:00,213.56,Approved,65.09,2288.44
321058110563301,2021-02-08 19:46:00,212.85,Approved,64.88,2289.15
321058110563301,2021-05-14 23:46:00,212.39,Approved,64.74,2289.61
321058110563301,2021-08-06 22:15:00,212.28,Approved,64.7,2289.72
321058110563301,2021-10-20 22:36:00,209.76,Approved,63.93,2292.24
321058110563301,2021-11-11 00:38:00,209.45,Approved,63.84,2292.55
321058110563301,2022-01-28 00:51:00,207.94,Approved,63.38,2294.06
321058110563301,2022-04-26 21:00:00,206.87,Approved,63.05,2295.13
321058110563301,2022-04-28 18:59:00,206.77,Approved,63.02,2295.23
321058110563301,2022-07-11 18:56:00,206.73,Approved,63.01,2295.27
321058110563301,2022-11-03 18:29:00,204.15,Approved,62.22,2297.85
321058110563301,2023-02-02 21:17:00,202.4,Approved,61.69,2299.6
321058110563301,2023-04-13 15:11:00,200.99,Approved,61.26,2301.01
321058110563301,2023-08-17 17:47:00,201.28,Approved,61.35,2300.72
321058110563301,2023-11-08 19:02:00,201.24,Approved,61.34,2300.76
321058110563301,2024-01-24 16:47:00,200.53,Approved,61.12,2301.47
321058110563301,2024-02-01 19:40:00,200.09,Approved,60.99,2301.91
321058110563301,2024-05-09 17:50:00,198.61,Approved,60.54,2303.39
321058110563301,2024-08-22 21:27:00,198.31,Approved,60.44,2303.69
321058110563301,2024-10-17 20:03:00,197.97,Approved,60.34,2304.03
321058110563301,2024-11-19 19:42:00,198.28,Approved,60.44,2303.72
321058110563301,2025-01-14 17:42:00,198.05,Approved,60.37,2303.95
321058110563301,2025-05-14 20:51:00,195.96,Approved,59.73,2306.04
321058110563301,2025-06-05 20:02:00,195.87,Approved,59.7,2306.13
321058110563301,2025-07-17 14:57:00,194.77,Approved,59.37,2307.23
321058110563301,2025-08-01 15:37:00,195.45,Approved,59.57,2306.55
321058110563301,2025-11-18 22:18:00,194.93,Approved,59.41,2307.07
321058110563301,2026-02-02 20:03:00,194.05,Approved,59.15,2307.95
321058110563301,2026-04-23 15:17:00,193.08,Approved,58.85,2308.92
321142110530301,1976-07-20 12:00:00,257.0,Approved,78.33,2335.0
321142110530301,1983-11-04 21:00:00,278.9,Approved,85.01,2313.1
321142110530301,1983-12-04 19:45:00,279.02,Approved,85.05,2312.98
321142110530301,1984-01-18 21:00:00,279.34,Approved,85.14,2312.66
321142110530301,1984-02-11 18:45:00,279.53,Approved,85.2,2312.47
321142110530301,1984-03-09 16:45:00,279.69,Approved,85.25,2312.31
321142110530301,1984-04-07 18:15:00,279.84,Approved,85.3,2312.16
321142110530301,1984-05-06 18:00:00,279.98,Approved,85.34,2312.02
321142110530301,1984-06-05 16:30:00,280.19,Approved,85.4,2311.81
321142110530301,1984-07-10 22:20:00,280.32,Approved,85.44,2311.68
321142110530301,1984-08-07 20:00:00,280.5,Approved,85.5,2311.5
321142110530301,1984-09-06 19:20:00,280.68,Approved,85.55,2311.32
321142110530301,1984-10-09 20:15:00,280.85,Approved,85.6,2311.15
321142110530301,1984-11-08 19:45:00,281.06,Approved,85.67,2310.94
321142110530301,1984-12-06 20:15:00,281.12,Approved,85.69,2310.88
321142110530301,1985-01-06 19:00:00,281.28,Approved,85.73,2310.72
321142110530301,1985-02-07 21:20:00,281.3,Approved,85.74,2310.7
321142110530301,1985-03-09 18:15:00,281.4,Approved,85.77,2310.6
321142110530301,1985-04-06 17:50:00,281.54,Approved,85.81,2310.46
321142110530301,1985-05-04 19:15:00,281.65,Approved,85.85,2310.35
321142110530301,1985-06-05 20:00:00,281.89,Approved,85.92,2310.11
321142110530301,1985-06-28 18:50:00,282.06,Approved,85.97,2309.94
321142110530301,1985-07-31 22:00:00,282.24,Approved,86.03,2309.76
321142110530301,1985-08-31 17:35:00,282.89,Approved,86.22,2309.11
321142110530301,1985-10-04 19:45:00,282.76,Approved,86.19,2309.24
321142110530301,1985-11-06 19:00:00,283.0,Approved,86.26,2309.0
321142110530301,1985-12-09 17:40:00,283.09,Approved,86.29,2308.91
321142110530301,1986-01-09 19:30:00,283.15,Approved,86.3,2308.85
321142110530301,1986-02-10 19:10:00,283.35,Approved,86.37,2308.65
321142110530301,1986-03-12 19:35:00,283.38,Approved,86.37,2308.62
321142110530301,1986-04-09 19:30:00,283.5,Approved,86.41,2308.5
321142110530301,1986-05-14 18:10:00,283.77,Approved,86.49,2308.23
321142110530301,1986-06-19 17:15:00,284.01,Approved,86.57,2307.99
321142110530301,1986-07-21 19:30:00,284.27,Approved,86.65,2307.73
321142110530301,1986-08-22 19:25:00,284.4,Approved,86.69,2307.6
321142110530301,1986-09-25 22:30:00,284.8,Approved,86.81,2307.2
321142110530301,1986-10-27 18:50:00,285.2,Approved,86.93,2306.8
321142110530301,1986-11-24 21:15:00,285.3,Approved,86.96,2306.7
321142110530301,1986-12-22 19:05:00,285.6,Approved,87.05,2306.4
321142110530301,1987-01-22 20:55:00,285.8,Approved,87.11,2306.2
321142110530301,1987-02-23 22:00:00,286.1,Approved,87.2,2305.9
321142110530301,1987-03-26 22:15:00,286.4,Approved,87.29,2305.6
321142110530301,1987-04-23 21:15:00,286.6,Approved,87.36,2305.4
321142110530301,1987-05-18 20:50:00,286.8,Approved,87.42,2305.2
321142110530301,1987-06-22 19:45:00,287.2,Approved,87.54,2304.8
321142110530301,1987-07-22 20:50:00,287.5,Approved,87.63,2304.5
321142110530301,1987-08-20 20:30:00,287.7,Approved,87.69,2304.3
321142110530301,1987-09-24 17:30:00,288.0,Approved,87.78,2304.0
321142110530301,1987-10-23 16:30:00,288.3,Approved,87.87,2303.7
321142110530301,1987-11-20 18:00:00,288.4,Approved,87.9,2303.6
321142110530301,1987-12-15 18:30:00,288.7,Approved,88.0,2303.3
321142110530301,1988-01-20 19:50:00,288.9,Approved,88.06,2303.1
321142110530301,1988-02-19 19:40:00,288.9,Approved,88.06,2303.1
321142110530301,1988-03-23 20:05:00,289.0,Approved,88.09,2303.0
321142110530301,1988-04-23 23:10:00,289.1,Approved,88.12,2302.9
321142110530301,1988-05-17 17:05:00,289.2,Approved,88.15,2302.8
321142110530301,1988-06-17 19:09:00,289.4,Approved,88.21,2302.6
321142110530301,1988-07-18 18:55:00,289.7,Approved,88.3,2302.3
321142110530301,1988-08-21 00:05:00,289.9,Approved,88.36,2302.1
321142110530301,1988-09-16 17:58:00,290.2,Approved,88.45,2301.8
321142110530301,1988-10-18 20:34:00,290.3,Approved,88.48,2301.7
321142110530301,1988-11-04 19:30:00,290.4,Approved,88.51,2301.6
321142110530301,1988-12-06 17:38:00,290.9,Approved,88.67,2301.1
321142110530301,1989-01-05 22:42:00,290.7,Approved,88.61,2301.3
321142110530301,1989-02-03 21:55:00,290.8,Approved,88.64,2301.2
321142110530301,1989-03-06 19:40:00,290.9,Approved,88.67,2301.1
321142110530301,1989-04-04 19:30:00,291.1,Approved,88.73,2300.9
321142110530301,1989-05-05 17:45:00,291.4,Approved,88.82,2300.6
321142110530301,1989-06-06 16:30:00,291.6,Approved,88.88,2300.4
321142110530301,1989-07-07 16:00:00,292.1,Approved,89.03,2299.9
321142110530301,1989-08-09 18:30:00,292.3,Approved,89.09,2299.7
321142110530301,1989-08-29 22:07:00,292.5,Approved,89.15,2299.5
321142110530301,1989-09-26 19:55:00,292.8,Approved,89.25,2299.2
321142110530301,1989-10-26 19:00:00,293.2,Approved,89.37,2298.8
321142110530301,1989-11-27 20:00:00,293.5,Approved,89.46,2298.5
321142110530301,1989-12-21 19:00:00,293.6,Approved,89.49,2298.4
321142110530301,1990-01-17 18:00:00,293.8,Approved,89.55,2298.2
321142110530301,1990-02-27 16:30:00,294.1,Approved,89.64,2297.9
321142110530301,1990-03-30 16:30:00,294.4,Approved,89.73,2297.6
321142110530301,1990-05-02 21:30:00,294.6,Approved,89.79,2297.4
321142110530301,1990-06-01 17:30:00,294.5,Approved,89.76,2297.5
321142110530301,1990-07-03 20:30:00,294.6,Approved,89.79,2297.4
321142110530301,1990-08-02 18:00:00,294.7,Approved,89.82,2297.3
321142110530301,1990-08-31 18:34:00,295.5,Approved,90.07,2296.5
321142110530301,1990-09-27 21:20:00,295.4,Approved,90.04,2296.6
321142110530301,1990-10-30 20:15:00,296.3,Approved,90.31,2295.7
321142110530301,1990-11-30 23:30:00,296.3,Approved,90.31,2295.7
321142110530301,1991-01-02 20:25:00,296.6,Approved,90.4,2295.4
321142110530301,1991-02-01 21:30:00,296.6,Approved,90.4,2295.4
321142110530301,1991-03-04 21:45:00,297.0,Approved,90.53,2295.0
321142110530301,1991-05-03 20:45:00,297.3,Approved,90.62,2294.7
321142110530301,1991-06-06 18:00:00,297.87,Approved,90.79,2294.13
321142110530301,1991-07-02 16:00:00,298.45,Approved,90.97,2293.55
321142110530301,1991-07-31 19:10:00,298.6,Approved,91.01,2293.4
321142110530301,1991-08-29 20:15:00,298.9,Approved,91.1,2293.1
321142110530301,1991-09-26 17:10:00,299.2,Approved,91.2,2292.8
321142110530301,1991-10-24 17:00:00,299.5,Approved,91.29,2292.5
321142110530301,1991-11-14 18:00:00,299.5,Approved,91.29,2292.5
321142110530301,1991-12-11 20:00:00,299.8,Approved,91.38,2292.2
321142110530301,1992-01-08 21:15:00,300.0,Approved,91.44,2292.0
321142110530301,1992-02-07 18:45:00,300.2,Approved,91.5,2291.8
321142110530301,1992-03-03 20:25:00,301.4,Approved,91.87,2290.6
321142110530301,1992-04-01 19:20:00,300.5,Approved,91.59,2291.5
321142110530301,1992-05-01 18:30:00,300.8,Approved,91.68,2291.2
321142110530301,1992-05-28 23:20:00,300.8,Approved,91.68,2291.2
321142110530301,1992-06-24 16:15:00,301.1,Approved,91.78,2290.9
321142110530301,1992-07-24 21:30:00,301.3,Approved,91.84,2290.7
321142110530301,1992-08-20 21:45:00,301.4,Approved,91.87,2290.6
321142110530301,1992-09-15 00:15:00,301.7,Approved,91.96,2290.3
321142110530301,1992-10-14 21:00:00,302.0,Approved,92.05,2290.0
321142110530301,1992-11-13 17:30:00,302.1,Approved,92.08,2289.9
321142110530301,1992-12-10 21:00:00,302.1,Approved,92.08,2289.9
321142110530301,1993-01-06 18:30:00,302.3,Approved,92.14,2289.7
321142110530301,1993-02-03 20:15:00,302.3,Approved,92.14,2289.7
321142110530301,1993-03-05 18:00:00,302.5,Approved,92.2,2289.5
321142110530301,1993-04-05 17:00:00,302.4,Approved,92.17,2289.6
321142110530301,1993-04-28 16:45:00,302.4,Approved,92.17,2289.6
321142110530301,1993-05-26 18:00:00,302.3,Approved,92.14,2289.7
321142110530301,1993-06-24 18:55:00,302.4,Approved,92.17,2289.6
321142110530301,1993-07-26 13:50:00,302.3,Approved,92.14,2289.7
321142110530301,1993-08-23 18:20:00,302.2,Approved,92.11,2289.8
321142110530301,1993-09-21 19:30:00,302.0,Approved,92.05,2290.0
321142110530301,1993-10-21 20:55:00,301.9,Approved,92.02,2290.1
321142110530301,1993-11-19 19:00:00,302.1,Approved,92.08,2289.9
321142110530301,1993-12-16 23:05:00,302.3,Approved,92.14,2289.7
321142110530301,1994-01-14 19:50:00,302.4,Approved,92.17,2289.6
321142110530301,1994-02-10 17:35:00,302.6,Approved,92.23,2289.4
321142110530301,1994-03-08 18:10:00,302.6,Approved,92.23,2289.4
321142110530301,1994-04-07 16:50:00,302.8,Approved,92.29,2289.2
321142110530301,1994-05-05 16:40:00,302.9,Approved,92.32,2289.1
321142110530301,1994-06-02 19:10:00,303.0,Approved,92.35,2289.0
321142110530301,1994-06-21 19:40:00,303.1,Approved,92.38,2288.9
321142110530301,1994-07-21 15:35:00,303.4,Approved,92.48,2288.6
321142110530301,1994-08-16 17:10:00,303.5,Approved,92.51,2288.5
321142110530301,1994-09-16 16:40:00,303.5,Approved,92.51,2288.5
321142110530301,1994-10-14 18:20:00,303.3,Approved,92.45,2288.7
321142110530301,1994-11-10 21:05:00,303.8,Approved,92.6,2288.2
321142110530301,1994-12-08 20:30:00,304.2,Approved,92.72,2287.8
321142110530301,1995-01-06 18:00:00,304.5,Approved,92.81,2287.5
321142110530301,1995-02-03 17:45:00,304.6,Approved,92.84,2287.4
321142110530301,1995-03-03 17:00:00,304.7,Approved,92.87,2287.3
321142110530301,1995-03-31 17:20:00,304.9,Approved,92.93,2287.1
321142110530301,1995-04-28 18:10:00,305.0,Approved,92.96,2287.0
321142110530301,1995-05-26 20:15:00,305.3,Approved,93.06,2286.7
321142110530301,1995-06-23 17:00:00,305.4,Approved,93.09,2286.6
321142110530301,1995-07-07 19:50:00,305.4,Approved,93.09,2286.6
321142110530301,1995-08-02 16:40:00,305.7,Approved,93.18,2286.3
321142110530301,1995-08-30 22:30:00,305.8,Approved,93.21,2286.2
321142110530301,1995-10-05 21:35:00,306.3,Approved,93.36,2285.7
321142110530301,1995-11-02 20:15:00,306.4,Approved,93.39,2285.6
321142110530301,1996-01-16 20:20:00,306.8,Approved,93.51,2285.2
321142110530301,1996-02-02 19:40:00,307.0,Approved,93.57,2285.0
321142110530301,1996-03-06 20:15:00,307.5,Approved,93.73,2284.5
321142110530301,1996-05-17 19:40:00,308.2,Approved,93.94,2283.8
321142110530301,1996-06-12 22:25:00,308.4,Approved,94.0,2283.6
321142110530301,1996-07-18 21:50:00,309.3,Approved,94.27,2282.7
321142110530301,1996-09-27 17:00:00,309.4,Approved,94.31,2282.6
321142110530301,1996-11-29 17:30:00,309.5,Approved,94.34,2282.5
321142110530301,1996-12-26 17:00:00,309.8,Approved,94.43,2282.2
321142110530301,1997-02-18 16:30:00,310.1,Approved,94.52,2281.9
321142110530301,1997-03-12 18:10:00,310.4,Approved,94.61,2281.6
321142110530301,1997-08-19 17:30:00,311.7,Approved,95.01,2280.3
321142110530301,1997-09-14 19:00:00,312.0,Approved,95.1,2280.0
321142110530301,1997-10-17 12:00:00,312.5,Approved,95.25,2279.5
321142110530301,1997-12-09 17:00:00,313.2,Approved,95.46,2278.8
321142110530301,1998-01-15 18:10:00,313.4,Approved,95.52,2278.6
321142110530301,1998-02-12 19:00:00,313.8,Approved,95.65,2278.2
321142110530301,1998-03-26 18:00:00,314.2,Approved,95.77,2277.8
321142110530301,1998-04-28 18:45:00,314.4,Approved,95.83,2277.6
321142110530301,1998-05-27 18:15:00,314.9,Approved,95.98,2277.1
321142110530301,1998-06-26 19:00:00,315.1,Approved,96.04,2276.9
321142110530301,1998-07-24 18:00:00,315.5,Approved,96.16,2276.5
321142110530301,1998-08-24 19:05:00,315.25,Approved,96.09,2276.75
321142110530301,1998-09-25 17:15:00,316.25,Approved,96.39,2275.75
321142110530301,1998-10-21 18:20:00,316.25,Approved,96.39,2275.75
321142110530301,1998-11-22 16:45:00,317.0,Approved,96.62,2275.0
321142110530301,1998-12-28 18:20:00,317.4,Approved,96.74,2274.6
321142110530301,1999-02-11 15:50:00,318.0,Approved,96.93,2274.0
321142110530301,1999-03-10 16:50:00,318.1,Approved,96.96,2273.9
321142110530301,1999-04-06 17:05:00,318.4,Approved,97.05,2273.6
321142110530301,1999-05-04 17:00:00,318.4,Approved,97.05,2273.6
321142110530301,1999-06-08 18:45:00,318.4,Approved,97.05,2273.6
321142110530301,1999-07-02 21:00:00,318.7,Approved,97.14,2273.3
321142110530301,1999-08-02 21:35:00,318.7,Approved,97.14,2273.3
321142110530301,1999-09-04 00:15:00,319.9,Approved,97.51,2272.1
321142110530301,1999-10-04 23:00:00,320.35,Approved,97.64,2271.65
321142110530301,1999-11-03 21:00:00,320.5,Approved,97.69,2271.5
321142110530301,1999-12-06 22:15:00,321.0,Approved,97.84,2271.0
321142110530301,2000-01-06 15:30:00,321.5,Approved,97.99,2270.5
321142110530301,2000-01-27 18:50:00,321.7,Approved,98.05,2270.3
321142110530301,2000-02-04 18:45:00,321.6,Approved,98.02,2270.4
321142110530301,2000-03-06 21:20:00,322.0,Approved,98.15,2270.0
321142110530301,2000-04-03 21:25:00,322.22,Approved,98.21,2269.78
321142110530301,2000-05-05 17:30:00,322.6,Approved,98.33,2269.4
321142110530301,2000-06-05 19:00:00,323.0,Approved,98.45,2269.0
321142110530301,2000-07-11 18:15:00,323.32,Approved,98.55,2268.68
321142110530301,2000-08-04 17:15:00,324.1,Approved,98.79,2267.9
321142110530301,2000-09-11 17:30:00,324.47,Approved,98.9,2267.53
321142110530301,2000-10-16 18:15:00,325.47,Approved,99.2,2266.53
321142110530301,2000-11-15 12:00:00,325.35,Approved,99.17,2266.65
321142110530301,2002-09-17 17:10:00,330.68,Approved,100.79,2261.32
321142110530301,2002-10-21 21:32:00,330.84,Approved,100.84,2261.16
321142110530301,2002-11-20 18:15:00,331.12,Approved,100.93,2260.88
321142110530301,2002-12-18 17:45:00,332.24,Approved,101.27,2259.76
321142110530301,2003-01-21 18:00:00,331.26,Approved,100.97,2260.74
321142110530301,2003-02-20 17:30:00,331.1,Approved,100.92,2260.9
321142110530301,2003-03-21 18:30:00,331.57,Approved,101.06,2260.43
321142110530301,2003-04-24 17:30:00,331.73,Approved,101.11,2260.27
321142110530301,2003-05-27 21:30:00,331.73,Approved,101.11,2260.27
321142110530301,2003-06-24 21:40:00,331.91,Approved,101.17,2260.09
321142110530301,2003-07-29 21:30:00,332.18,Approved,101.25,2259.82
321142110530301,2003-09-02 19:40:00,332.2,Approved,101.25,2259.8
321142110530301,2003-09-26 17:30:00,332.35,Approved,101.3,2259.65
321142110530301,2003-10-28 20:00:00,332.4,Approved,101.32,2259.6
321142110530301,2003-11-20 19:00:00,332.4,Approved,101.32,2259.6
321142110530301,2003-12-16 19:00:00,332.32,Approved,101.29,2259.68
321142110530301,2004-01-14 21:45:00,332.31,Approved,101.29,2259.69
321142110530301,2004-03-16 20:30:00,332.39,Approved,101.31,2259.61
321142110530301,2004-04-15 20:30:00,332.33,Approved,101.29,2259.67
321142110530301,2004-05-18 19:30:00,332.79,Approved,101.43,2259.21
321142110530301,2004-06-21 20:30:00,332.86,Approved,101.46,2259.14
321142110530301,2004-07-23 21:30:00,333.09,Approved,101.53,2258.91
321142110530301,2004-09-01 23:00:00,332.87,Approved,101.46,2259.13
321142110530301,2004-10-04 21:30:00,332.81,Approved,101.44,2259.19
321142110530301,2004-11-04 18:15:00,332.84,Approved,101.45,2259.16
321142110530301,2004-12-02 21:15:00,332.7,Approved,101.41,2259.3
321142110530301,2005-01-03 17:45:00,332.61,Approved,101.38,2259.39
321142110530301,2005-02-02 21:30:00,332.53,Approved,101.36,2259.47
321142110530301,2005-03-04 21:00:00,332.26,Approved,101.27,2259.74
321142110530301,2005-04-10 20:15:00,332.65,Approved,101.39,2259.35
321142110530301,2005-04-18 21:20:00,332.74,Approved,101.42,2259.26
321142110530301,2005-04-26 17:52:00,332.96,Approved,101.49,2259.04
321142110530301,2005-05-05 18:45:00,332.92,Approved,101.47,2259.08
321142110530301,2005-05-25 17:30:00,333.0,Approved,101.5,2259.0
321142110530301,2005-06-03 21:45:00,332.92,Approved,101.47,2259.08
321142110530301,2005-07-05 19:15:00,333.21,Approved,101.56,2258.79
321142110530301,2005-08-03 17:00:00,333.33,Approved,101.6,2258.67
321142110530301,2005-09-05 17:30:00,333.43,Approved,101.63,2258.57
321142110530301,2005-10-04 19:15:00,333.48,Approved,101.64,2258.52
321142110530301,2008-10-03 22:50:00,333.38,Approved,101.61,2258.62
321142110530301,2009-01-07 20:43:00,333.11,Approved,101.53,2258.89
321142110530301,2009-04-18 00:06:00,332.74,Approved,101.42,2259.26
321142110530301,2009-05-20 19:49:00,332.6,Approved,101.38,2259.4
321142110530301,2009-06-26 17:45:00,332.38,Approved,101.31,2259.62
321142110530301,2009-07-20 19:05:00,332.28,Approved,101.28,2259.72
321142110530301,2009-08-20 17:07:00,332.33,Approved,101.29,2259.67
321142110530301,2009-10-02 17:05:00,332.05,Approved,101.21,2259.95
321142110530301,2009-12-24 18:45:00,331.67,Approved,101.09,2260.33
321142110530301,2010-02-08 21:15:00,331.42,Approved,101.02,2260.58
321142110530301,2010-04-13 21:35:00,331.19,Approved,100.95,2260.81
321142110530301,2010-05-19 21:29:00,331.08,Approved,100.91,2260.92
321142110530301,2010-07-02 19:24:00,330.98,Approved,100.88,2261.02
321142110530301,2010-08-03 18:44:00,331.07,Approved,100.91,2260.93
321142110530301,2010-08-03 18:45:00,331.07,Approved,100.91,2260.93
321142110530301,2010-08-30 21:14:00,331.5,Approved,101.04,2260.5
321142110530301,2010-09-28 18:30:00,331.02,Approved,100.89,2260.98
321142110530301,2010-09-28 20:21:00,331.02,Approved,100.89,2260.98
321142110530301,2011-07-15 20:29:00,329.9,Approved,100.55,2262.1
321142110530301,2011-11-02 19:27:00,329.97,Approved,100.57,2262.03
321142110530301,2011-12-19 19:47:00,329.71,Approved,100.5,2262.29
321142110530301,2012-01-19 17:58:00,329.58,Approved,100.46,2262.42
321142110530301,2012-02-27 18:54:00,329.49,Approved,100.43,2262.51
321142110530301,2012-05-10 17:15:00,329.1,Approved,100.31,2262.9
321142110530301,2012-08-03 18:50:00,328.67,Approved,100.18,2263.33
321142110530301,2012-10-12 19:30:00,328.52,Approved,100.13,2263.48
321142110530301,2012-11-23 17:51:00,328.2,Approved,100.04,2263.8
321142110530301,2013-01-07 18:04:00,327.7,Approved,99.88,2264.3
321142110530301,2013-02-26 20:26:00,327.59,Approved,99.85,2264.41
321142110530301,2013-04-10 19:21:00,327.45,Approved,99.81,2264.55
321142110530301,2013-05-24 19:38:00,327.03,Approved,99.68,2264.97
321142110530301,2013-07-18 21:09:00,326.67,Approved,99.57,2265.33
321142110530301,2013-08-28 20:19:00,326.46,Approved,99.51,2265.54
321142110530301,2013-10-18 18:50:00,326.22,Approved,99.43,2265.78
321142110530301,2013-12-13 18:26:00,325.88,Approved,99.33,2266.12
321142110530301,2014-04-14 20:46:00,325.55,Approved,99.23,2266.45
321142110530301,2014-05-05 22:18:00,325.47,Approved,99.2,2266.53
321142110530301,2014-06-23 16:25:00,325.37,Approved,99.17,2266.63
321142110530301,2014-07-01 00:02:00,325.04,Approved,99.07,2266.96
321142110530301,2014-09-17 23:44:00,324.76,Approved,98.99,2267.24
321142110530301,2014-12-05 21:10:00,324.83,Approved,99.01,2267.17
321142110530301,2014-12-08 18:15:00,325.75,Approved,99.29,2266.25
321142110530301,2015-06-30 20:50:00,323.66,Approved,98.65,2268.34
321142110530301,2015-09-30 19:19:00,323.4,Approved,98.57,2268.6
321142110530301,2016-02-18 21:03:00,322.67,Approved,98.35,2269.33
321142110530301,2016-04-06 18:18:00,322.42,Approved,98.27,2269.58
321142110530301,2016-07-25 18:45:00,322.08,Approved,98.17,2269.92
321142110530301,2016-10-31 18:01:00,321.44,Approved,97.97,2270.56
321142110530301,2017-01-05 19:28:00,321.16,Approved,97.89,2270.84
321142110530301,2017-03-07 16:54:00,321.3,Approved,97.93,2270.7
321142110530301,2017-05-08 18:40:00,320.97,Approved,97.83,2271.03
321142110530301,2017-07-25 17:21:00,320.91,Approved,97.81,2271.09
321142110530301,2017-10-13 17:41:00,320.73,Approved,97.76,2271.27
321142110530301,2017-12-19 19:49:00,320.61,Approved,97.72,2271.39
321142110530301,2018-01-03 17:21:00,320.51,Approved,97.69,2271.49
321142110530301,2018-03-22 19:26:00,319.89,Approved,97.5,2272.11
321142110530301,2018-05-02 19:25:00,319.55,Approved,97.4,2272.45
321142110530301,2018-06-20 17:29:00,319.26,Approved,97.31,2272.74
321142110530301,2018-07-27 18:11:00,319.01,Approved,97.23,2272.99
321142110530301,2018-08-17 21:23:00,319.03,Approved,97.24,2272.97
321142110530301,2018-09-12 18:20:00,318.96,Approved,97.22,2273.04
321142110530301,2018-10-11 16:57:00,318.88,Approved,97.19,2273.12
321142110530301,2018-11-29 18:12:00,318.77,Approved,97.16,2273.23
321142110530301,2018-12-14 18:12:00,318.89,Approved,97.2,2273.11
321142110530301,2019-02-14 19:40:00,318.43,Approved,97.06,2273.57
321142110530301,2019-03-08 16:17:00,318.27,Approved,97.01,2273.73
321142110530301,2019-04-09 21:37:00,318.1,Approved,96.96,2273.9
321142110530301,2019-05-23 17:55:00,318.23,Approved,97.0,2273.77
321142110530301,2019-07-01 17:26:00,317.94,Approved,96.91,2274.06
321142110530301,2019-07-22 17:40:00,317.98,Approved,96.92,2274.02
321142110530301,2019-10-03 17:40:00,317.69,Approved,96.83,2274.31
321142110530301,2020-01-15 23:10:00,317.2,Approved,96.68,2274.8
321142110530301,2020-04-02 20:23:00,316.89,Approved,96.59,2275.11
321142110530301,2020-07-06 18:41:00,316.56,Approved,96.49,2275.44
321142110530301,2020-10-28 23:33:00,316.22,Approved,96.38,2275.78
321142110530301,2021-02-08 17:40:00,315.75,Approved,96.24,2276.25
321142110530301,2021-05-10 18:51:00,315.31,Approved,96.11,2276.69
321142110530301,2021-08-03 17:40:00,314.91,Approved,95.98,2277.09
321142110530301,2021-10-20 16:14:00,314.8,Approved,95.95,2277.2
321142110530301,2022-02-03 16:13:00,314.26,Approved,95.79,2277.74
321142110530301,2022-04-27 19:22:00,313.68,Approved,95.61,2278.32
321142110530301,2022-05-18 16:44:00,313.62,Approved,95.59,2278.38
321142110530301,2022-07-11 20:11:00,313.27,Approved,95.48,2278.73
321142110530301,2022-11-03 19:42:00,312.95,Approved,95.39,2279.05
321142110530301,2023-01-31 17:30:00,312.57,Approved,95.27,2279.43
321142110530301,2023-04-13 16:14:00,311.99,Approved,95.09,2280.01
321142110530301,2023-08-17 16:13:00,311.6,Approved,94.98,2280.4
321142110530301,2023-11-08 17:29:00,311.35,Approved,94.9,2280.65
321142110530301,2024-01-24 18:14:00,311.01,Approved,94.8,2280.99
321142110530301,2024-02-01 18:36:00,310.72,Approved,94.71,2281.28
321142110530301,2024-06-12 19:19:00,310.26,Approved,94.57,2281.74
321142110530301,2024-08-21 18:12:00,310.03,Approved,94.5,2281.97
321142110530301,2024-10-15 18:28:00,309.67,Approved,94.39,2282.33
321142110530301,2025-01-14 19:39:00,309.28,Approved,94.27,2282.72
321142110530301,2025-04-09 16:37:00,308.59,Approved,94.06,2283.41
321142110530301,2025-08-01 17:00:00,307.86,Approved,93.84,2284.14
321142110530301,2025-11-18 20:37:00,307.27,Provisional,93.66,2284.73
321142110530301,2026-02-11 20:25:00,306.71,Provisional,93.49,2285.29
321142110530301,2026-04-23 16:47:00,306.26,Provisional,93.35,2285.74
321207110591201,1950-07-31 12:00:00,23.74,Approved,7.24,2345.26
321207110591201,1950-10-05 12:00:00,25.43,Approved,7.75,2343.57
321207110591201,1951-02-23 12:00:00,26.46,Approved,8.07,2342.54
321207110591201,1951-10-24 12:00:00,29.12,Approved,8.88,2339.88
321207110591201,1952-02-04 12:00:00,26.46,Approved,8.07,2342.54
321207110591201,1953-02-05 12:00:00,31.83,Approved,9.7,2337.17
321207110591201,1954-02-04 12:00:00,33.62,Approved,10.25,2335.38
321207110591201,1955-02-04 12:00:00,28.28,Approved,8.62,2340.72
321207110591201,1956-02-02 12:00:00,27.07,Approved,8.25,2341.93
321207110591201,1957-02-06 12:00:00,27.1,Approved,8.26,2341.9
321207110591201,1958-01-27 12:00:00,28.54,Approved,8.7,2340.46
321207110591201,1959-01-29 12:00:00,29.03,Approved,8.85,2339.97
321207110591201,1960-01-29 12:00:00,27.83,Approved,8.48,2341.17
321207110591201,1961-01-26 12:00:00,32.1,Approved,9.78,2336.9
321207110591201,1962-01-25 12:00:00,30.53,Approved,9.31,2338.47
321207110591201,1963-01-29 12:00:00,35.28,Approved,10.75,2333.72
321207110591201,1964-02-05 12:00:00,40.6,Approved,12.37,2328.4
321207110591201,1965-02-03 12:00:00,38.13,Approved,11.62,2330.87
321207110591201,1965-06-10 12:00:00,40.3,Approved,12.28,2328.7
321207110591201,1965-08-12 12:00:00,42.6,Approved,12.98,2326.4
321207110591201,1965-09-27 12:00:00,41.3,Approved,12.59,2327.7
321207110591201,1965-10-15 12:00:00,42.4,Approved,12.92,2326.6
321207110591201,1965-12-15 12:00:00,38.3,Approved,11.67,2330.7
321207110591201,1966-01-15 12:00:00,35.8,Approved,10.91,2333.2
321207110591201,1966-02-17 12:00:00,32.06,Approved,9.77,2336.94
321207110591201,1966-03-04 12:00:00,32.8,Approved,10.0,2336.2
321207110591201,1966-03-17 12:00:00,33.0,Approved,10.06,2336.0
321207110591201,1966-04-19 12:00:00,35.9,Approved,10.94,2333.1
321207110591201,1966-06-22 12:00:00,35.31,Approved,10.76,2333.69
321207110591201,1966-08-22 12:00:00,34.5,Approved,10.52,2334.5
321207110591201,1966-10-15 12:00:00,33.8,Approved,10.3,2335.2
321207110591201,1966-11-18 12:00:00,33.5,Approved,10.21,2335.5
321207110591201,1966-12-28 12:00:00,34.3,Approved,10.45,2334.7
321207110591201,1967-01-15 12:00:00,32.2,Approved,9.81,2336.8
321207110591201,1967-02-20 12:00:00,31.2,Approved,9.51,2337.8
321207110591201,1967-03-01 12:00:00,31.1,Approved,9.48,2337.9
321207110591201,1967-04-17 12:00:00,31.8,Approved,9.69,2337.2
321207110591201,1967-06-20 12:00:00,36.0,Approved,10.97,2333.0
321207110591201,1967-08-23 12:00:00,33.6,Approved,10.24,2335.4
321207110591201,1967-09-01 12:00:00,34.7,Approved,10.58,2334.3
321207110591201,1967-10-01 12:00:00,34.7,Approved,10.58,2334.3
321207110591201,1967-11-01 12:00:00,34.2,Approved,10.42,2334.8
321207110591201,1967-12-01 12:00:00,32.7,Approved,9.97,2336.3
321207110591201,1968-01-18 12:00:00,31.4,Approved,9.57,2337.6
321207110591201,1968-02-01 12:00:00,33.18,Approved,10.11,2335.82
321207110591201,1968-02-16 12:00:00,31.6,Approved,9.63,2337.4
321207110591201,1968-03-01 12:00:00,31.6,Approved,9.63,2337.4
321207110591201,1968-04-19 12:00:00,31.6,Approved,9.63,2337.4
321207110591201,1968-05-16 12:00:00,31.9,Approved,9.72,2337.1
321207110591201,1968-06-17 12:00:00,34.1,Approved,10.39,2334.9
321207110591201,1969-02-11 12:00:00,35.25,Approved,10.74,2333.75
321207110591201,1970-04-23 12:00:00,40.85,Approved,12.45,2328.15
321207110591201,1982-01-05 12:00:00,87.3,Approved,26.61,2281.7
321207110591201,1982-12-01 12:00:00,88.7,Approved,27.04,2280.3
321207110591201,1985-12-30 12:00:00,65.9,Approved,20.09,2303.1
321207110591201,1986-12-30 12:00:00,69.3,Approved,21.12,2299.7
321207110591201,1987-12-30 12:00:00,75.0,Approved,22.86,2294.0
321207110591201,1990-12-26 12:00:00,84.92,Approved,25.88,2284.08
321207110591201,1991-12-18 12:00:00,89.3,Approved,27.22,2279.7
321208110525001,1956-03-28 12:00:00,170.0,Approved,51.82,2385.0
321208110525001,1957-04-16 12:00:00,174.24,Approved,53.11,2380.76
321208110525001,1958-03-24 12:00:00,175.26,Approved,53.42,2379.74
321208110525001,1959-03-31 12:00:00,180.28,Approved,54.95,2374.72
321208110525001,1960-04-05 12:00:00,183.67,Approved,55.98,2371.33
321208110525001,1961-03-21 12:00:00,186.55,Approved,56.86,2368.45
321208110525001,1962-03-07 12:00:00,192.2,Approved,58.58,2362.8
321208110525001,1963-03-06 12:00:00,195.96,Approved,59.73,2359.04
321208110525001,1964-03-05 12:00:00,198.31,Approved,60.44,2356.69
321208110525001,1965-03-16 12:00:00,203.96,Approved,62.17,2351.04
321208110525001,1965-06-14 12:00:00,204.6,Approved,62.36,2350.4
321208110525001,1966-04-22 12:00:00,206.8,Approved,63.03,2348.2
321208110525001,1983-11-07 17:15:00,262.71,Approved,80.07,2292.29
321208110525001,1983-12-04 19:00:00,262.83,Approved,80.11,2292.17
321208110525001,1984-01-18 00:45:00,262.84,Approved,80.11,2292.16
321208110525001,1984-02-11 18:15:00,262.91,Approved,80.13,2292.09
321208110525001,1984-03-09 17:15:00,263.13,Approved,80.2,2291.87
321208110525001,1984-04-07 17:45:00,263.2,Approved,80.22,2291.8
321208110525001,1984-05-06 17:00:00,263.33,Approved,80.26,2291.67
321208110525001,1984-06-05 16:00:00,263.35,Approved,80.27,2291.65
321208110525001,1984-07-07 22:45:00,263.78,Approved,80.4,2291.22
321208110525001,1984-08-07 19:25:00,264.28,Approved,80.55,2290.72
321208110525001,1984-09-06 19:45:00,264.56,Approved,80.64,2290.44
321208110525001,1984-10-09 20:30:00,264.87,Approved,80.73,2290.13
321208110525001,1984-11-08 20:15:00,265.07,Approved,80.79,2289.93
321208110525001,1984-12-06 12:00:00,265.8,Approved,81.02,2289.2
321208110525001,1985-01-06 19:20:00,265.1,Approved,80.8,2289.9
321208110525001,1985-02-07 21:45:00,265.03,Approved,80.78,2289.97
321208110525001,1985-03-09 18:30:00,265.2,Approved,80.83,2289.8
321208110525001,1985-04-06 18:10:00,265.81,Approved,81.02,2289.19
321208110525001,1985-05-04 19:35:00,265.55,Approved,80.94,2289.45
321208110525001,1985-06-05 19:15:00,266.17,Approved,81.13,2288.83
321208110525001,1985-06-28 18:10:00,266.6,Approved,81.26,2288.4
321208110525001,1985-07-31 22:20:00,267.1,Approved,81.41,2287.9
321208110525001,1985-08-31 17:55:00,267.69,Approved,81.59,2287.31
321208110525001,1985-10-04 20:20:00,267.9,Approved,81.66,2287.1
321208110525001,1985-11-06 19:15:00,268.18,Approved,81.74,2286.82
321208110525001,1985-12-03 19:10:00,268.38,Approved,81.8,2286.62
321208110525001,1985-12-09 18:00:00,268.36,Approved,81.8,2286.64
321208110525001,1986-01-09 19:50:00,268.39,Approved,81.81,2286.61
321208110525001,1986-02-10 19:25:00,269.5,Approved,82.14,2285.5
321208110525001,1986-03-12 20:00:00,269.7,Approved,82.2,2285.3
321208110525001,1986-05-31 16:45:00,268.94,Approved,81.97,2286.06
321208110525001,1986-07-21 20:00:00,269.91,Approved,82.27,2285.09
321208110525001,1986-08-22 19:40:00,272.29,Approved,82.99,2282.71
321208110525001,1986-09-25 22:45:00,277.8,Approved,84.67,2277.2
321208110525001,1986-11-24 20:35:00,272.47,Approved,83.05,2282.53
321208110525001,1986-12-08 21:10:00,272.7,Approved,83.12,2282.3
321208110525001,1986-12-22 19:50:00,272.76,Approved,83.14,2282.24
321208110525001,1987-01-22 20:15:00,273.28,Approved,83.3,2281.72
321208110525001,1987-02-23 21:20:00,273.84,Approved,83.47,2281.16
321208110525001,1987-03-26 21:30:00,274.17,Approved,83.57,2280.83
321208110525001,1987-04-23 20:30:00,274.46,Approved,83.66,2280.54
321208110525001,1987-05-18 20:25:00,274.41,Approved,83.64,2280.59
321208110525001,1987-06-22 18:45:00,275.63,Approved,84.01,2279.37
321208110525001,1987-07-22 20:20:00,275.52,Approved,83.98,2279.48
321208110525001,1987-08-20 20:05:00,275.87,Approved,84.09,2279.13
321208110525001,1987-09-24 17:00:00,276.12,Approved,84.16,2278.88
321208110525001,1987-10-23 17:00:00,276.25,Approved,84.2,2278.75
321208110525001,1987-11-20 18:33:00,276.23,Approved,84.19,2278.77
321208110525001,1987-12-15 19:00:00,276.35,Approved,84.23,2278.65
321208110525001,1988-01-20 20:25:00,276.18,Approved,84.18,2278.82
321208110525001,1988-02-19 19:08:00,275.94,Approved,84.11,2279.06
321208110525001,1988-03-23 20:30:00,275.54,Approved,83.98,2279.46
321208110525001,1988-04-23 23:40:00,275.63,Approved,84.01,2279.37
321208110525001,1988-05-17 17:44:00,276.0,Approved,84.12,2279.0
321208110525001,1988-06-17 18:30:00,276.34,Approved,84.23,2278.66
321208110525001,1988-07-18 19:27:00,276.58,Approved,84.3,2278.42
321208110525001,1988-08-21 00:45:00,276.82,Approved,84.37,2278.18
321208110525001,1988-09-16 18:22:00,277.04,Approved,84.44,2277.96
321208110525001,1988-10-18 21:04:00,277.01,Approved,84.43,2277.99
321208110525001,1988-11-04 19:55:00,277.03,Approved,84.44,2277.97
321208110525001,1988-12-06 18:17:00,276.93,Approved,84.41,2278.07
321208110525001,1989-01-05 23:05:00,276.75,Approved,84.35,2278.25
321208110525001,1989-02-03 22:04:00,276.7,Approved,84.34,2278.3
321208110525001,1989-03-06 20:11:00,276.66,Approved,84.33,2278.34
321208110525001,1989-04-04 19:49:00,277.02,Approved,84.44,2277.98
321208110525001,1989-05-05 18:20:00,277.6,Approved,84.61,2277.4
321208110525001,1989-06-06 17:00:00,278.2,Approved,84.8,2276.8
321208110525001,1989-07-07 16:30:00,278.8,Approved,84.98,2276.2
321208110525001,1989-08-09 18:30:00,279.3,Approved,85.13,2275.7
321208110525001,1989-08-29 22:40:00,280.51,Approved,85.5,2274.49
321208110525001,1989-09-26 20:50:00,281.22,Approved,85.72,2273.78
321208110525001,1989-10-26 18:16:00,280.65,Approved,85.54,2274.35
321208110525001,1989-11-27 20:30:00,281.0,Approved,85.65,2274.0
321208110525001,1989-12-21 19:30:00,281.0,Approved,85.65,2274.0
321208110525001,1990-01-17 18:30:00,280.8,Approved,85.59,2274.2
321208110525001,1990-02-27 17:00:00,280.2,Approved,85.4,2274.8
321208110525001,1990-03-30 17:00:00,280.1,Approved,85.37,2274.9
321208110525001,1990-05-02 21:45:00,280.0,Approved,85.34,2275.0
321208110525001,1990-06-01 17:45:00,279.9,Approved,85.31,2275.1
321208110525001,1990-07-03 20:45:00,280.2,Approved,85.4,2274.8
321208110525001,1990-08-02 18:15:00,280.3,Approved,85.44,2274.7
321208110525001,1990-08-31 18:05:00,282.58,Approved,86.13,2272.42
321208110525001,1990-09-27 21:40:00,282.85,Approved,86.21,2272.15
321208110525001,1990-10-30 20:30:00,284.2,Approved,86.62,2270.8
321208110525001,1990-11-30 23:45:00,284.6,Approved,86.75,2270.4
321208110525001,1990-12-19 12:00:00,285.1,Approved,86.9,2269.9
321208110525001,1991-02-01 22:00:00,284.7,Approved,86.78,2270.3
321208110525001,1991-03-04 22:00:00,284.7,Approved,86.78,2270.3
321208110525001,1991-05-03 21:00:00,285.1,Approved,86.9,2269.9
321208110525001,1991-06-06 19:30:00,283.63,Approved,86.45,2271.37
321208110525001,1991-07-02 16:45:00,284.34,Approved,86.67,2270.66
321208110525001,1991-07-31 20:00:00,286.1,Approved,87.2,2268.9
321208110525001,1991-08-29 20:45:00,286.6,Approved,87.36,2268.4
321208110525001,1991-09-26 18:00:00,287.13,Approved,87.52,2267.87
321208110525001,1991-10-24 18:00:00,287.62,Approved,87.67,2267.38
321208110525001,1991-11-14 18:30:00,287.92,Approved,87.76,2267.08
321208110525001,1991-12-11 20:45:00,288.19,Approved,87.84,2266.81
321208110525001,1992-01-08 21:45:00,288.31,Approved,87.88,2266.69
321208110525001,1992-01-14 19:30:00,288.65,Approved,87.98,2266.35
321208110525001,1992-01-21 22:25:00,290.0,Approved,88.39,2265.0
321208110525001,1992-02-07 19:30:00,287.28,Approved,87.56,2267.72
321208110525001,1992-03-03 21:15:00,288.2,Approved,87.84,2266.8
321208110525001,1992-04-01 20:15:00,287.9,Approved,87.75,2267.1
321208110525001,1992-05-01 19:00:00,288.0,Approved,87.78,2267.0
321208110525001,1992-05-28 22:30:00,288.2,Approved,87.84,2266.8
321208110525001,1992-07-01 21:15:00,288.58,Approved,87.96,2266.42
321208110525001,1992-07-24 22:20:00,288.87,Approved,88.05,2266.13
321208110525001,1992-08-20 22:15:00,289.05,Approved,88.1,2265.95
321208110525001,1992-09-15 00:50:00,289.51,Approved,88.24,2265.49
321208110525001,1992-10-15 19:40:00,290.05,Approved,88.41,2264.95
321208110525001,1992-11-13 20:00:00,290.27,Approved,88.47,2264.73
321208110525001,1992-12-10 21:45:00,290.1,Approved,88.42,2264.9
321208110525001,1993-01-06 19:15:00,289.98,Approved,88.39,2265.02
321208110525001,1993-02-03 19:45:00,289.77,Approved,88.32,2265.23
321208110525001,1993-04-05 19:00:00,289.26,Approved,88.17,2265.74
321208110525001,1993-04-28 17:25:00,289.23,Approved,88.16,2265.77
321208110525001,1993-05-26 18:30:00,288.83,Approved,88.04,2266.17
321208110525001,1993-06-24 17:05:00,288.69,Approved,87.99,2266.31
321208110525001,1993-08-23 13:40:00,288.3,Approved,87.87,2266.7
321208110525001,1993-09-21 20:35:00,288.24,Approved,87.86,2266.76
321208110525001,1993-10-21 21:40:00,288.06,Approved,87.8,2266.94
321208110525001,1993-11-19 19:50:00,288.22,Approved,87.85,2266.78
321208110525001,1993-12-16 23:30:00,289.08,Approved,88.11,2265.92
321208110525001,1994-01-14 20:20:00,289.53,Approved,88.25,2265.47
321208110525001,1994-02-10 18:00:00,290.35,Approved,88.5,2264.65
321208110525001,1994-03-08 18:40:00,290.8,Approved,88.64,2264.2
321208110525001,1994-04-07 17:25:00,290.06,Approved,88.41,2264.94
321208110525001,1994-05-05 17:10:00,291.4,Approved,88.82,2263.6
321208110525001,1994-06-02 19:40:00,291.76,Approved,88.93,2263.24
321208110525001,1994-06-21 19:45:00,291.96,Approved,88.99,2263.04
321208110525001,1994-07-21 15:55:00,292.44,Approved,89.14,2262.56
321208110525001,1994-08-16 17:30:00,292.48,Approved,89.15,2262.52
321208110525001,1994-09-16 16:50:00,292.7,Approved,89.21,2262.3
321208110525001,1994-10-14 18:40:00,292.88,Approved,89.27,2262.12
321208110525001,1994-11-10 21:30:00,293.15,Approved,89.35,2261.85
321208110525001,1994-12-08 20:55:00,293.75,Approved,89.54,2261.25
321208110525001,1995-02-03 18:15:00,294.2,Approved,89.67,2260.8
321208110525001,1995-03-31 17:40:00,294.9,Approved,89.89,2260.1
321208110525001,1995-04-28 18:55:00,295.1,Approved,89.95,2259.9
321208110525001,1995-05-26 20:45:00,295.7,Approved,90.13,2259.3
321208110525001,1995-06-23 17:30:00,295.5,Approved,90.07,2259.5
321208110525001,1995-07-07 20:05:00,295.6,Approved,90.1,2259.4
321208110525001,1995-08-02 17:00:00,295.5,Approved,90.07,2259.5
321208110525001,1995-10-05 21:55:00,296.4,Approved,90.34,2258.6
321208110525001,1995-11-02 20:40:00,296.6,Approved,90.4,2258.4
321208110525001,1996-02-16 18:05:00,298.0,Approved,90.83,2257.0
321208110525001,1996-03-06 18:30:00,298.2,Approved,90.89,2256.8
321208110525001,1996-04-28 18:40:00,299.0,Approved,91.14,2256.0
321208110525001,1996-05-17 20:00:00,299.2,Approved,91.2,2255.8
321208110525001,1996-06-12 23:00:00,299.6,Approved,91.32,2255.4
321208110525001,1996-08-20 17:10:00,300.3,Approved,91.53,2254.7
321208110525001,1996-09-27 17:20:00,300.6,Approved,91.62,2254.4
321208110525001,1996-11-29 17:50:00,299.2,Approved,91.2,2255.8
321208110525001,1996-12-26 17:30:00,300.3,Approved,91.53,2254.7
321208110525001,1997-02-18 18:20:00,300.3,Approved,91.53,2254.7
321208110525001,1997-03-12 17:50:00,300.6,Approved,91.62,2254.4
321208110525001,1997-04-13 19:45:00,300.8,Approved,91.68,2254.2
321208110525001,1997-05-30 20:00:00,301.3,Approved,91.84,2253.7
321208110525001,1997-06-17 18:30:00,301.6,Approved,91.93,2253.4
321208110525001,1997-07-15 17:20:00,303.1,Approved,92.38,2251.9
321208110525001,1997-08-19 17:30:00,302.2,Approved,92.11,2252.8
321208110525001,1997-09-15 19:30:00,299.4,Approved,91.26,2255.6
321208110525001,1997-10-17 17:30:00,304.0,Approved,92.66,2251.0
321208110525001,1997-12-09 17:00:00,305.0,Approved,92.96,2250.0
321208110525001,1998-01-15 18:30:00,302.1,Approved,92.08,2252.9
321208110525001,1998-02-12 18:30:00,302.0,Approved,92.05,2253.0
321208110525001,1998-04-10 19:50:00,306.0,Approved,93.27,2249.0
321208110525001,1998-04-28 18:15:00,306.0,Approved,93.27,2249.0
321208110525001,1998-05-27 18:30:00,307.0,Approved,93.57,2248.0
321208110525001,1998-06-26 18:45:00,307.45,Approved,93.71,2247.55
321208110525001,1998-07-24 17:40:00,308.0,Approved,93.88,2247.0
321208110525001,1998-08-24 18:50:00,308.6,Approved,94.06,2246.4
321208110525001,1998-09-25 16:50:00,309.1,Approved,94.21,2245.9
321208110525001,1998-10-21 17:50:00,309.6,Approved,94.37,2245.4
321208110525001,1998-11-22 16:15:00,310.4,Approved,94.61,2244.6
321208110525001,1998-12-28 18:00:00,310.8,Approved,94.73,2244.2
321208110525001,1999-02-11 15:30:00,311.6,Approved,94.98,2243.4
321208110525001,1999-03-10 16:30:00,311.8,Approved,95.04,2243.2
321208110525001,1999-04-06 16:45:00,312.1,Approved,95.13,2242.9
321208110525001,1999-05-04 16:45:00,312.4,Approved,95.22,2242.6
321208110525001,1999-06-08 18:15:00,312.7,Approved,95.31,2242.3
321208110525001,1999-07-02 21:30:00,313.2,Approved,95.46,2241.8
321208110525001,1999-08-02 21:50:00,313.6,Approved,95.59,2241.4
321208110525001,1999-09-04 00:00:00,314.0,Approved,95.71,2241.0
321208110525001,1999-10-04 23:30:00,314.5,Approved,95.86,2240.5
321208110525001,1999-11-03 21:00:00,315.0,Approved,96.01,2240.0
321208110525001,1999-12-06 22:00:00,315.5,Approved,96.16,2239.5
321208110525001,2000-01-06 15:00:00,316.3,Approved,96.41,2238.7
321208110525001,2000-02-03 22:40:00,316.4,Approved,96.44,2238.6
321208110525001,2000-02-04 18:15:00,316.5,Approved,96.47,2238.5
321208110525001,2000-02-04 18:30:00,316.5,Approved,96.47,2238.5
321208110525001,2000-03-06 21:00:00,316.7,Approved,96.53,2238.3
321208110525001,2000-04-03 21:00:00,316.87,Approved,96.58,2238.13
321208110525001,2000-05-05 17:15:00,317.12,Approved,96.66,2237.88
321208110525001,2000-06-05 18:15:00,317.46,Approved,96.76,2237.54
321208110525001,2000-07-11 18:00:00,317.9,Approved,96.9,2237.1
321208110525001,2000-09-11 17:00:00,319.0,Approved,97.23,2236.0
321208110525001,2000-10-16 18:00:00,319.77,Approved,97.47,2235.23
321208110525001,2002-01-21 19:00:00,322.01,Approved,98.15,2232.99
321208110525001,2002-02-20 17:45:00,321.71,Approved,98.06,2233.29
321208110525001,2002-03-21 19:45:00,321.78,Approved,98.08,2233.22
321208110525001,2002-09-17 17:30:00,322.15,Approved,98.19,2232.85
321208110525001,2002-10-21 22:08:00,322.06,Approved,98.16,2232.94
321208110525001,2002-11-20 19:15:00,322.07,Approved,98.17,2232.93
321208110525001,2002-12-18 19:00:00,322.18,Approved,98.2,2232.82
321208110525001,2003-03-26 20:00:00,322.01,Approved,98.15,2232.99
321208110525001,2003-04-24 17:00:00,321.79,Approved,98.08,2233.21
321208110525001,2003-05-27 22:00:00,321.74,Approved,98.07,2233.26
321208110525001,2003-06-24 21:40:00,321.83,Approved,98.09,2233.17
321208110525001,2003-07-29 20:00:00,322.33,Approved,98.25,2232.67
321208110525001,2003-09-02 20:00:00,322.54,Approved,98.31,2232.46
321208110525001,2003-09-26 19:00:00,322.04,Approved,98.16,2232.96
321208110525001,2003-10-28 20:00:00,321.95,Approved,98.13,2233.05
321208110525001,2003-11-20 20:00:00,321.94,Approved,98.13,2233.06
321208110525001,2003-12-16 19:30:00,322.05,Approved,98.16,2232.95
321208110525001,2004-01-14 21:40:00,321.93,Approved,98.12,2233.07
321208110525001,2004-03-16 21:00:00,331.69,Approved,101.1,2223.31
321208110525001,2004-04-15 21:00:00,331.69,Approved,101.1,2223.31
321208110525001,2004-05-18 20:00:00,331.77,Approved,101.12,2223.23
321208110525001,2004-06-21 21:00:00,332.09,Approved,101.22,2222.91
321208110525001,2004-07-23 21:30:00,323.37,Approved,98.56,2231.63
321208110525001,2004-09-02 18:00:00,322.64,Approved,98.34,2232.36
321208110525001,2004-10-04 22:30:00,322.56,Approved,98.32,2232.44
321208110525001,2004-11-04 18:45:00,322.52,Approved,98.3,2232.48
321208110525001,2004-12-02 21:30:00,323.28,Approved,98.54,2231.72
321208110525001,2005-01-03 18:15:00,322.09,Approved,98.17,2232.91
321208110525001,2005-02-02 22:15:00,321.88,Approved,98.11,2233.12
321208110525001,2005-03-04 21:30:00,321.54,Approved,98.01,2233.46
321208110525001,2005-04-04 21:15:00,321.42,Approved,97.97,2233.58
321208110525001,2005-05-05 19:15:00,321.41,Approved,97.97,2233.59
321208110525001,2005-05-06 19:00:00,321.44,Approved,97.97,2233.56
321208110525001,2005-06-06 22:00:00,321.42,Approved,97.97,2233.58
321208110525001,2005-06-17 17:30:00,321.54,Approved,98.01,2233.46
321208110525001,2005-07-05 19:15:00,321.6,Approved,98.02,2233.4
321208110525001,2005-08-03 17:30:00,321.74,Approved,98.07,2233.26
321208110525001,2005-08-04 21:30:00,321.69,Approved,98.05,2233.31
321208110525001,2005-09-08 18:00:00,321.62,Approved,98.03,2233.38
321208110525001,2005-10-04 19:30:00,321.52,Approved,98.0,2233.48
321208110525001,2009-01-09 18:07:00,319.02,Approved,97.24,2235.98
321208110525001,2009-03-24 21:32:00,318.37,Approved,97.04,2236.63
321208110525001,2009-03-25 21:22:00,318.35,Approved,97.03,2236.65
321208110525001,2009-04-17 23:30:00,318.28,Approved,97.01,2236.72
321208110525001,2009-05-20 19:16:00,318.18,Approved,96.98,2236.82
321208110525001,2009-06-22 18:02:00,317.91,Approved,96.9,2237.09
321208110525001,2009-07-20 18:20:00,318.81,Approved,97.17,2236.19
321208110525001,2009-08-21 23:46:00,317.68,Approved,96.83,2237.32
321208110525001,2009-08-27 23:46:00,318.59,Approved,97.11,2236.41
321208110525001,2009-10-02 17:36:00,317.59,Approved,96.8,2237.41
321208110525001,2009-10-23 15:44:00,317.65,Approved,96.82,2237.35
321208110525001,2009-11-06 17:00:00,317.5,Approved,96.77,2237.5
321208110525001,2009-12-28 20:36:00,317.29,Approved,96.71,2237.71
321208110525001,2010-02-08 21:41:00,317.29,Approved,96.71,2237.71
321208110525001,2010-04-13 21:54:00,316.67,Approved,96.52,2238.33
321208110525001,2010-05-19 21:53:00,316.65,Approved,96.51,2238.35
321208110525001,2010-07-02 19:58:00,316.75,Approved,96.55,2238.25
321208110525001,2010-08-03 19:35:00,316.9,Approved,96.59,2238.1
321208110525001,2010-08-03 19:37:00,316.99,Approved,96.62,2238.01
321208110525001,2010-08-31 22:40:00,316.9,Approved,96.59,2238.1
321208110525001,2011-07-15 21:03:00,315.05,Approved,96.03,2239.95
321208110525001,2011-11-02 19:50:00,315.37,Approved,96.12,2239.63
321208110525001,2012-01-19 18:25:00,315.03,Approved,96.02,2239.97
321208110525001,2012-02-27 20:49:00,314.69,Approved,95.92,2240.31
321208110525001,2012-05-10 17:45:00,314.15,Approved,95.75,2240.85
321208110525001,2012-08-03 19:30:00,313.35,Approved,95.51,2241.65
321208110525001,2012-09-13 18:30:00,313.21,Approved,95.47,2241.79
321208110525001,2012-10-12 20:15:00,313.01,Approved,95.41,2241.99
321208110525001,2012-11-23 18:25:00,312.67,Approved,95.3,2242.33
321208110525001,2013-01-07 18:34:00,312.15,Approved,95.14,2242.85
321208110525001,2013-02-26 20:50:00,311.85,Approved,95.05,2243.15
321208110525001,2013-04-10 19:42:00,311.76,Approved,95.02,2243.24
321208110525001,2013-05-22 18:28:00,311.29,Approved,94.88,2243.71
321208110525001,2013-07-18 21:36:00,310.9,Approved,94.76,2244.1
321208110525001,2013-08-21 18:30:00,310.85,Approved,94.75,2244.15
321208110525001,2013-10-18 21:55:00,310.43,Approved,94.62,2244.57
321208110525001,2013-10-24 20:25:00,310.4,Approved,94.61,2244.6
321208110525001,2013-11-05 18:37:00,310.5,Approved,94.64,2244.5
321208110525001,2013-12-13 18:57:00,310.18,Approved,94.54,2244.82
321208110525001,2014-09-17 22:40:00,309.08,Approved,94.21,2245.92
321208110525001,2014-12-08 19:57:00,308.89,Approved,94.15,2246.11
321208110525001,2015-06-30 20:09:00,307.41,Approved,93.7,2247.59
321208110525001,2015-09-30 20:03:00,306.76,Approved,93.5,2248.24
321208110525001,2016-02-18 21:39:00,305.7,Approved,93.18,2249.3
321208110525001,2016-04-06 19:05:00,305.35,Approved,93.07,2249.65
321208110525001,2016-07-25 19:15:00,305.03,Approved,92.97,2249.97
321208110525001,2016-10-31 18:40:00,304.71,Approved,92.88,2250.29
321208110525001,2017-01-05 20:03:00,304.53,Approved,92.82,2250.47
321208110525001,2017-03-07 18:11:00,304.79,Approved,92.9,2250.21
321208110525001,2017-05-08 17:53:00,304.51,Approved,92.81,2250.49
321208110525001,2017-07-21 17:01:00,304.42,Approved,92.79,2250.58
321208110525001,2017-10-13 17:06:00,303.88,Approved,92.62,2251.12
321208110525001,2018-01-03 16:54:00,303.48,Approved,92.5,2251.52
321208110525001,2018-03-22 18:22:00,302.73,Approved,92.27,2252.27
321208110525001,2018-05-10 19:29:00,302.23,Approved,92.12,2252.77
321208110525001,2018-06-20 18:33:00,302.06,Approved,92.07,2252.94
321208110525001,2018-07-27 18:45:00,301.87,Approved,92.01,2253.13
321208110525001,2018-10-11 17:28:00,301.49,Approved,91.89,2253.51
321208110525001,2019-03-21 18:38:00,300.7,Approved,91.65,2254.3
321208110525001,2019-04-09 21:02:00,300.33,Approved,91.54,2254.67
321208110525001,2019-05-23 18:26:00,300.4,Approved,91.56,2254.6
321208110525001,2019-07-01 18:03:00,299.98,Approved,91.43,2255.02
321208110525001,2019-07-22 18:20:00,299.95,Approved,91.42,2255.05
321208110525001,2019-10-03 18:30:00,299.5,Approved,91.29,2255.5
321208110525001,2020-01-23 17:44:00,299.05,Approved,91.15,2255.95
321208110525001,2020-04-02 21:02:00,298.53,Approved,90.99,2256.47
321208110525001,2020-07-06 19:22:00,298.06,Approved,90.85,2256.94
321208110525001,2020-10-29 00:30:00,297.57,Approved,90.7,2257.43
321208110525001,2021-02-10 22:45:00,296.99,Approved,90.52,2258.01
321208110525001,2021-03-05 19:13:00,297.01,Approved,90.53,2257.99
321208110525001,2021-05-10 19:55:00,296.57,Approved,90.39,2258.43
321208110525001,2021-08-03 18:07:00,296.14,Approved,90.26,2258.86
321208110525001,2021-10-20 16:40:00,296.01,Approved,90.22,2258.99
321208110525001,2022-02-03 16:47:00,295.6,Approved,90.1,2259.4
321208110525001,2022-02-04 20:07:00,295.67,Approved,90.12,2259.33
321208110525001,2022-04-27 20:05:00,295.35,Approved,90.02,2259.65
321208110525001,2022-05-18 18:06:00,295.33,Approved,90.02,2259.67
321208110525001,2022-05-26 20:21:00,295.21,Approved,89.98,2259.79
321208110525001,2022-06-07 17:50:00,295.25,Approved,89.99,2259.75
321208110525001,2022-07-11 20:50:00,295.36,Approved,90.03,2259.64
321208110525001,2022-11-03 20:24:00,294.9,Approved,89.89,2260.1
321208110525001,2022-11-14 21:23:00,294.94,Approved,89.9,2260.06
321208110525001,2023-01-31 18:07:00,294.67,Approved,89.82,2260.33
321208110525001,2023-04-13 16:50:00,294.25,Approved,89.69,2260.75
321208110525001,2023-08-17 16:55:00,293.88,Approved,89.57,2261.12
321208110525001,2023-11-08 18:24:00,293.64,Approved,89.5,2261.36
321208110525001,2024-01-24 19:25:00,293.3,Approved,89.4,2261.7
321208110525001,2024-06-12 19:46:00,292.43,Approved,89.13,2262.57
321208110525001,2024-08-07 18:20:00,291.93,Approved,88.98,2263.07
321208110525001,2024-08-21 17:23:00,291.81,Approved,88.94,2263.19
321208110525001,2024-10-15 19:55:00,291.32,Approved,88.79,2263.68
321208110525001,2025-01-14 18:48:00,290.88,Provisional,88.66,2264.12
321208110525001,2025-04-15 20:37:00,289.67,Provisional,88.29,2265.33
321208110525001,2025-08-01 17:20:00,288.74,Provisional,88.01,2266.26
321208110525001,2026-03-27 19:57:00,287.54,Provisional,87.64,2267.46
321208110525001,2026-04-22 18:38:00,287.56,Provisional,87.65,2267.44
321208110525001,2026-04-23 17:12:00,287.52,Provisional,87.64,2267.48
321223110515801,1954-02-01 12:00:00,194.0,Approved,59.13,2403.0
321223110515801,1954-04-08 12:00:00,194.47,Approved,59.27,2402.53
321223110515801,1954-11-01 12:00:00,196.0,Approved,59.74,2401.0
321223110515801,1955-04-01 12:00:00,194.27,Approved,59.21,2402.73
321223110515801,1956-01-01 12:00:00,214.0,Approved,65.23,2383.0
321223110515801,1956-03-26 12:00:00,204.56,Approved,62.35,2392.44
321223110515801,1957-03-01 12:00:00,215.0,Approved,65.53,2382.0
321223110515801,1957-04-10 12:00:00,215.68,Approved,65.74,2381.32
321223110515801,1958-03-01 12:00:00,211.0,Approved,64.31,2386.0
321223110515801,1958-03-21 12:00:00,210.6,Approved,64.19,2386.4
321223110515801,1959-02-01 12:00:00,214.0,Approved,65.23,2383.0
321223110515801,1959-04-01 12:00:00,220.39,Approved,67.17,2376.61
321223110515801,1959-12-01 12:00:00,217.0,Approved,66.14,2380.0
321223110515801,1960-04-01 12:00:00,218.51,Approved,66.6,2378.49
321223110515801,1960-12-01 12:00:00,218.9,Approved,66.72,2378.1
321223110515801,1961-03-22 12:00:00,224.4,Approved,68.4,2372.6
321223110515801,1961-09-01 12:00:00,223.0,Approved,67.97,2374.0
321223110515801,1962-03-07 12:00:00,228.83,Approved,69.75,2368.17
321223110515801,1962-10-01 12:00:00,228.4,Approved,69.62,2368.6
321223110515801,1963-02-01 12:00:00,240.7,Approved,73.37,2356.3
321223110515801,1963-03-05 12:00:00,240.2,Approved,73.21,2356.8
321223110515801,1964-03-04 12:00:00,241.46,Approved,73.6,2355.54
321223110515801,1964-04-01 12:00:00,244.8,Approved,74.62,2352.2
321223110515801,1965-03-01 12:00:00,245.0,Approved,74.68,2352.0
321223110515801,1965-03-12 12:00:00,246.89,Approved,75.25,2350.11
321223110515801,1966-04-01 12:00:00,251.9,Approved,76.78,2345.1
321223110515801,1967-05-01 12:00:00,253.8,Approved,77.36,2343.2
321223110515801,1968-03-21 12:00:00,253.4,Approved,77.24,2343.6
321223110515801,1969-02-01 12:00:00,257.2,Approved,78.39,2339.8
321223110515801,1969-02-25 12:00:00,255.48,Approved,77.87,2341.52
321223110515801,1970-04-30 12:00:00,259.85,Approved,79.2,2337.15
321223110515801,1970-05-01 12:00:00,266.6,Approved,81.26,2330.4
321223110515801,1971-04-01 12:00:00,268.6,Approved,81.87,2328.4
321223110515801,1972-01-01 12:00:00,269.1,Approved,82.02,2327.9
321223110515801,1973-03-01 12:00:00,272.0,Approved,82.91,2325.0
321223110515801,1974-05-01 12:00:00,275.0,Approved,83.82,2322.0
321223110515801,1975-01-01 12:00:00,278.3,Approved,84.83,2318.7
321223110515801,1976-01-01 12:00:00,281.9,Approved,85.92,2315.1
321223110515801,1977-04-01 12:00:00,286.6,Approved,87.36,2310.4
321223110515801,1978-01-01 12:00:00,290.2,Approved,88.45,2306.8
321223110515801,1979-01-01 12:00:00,291.9,Approved,88.97,2305.1
321223110515801,1980-04-01 12:00:00,294.5,Approved,89.76,2302.5
321223110515801,1980-12-01 12:00:00,298.5,Approved,90.98,2298.5
321223110515801,1982-04-01 12:00:00,300.9,Approved,91.71,2296.1
321223110515801,1983-12-30 12:00:00,308.2,Approved,93.94,2288.8
321223110515801,1983-12-31 12:00:00,308.2,Approved,93.94,2288.8
321223110515801,1984-09-05 12:00:00,311.2,Approved,94.85,2285.8
321223110515801,1986-01-28 12:00:00,318.7,Approved,97.14,2278.3
321223110515801,1986-12-30 12:00:00,315.9,Approved,96.29,2281.1
321223110515801,1987-12-31 12:00:00,323.9,Approved,98.72,2273.1
321223110515801,1990-12-19 12:00:00,336.99,Approved,102.71,2260.01
321223110515801,1992-02-12 12:00:00,339.1,Approved,103.36,2257.9
321240110531301,1955-03-31 12:00:00,180.15,Approved,54.91,2382.85
321240110531301,1956-03-28 12:00:00,185.15,Approved,56.43,2377.85
321240110531301,1957-04-17 12:00:00,189.05,Approved,57.62,2373.95
321240110531301,1958-03-24 12:00:00,188.74,Approved,57.53,2374.26
321240110531301,1959-03-31 12:00:00,191.21,Approved,58.28,2371.79
321240110531301,1960-04-06 12:00:00,197.38,Approved,60.16,2365.62
321240110531301,1961-03-22 12:00:00,199.55,Approved,60.82,2363.45
321240110531301,1962-03-01 12:00:00,205.64,Approved,62.68,2357.36
321240110531301,1963-03-05 12:00:00,207.33,Approved,63.19,2355.67
321240110531301,1964-03-05 12:00:00,213.81,Approved,65.17,2349.19
321240110531301,1965-03-15 12:00:00,215.18,Approved,65.59,2347.82
321240110531301,1965-06-22 12:00:00,220.4,Approved,67.18,2342.6
321240110531301,1965-10-07 12:00:00,221.2,Approved,67.42,2341.8
321240110531301,1965-12-15 12:00:00,179.0,Approved,54.56,2384.0
321240110531301,1966-01-15 12:00:00,214.2,Approved,65.29,2348.8
321240110531301,1966-03-04 12:00:00,217.4,Approved,66.26,2345.6
321240110531301,1966-03-17 12:00:00,218.0,Approved,66.45,2345.0
321240110531301,1966-04-19 12:00:00,221.5,Approved,67.51,2341.5
321240110531301,1966-05-15 12:00:00,227.8,Approved,69.43,2335.2
321240110531301,1966-06-17 12:00:00,220.6,Approved,67.24,2342.4
321240110531301,1966-07-15 12:00:00,222.1,Approved,67.7,2340.9
321240110531301,1966-08-24 12:00:00,224.4,Approved,68.4,2338.6
321240110531301,1966-09-15 12:00:00,225.1,Approved,68.61,2337.9
321240110531301,1966-10-15 12:00:00,225.1,Approved,68.61,2337.9
321240110531301,1966-11-18 12:00:00,222.2,Approved,67.73,2340.8
321240110531301,1966-12-21 12:00:00,227.0,Approved,69.19,2336.0
321240110531301,1967-01-15 12:00:00,226.0,Approved,68.88,2337.0
321240110531301,1967-02-01 12:00:00,225.8,Approved,68.82,2337.2
321240110531301,1967-03-14 12:00:00,226.1,Approved,68.92,2336.9
321240110531301,1967-04-17 12:00:00,223.5,Approved,68.12,2339.5
321240110531301,1967-05-16 12:00:00,224.6,Approved,68.46,2338.4
321240110531301,1967-07-01 12:00:00,228.0,Approved,69.49,2335.0
321240110531301,1967-08-01 12:00:00,228.3,Approved,69.59,2334.7
321240110531301,1967-09-01 12:00:00,228.8,Approved,69.74,2334.2
321240110531301,1967-11-01 12:00:00,224.5,Approved,68.43,2338.5
321240110531301,1967-12-01 12:00:00,223.8,Approved,68.21,2339.2
321240110531301,1968-01-01 12:00:00,223.9,Approved,68.24,2339.1
321240110531301,1968-02-01 12:00:00,223.7,Approved,68.18,2339.3
321240110531301,1968-03-20 12:00:00,232.08,Approved,70.74,2330.92
321240110531301,1968-04-01 12:00:00,223.3,Approved,68.06,2339.7
321240110531301,1968-05-01 12:00:00,225.0,Approved,68.58,2338.0
321240110531301,1968-06-01 12:00:00,224.9,Approved,68.55,2338.1
321240110531301,1969-02-25 12:00:00,225.52,Approved,68.74,2337.48
321240110531301,1970-04-27 12:00:00,229.1,Approved,69.83,2333.9
321240110531301,1971-03-01 12:00:00,233.7,Approved,71.23,2329.3
321240110531301,1981-12-22 12:00:00,273.8,Approved,83.45,2289.2
321240110531301,1982-12-01 12:00:00,278.0,Approved,84.73,2285.0
321240110531301,1984-01-03 12:00:00,280.7,Approved,85.56,2282.3
321240110531301,1985-01-15 12:00:00,283.9,Approved,86.53,2279.1
321240110531301,1986-01-02 12:00:00,288.7,Approved,88.0,2274.3
321240110531301,1986-12-30 12:00:00,294.6,Approved,89.79,2268.4
321240110531301,1987-12-21 12:00:00,294.4,Approved,89.73,2268.6
321240110531301,1989-01-10 12:00:00,301.8,Approved,91.99,2261.2
321240110531301,1990-12-14 12:00:00,310.03,Approved,94.5,2252.97
321240110531301,1991-12-24 12:00:00,313.05,Approved,95.42,2249.95
321329110563701,1930-11-14 12:00:00,75.0,Approved,22.86,2395.0
321329110563701,1930-12-13 12:00:00,85.5,Approved,26.06,2384.5
321329110563701,1931-03-16 12:00:00,73.5,Approved,22.4,2396.5
321329110563701,1931-04-15 12:00:00,73.66,Approved,22.45,2396.34
321329110563701,1931-05-15 12:00:00,76.92,Approved,23.45,2393.08
321329110563701,1931-06-16 12:00:00,81.34,Approved,24.79,2388.66
321329110563701,1931-07-15 12:00:00,108.5,Approved,33.07,2361.5
321329110563701,1931-08-17 12:00:00,110.29,Approved,33.62,2359.71
321329110563701,1931-09-15 12:00:00,75.5,Approved,23.01,2394.5
321329110563701,1931-10-15 12:00:00,75.08,Approved,22.88,2394.92
321329110563701,1931-11-16 12:00:00,74.17,Approved,22.61,2395.83
321329110563701,1931-12-15 12:00:00,109.33,Approved,33.32,2360.67
321329110563701,1932-01-16 12:00:00,73.58,Approved,22.43,2396.42
321329110563701,1932-02-15 12:00:00,73.17,Approved,22.3,2396.83
321329110563701,1932-03-15 12:00:00,72.8,Approved,22.19,2397.2
321329110563701,1933-02-01 12:00:00,72.8,Approved,22.19,2397.2
321329110563701,1933-03-01 12:00:00,72.75,Approved,22.17,2397.25
321329110563701,1934-02-01 12:00:00,73.3,Approved,22.34,2396.7
321329110563701,1934-03-01 12:00:00,73.08,Approved,22.27,2396.92
321329110563701,1935-01-01 12:00:00,74.26,Approved,22.63,2395.74
321329110563701,1935-03-01 12:00:00,73.42,Approved,22.38,2396.58
321329110563701,1936-01-01 12:00:00,75.63,Approved,23.05,2394.37
321329110563701,1936-04-01 12:00:00,74.13,Approved,22.59,2395.87
321329110563701,1937-01-01 12:00:00,74.66,Approved,22.76,2395.34
321329110563701,1937-02-01 12:00:00,74.5,Approved,22.71,2395.5
321329110563701,1938-01-01 12:00:00,76.55,Approved,23.33,2393.45
321329110563701,1938-02-01 12:00:00,75.44,Approved,22.99,2394.56
321329110563701,1938-03-01 12:00:00,76.18,Approved,23.22,2393.82
321329110563701,1947-02-26 12:00:00,92.63,Approved,28.23,2377.37
321329110563701,1948-03-09 12:00:00,96.76,Approved,29.49,2373.24
321329110563701,1949-02-25 12:00:00,101.22,Approved,30.85,2368.78
321329110563701,1950-03-27 12:00:00,108.06,Approved,32.94,2361.94
321329110563701,1951-02-28 12:00:00,111.3,Approved,33.92,2358.7
321329110563701,1953-03-24 12:00:00,109.98,Approved,33.52,2360.02
321329110563701,1954-03-12 12:00:00,114.05,Approved,34.76,2355.95
321329110563701,1955-03-28 12:00:00,112.05,Approved,34.15,2357.95
321329110563701,1956-03-28 12:00:00,116.04,Approved,35.37,2353.96
321329110563701,1957-04-11 12:00:00,117.0,Approved,35.66,2353.0
321329110563701,1958-03-19 12:00:00,118.75,Approved,36.2,2351.25
321329110563701,1959-04-01 12:00:00,125.82,Approved,38.35,2344.18
321329110563701,1960-04-06 12:00:00,128.18,Approved,39.07,2341.82
321329110563701,1961-03-20 12:00:00,128.12,Approved,39.05,2341.88
321329110563701,1962-03-09 12:00:00,125.17,Approved,38.15,2344.83
321329110563701,1963-03-04 12:00:00,131.52,Approved,40.09,2338.48
321329110563701,1964-03-03 12:00:00,132.17,Approved,40.29,2337.83
321329110563701,1965-03-08 12:00:00,129.71,Approved,39.54,2340.29
321329110563701,1965-07-09 12:00:00,156.0,Approved,47.55,2314.0
321329110563701,1968-03-18 12:00:00,140.76,Approved,42.9,2329.24
321329110563701,1969-02-26 12:00:00,142.3,Approved,43.37,2327.7
321329110563701,1974-04-20 12:00:00,165.0,Approved,50.29,2305.0
321329110563701,1981-12-01 12:00:00,174.2,Approved,53.1,2295.8
321344110505201,1951-10-25 12:00:00,179.6,Approved,54.74,2380.4
321344110505201,1951-11-28 12:00:00,181.99,Approved,55.47,2378.01
321344110505201,1952-01-28 12:00:00,180.12,Approved,54.9,2379.88
321344110505201,1952-02-21 12:00:00,180.17,Approved,54.92,2379.83
321344110505201,1952-03-24 12:00:00,180.27,Approved,54.95,2379.73
321344110505201,1952-04-28 12:00:00,180.57,Approved,55.04,2379.43
321344110505201,1952-05-23 12:00:00,180.81,Approved,55.11,2379.19
321344110505201,1952-06-26 12:00:00,181.02,Approved,55.17,2378.98
321344110505201,1952-07-25 12:00:00,181.11,Approved,55.2,2378.89
321344110505201,1952-08-22 12:00:00,181.33,Approved,55.27,2378.67
321344110505201,1952-09-23 12:00:00,181.37,Approved,55.28,2378.63
321344110505201,1952-10-27 12:00:00,181.72,Approved,55.39,2378.28
321344110505201,1952-11-25 12:00:00,181.76,Approved,55.4,2378.24
321344110505201,1952-12-23 12:00:00,181.91,Approved,55.45,2378.09
321344110505201,1953-01-27 12:00:00,182.22,Approved,55.54,2377.78
321344110505201,1953-02-24 12:00:00,181.89,Approved,55.44,2378.11
321344110505201,1953-03-26 12:00:00,182.57,Approved,55.65,2377.43
321344110505201,1953-04-27 12:00:00,182.94,Approved,55.76,2377.06
321344110505201,1953-05-25 12:00:00,183.04,Approved,55.79,2376.96
321344110505201,1953-06-25 12:00:00,183.3,Approved,55.87,2376.7
321344110505201,1953-07-27 12:00:00,183.39,Approved,55.9,2376.61
321344110505201,1953-08-25 12:00:00,184.4,Approved,56.21,2375.6
321344110505201,1953-09-25 12:00:00,183.87,Approved,56.04,2376.13
321344110505201,1953-10-23 12:00:00,184.03,Approved,56.09,2375.97
321344110505201,1953-11-23 12:00:00,184.17,Approved,56.14,2375.83
321344110505201,1953-12-22 12:00:00,184.27,Approved,56.17,2375.73
321344110505201,1954-01-25 12:00:00,184.57,Approved,56.26,2375.43
321344110505201,1954-02-08 12:00:00,183.94,Approved,56.06,2376.06
321344110505201,1954-02-23 12:00:00,184.82,Approved,56.33,2375.18
321344110505201,1954-03-25 12:00:00,184.84,Approved,56.34,2375.16
321344110505201,1954-04-26 12:00:00,185.05,Approved,56.4,2374.95
321344110505201,1954-05-27 12:00:00,185.35,Approved,56.49,2374.65
321344110505201,1954-06-22 12:00:00,185.7,Approved,56.6,2374.3
321344110505201,1954-07-26 12:00:00,185.69,Approved,56.6,2374.31
321344110505201,1954-09-27 12:00:00,186.39,Approved,56.81,2373.61
321344110505201,1954-10-26 12:00:00,186.45,Approved,56.83,2373.55
321344110505201,1954-11-23 12:00:00,186.51,Approved,56.85,2373.49
321344110505201,1954-12-27 12:00:00,186.28,Approved,56.78,2373.72
321344110505201,1955-01-24 12:00:00,187.0,Approved,57.0,2373.0
321344110505201,1955-02-24 12:00:00,186.51,Approved,56.85,2373.49
321344110505201,1955-03-25 12:00:00,187.44,Approved,57.13,2372.56
321344110505201,1955-04-25 12:00:00,187.66,Approved,57.2,2372.34
321344110505201,1955-05-23 12:00:00,187.93,Approved,57.28,2372.07
321344110505201,1955-06-22 12:00:00,188.2,Approved,57.36,2371.8
321344110505201,1955-07-08 12:00:00,188.35,Approved,57.41,2371.65
321344110505201,1955-07-21 12:00:00,188.43,Approved,57.43,2371.57
321344110505201,1955-08-29 12:00:00,188.75,Approved,57.53,2371.25
321344110505201,1955-09-27 12:00:00,189.16,Approved,57.66,2370.84
321344110505201,1955-10-23 12:00:00,190.82,Approved,58.16,2369.18
321344110505201,1955-11-28 12:00:00,189.3,Approved,57.7,2370.7
321344110505201,1955-12-21 12:00:00,190.44,Approved,58.05,2369.56
321344110505201,1956-03-27 12:00:00,191.03,Approved,58.23,2368.97
321344110505201,1956-05-02 12:00:00,195.26,Approved,59.52,2364.74
321344110505201,1956-06-05 12:00:00,198.47,Approved,60.49,2361.53
321344110505201,1956-07-10 12:00:00,204.62,Approved,62.37,2355.38
321344110505201,1956-08-03 12:00:00,198.0,Approved,60.35,2362.0
321344110505201,1956-09-24 12:00:00,197.63,Approved,60.24,2362.37
321344110505201,1956-10-19 12:00:00,198.3,Approved,60.44,2361.7
321406110563901,1930-11-14 12:00:00,114.88,Approved,35.02,2346.12
321406110563901,1930-12-13 12:00:00,117.8,Approved,35.91,2343.2
321406110563901,1931-03-16 12:00:00,114.52,Approved,34.91,2346.48
321406110563901,1931-04-15 12:00:00,115.72,Approved,35.27,2345.28
321406110563901,1931-05-15 12:00:00,116.21,Approved,35.42,2344.79
321406110563901,1931-07-15 12:00:00,115.83,Approved,35.3,2345.17
321406110563901,1931-08-17 12:00:00,115.35,Approved,35.16,2345.65
321406110563901,1931-09-15 12:00:00,115.51,Approved,35.21,2345.49
321406110563901,1931-10-15 12:00:00,116.09,Approved,35.38,2344.91
321406110563901,1931-11-16 12:00:00,115.4,Approved,35.17,2345.6
321406110563901,1931-12-15 12:00:00,114.81,Approved,34.99,2346.19
321406110563901,1932-01-16 12:00:00,114.14,Approved,34.79,2346.86
321406110563901,1932-02-15 12:00:00,113.13,Approved,34.48,2347.87
321406110563901,1932-03-15 12:00:00,112.98,Approved,34.44,2348.02
321406110563901,1932-08-01 12:00:00,120.6,Approved,36.76,2340.4
321406110563901,1932-10-01 12:00:00,116.32,Approved,35.45,2344.68
321406110563901,1932-11-01 12:00:00,115.6,Approved,35.23,2345.4
321406110563901,1932-12-01 12:00:00,114.56,Approved,34.92,2346.44
321406110563901,1933-02-01 12:00:00,113.26,Approved,34.52,2347.74
321406110563901,1933-03-01 12:00:00,114.6,Approved,34.93,2346.4
321406110563901,1933-04-01 12:00:00,116.09,Approved,35.38,2344.91
321406110563901,1933-05-01 12:00:00,114.9,Approved,35.02,2346.1
321406110563901,1933-06-01 12:00:00,118.3,Approved,36.06,2342.7
321406110563901,1933-07-01 12:00:00,119.73,Approved,36.49,2341.27
321406110563901,1933-11-01 12:00:00,116.76,Approved,35.59,2344.24
321406110563901,1933-12-01 12:00:00,115.6,Approved,35.23,2345.4
321406110563901,1934-02-01 12:00:00,114.26,Approved,34.83,2346.74
321406110563901,1934-03-01 12:00:00,114.55,Approved,34.91,2346.45
321406110563901,1934-04-01 12:00:00,114.89,Approved,35.02,2346.11
321406110563901,1934-05-01 12:00:00,117.29,Approved,35.75,2343.71
321406110563901,1934-06-01 12:00:00,117.29,Approved,35.75,2343.71
321406110563901,1934-08-01 12:00:00,116.8,Approved,35.6,2344.2
321406110563901,1934-09-01 12:00:00,118.11,Approved,36.0,2342.89
321406110563901,1934-11-01 12:00:00,117.02,Approved,35.67,2343.98
321406110563901,1934-12-01 12:00:00,116.11,Approved,35.39,2344.89
321406110563901,1935-01-01 12:00:00,115.29,Approved,35.14,2345.71
321406110563901,1935-03-01 12:00:00,114.4,Approved,34.87,2346.6
321406110563901,1935-06-01 12:00:00,115.55,Approved,35.22,2345.45
321406110563901,1935-08-01 12:00:00,116.26,Approved,35.44,2344.74
321406110563901,1935-09-01 12:00:00,117.48,Approved,35.81,2343.52
321406110563901,1936-01-01 12:00:00,115.29,Approved,35.14,2345.71
321406110563901,1936-04-01 12:00:00,115.95,Approved,35.34,2345.05
321406110563901,1936-07-01 12:00:00,119.14,Approved,36.31,2341.86
321406110563901,1937-01-01 12:00:00,117.5,Approved,35.81,2343.5
321406110563901,1937-02-01 12:00:00,116.8,Approved,35.6,2344.2
321406110563901,1937-06-01 12:00:00,120.97,Approved,36.87,2340.03
321406110563901,1937-07-01 12:00:00,119.8,Approved,36.52,2341.2
321406110563901,1937-08-01 12:00:00,123.25,Approved,37.57,2337.75
321406110563901,1937-09-01 12:00:00,123.25,Approved,37.57,2337.75
321406110563901,1937-10-01 12:00:00,122.5,Approved,37.34,2338.5
321406110563901,1937-11-01 12:00:00,122.0,Approved,37.19,2339.0
321406110563901,1937-12-01 12:00:00,122.75,Approved,37.41,2338.25
321406110563901,1938-01-01 12:00:00,122.25,Approved,37.26,2338.75
321406110563901,1938-02-01 12:00:00,119.7,Approved,36.48,2341.3
321406110563901,1938-03-01 12:00:00,119.0,Approved,36.27,2342.0
321406110563901,1938-04-01 12:00:00,121.0,Approved,36.88,2340.0
321406110563901,1938-05-01 12:00:00,121.0,Approved,36.88,2340.0
321406110563901,1939-08-01 12:00:00,120.6,Approved,36.76,2340.4
321406110563901,1940-02-01 12:00:00,120.1,Approved,36.61,2340.9
321406110563901,1940-03-01 12:00:00,122.35,Approved,37.29,2338.65
321406110563901,1940-06-01 12:00:00,121.1,Approved,36.91,2339.9
321406110563901,1958-03-19 12:00:00,155.75,Approved,47.47,2305.25
321406110563901,1959-03-31 12:00:00,161.23,Approved,49.14,2299.77
321406110563901,1960-03-06 12:00:00,163.63,Approved,49.87,2297.37
321406110563901,1961-03-21 12:00:00,166.15,Approved,50.64,2294.85
321406110563901,1962-03-09 12:00:00,164.62,Approved,50.18,2296.38
321406110563901,1963-03-04 12:00:00,167.53,Approved,51.06,2293.47
321406110563901,1964-03-03 12:00:00,167.57,Approved,51.08,2293.43
321406110563901,1965-03-08 12:00:00,166.23,Approved,50.67,2294.77
321406110563901,1965-07-15 12:00:00,177.9,Approved,54.22,2283.1
321406110563901,1965-08-10 12:00:00,171.5,Approved,52.27,2289.5
321406110563901,1965-09-21 12:00:00,173.0,Approved,52.73,2288.0
321406110563901,1965-10-15 12:00:00,176.1,Approved,53.68,2284.9
321406110563901,1965-12-15 12:00:00,171.5,Approved,52.27,2289.5
321406110563901,1966-01-15 12:00:00,171.0,Approved,52.12,2290.0
321406110563901,1966-03-04 12:00:00,171.5,Approved,52.27,2289.5
321406110563901,1966-03-17 12:00:00,170.0,Approved,51.82,2291.0
321406110563901,1966-04-17 12:00:00,173.6,Approved,52.91,2287.4
321406110563901,1966-07-06 12:00:00,179.03,Approved,54.57,2281.97
321406110563901,1968-03-01 12:00:00,173.32,Approved,52.83,2287.68
321406110563901,1968-04-01 12:00:00,172.5,Approved,52.58,2288.5
321406110563901,1968-05-01 12:00:00,172.4,Approved,52.55,2288.6
321406110563901,1968-06-01 12:00:00,173.0,Approved,52.73,2288.0
321406110563901,1969-02-26 12:00:00,173.4,Approved,52.85,2287.6
321406110563901,1970-02-18 12:00:00,174.3,Approved,53.13,2286.7
321406110563901,1971-02-01 12:00:00,181.55,Approved,55.34,2279.45
321406110563901,1981-12-28 12:00:00,226.2,Approved,68.95,2234.8
321406110563901,1982-12-01 12:00:00,228.4,Approved,69.62,2232.6
321406110563901,1984-01-04 12:00:00,230.9,Approved,70.38,2230.1
321406110563901,1985-01-09 12:00:00,233.8,Approved,71.26,2227.2
321406110563901,1986-01-03 12:00:00,236.9,Approved,72.21,2224.1
321406110563901,1987-01-22 12:00:00,239.3,Approved,72.94,2221.7
321406110563901,1987-12-23 12:00:00,241.8,Approved,73.7,2219.2
321406110563901,1988-12-19 12:00:00,244.7,Approved,74.58,2216.3
321406110563901,1990-12-20 12:00:00,255.1,Approved,77.75,2205.9
321406110563901,1991-12-31 12:00:00,285.08,Approved,86.89,2175.92
321407110561801,1922-01-01 12:00:00,111.0,Approved,33.83,2366.0
321407110561801,1923-03-01 12:00:00,111.0,Approved,33.83,2366.0
321407110561801,1929-12-01 12:00:00,124.0,Approved,37.8,2353.0
321407110561801,1930-01-01 12:00:00,122.9,Approved,37.46,2354.1
321407110561801,1930-11-01 12:00:00,123.0,Approved,37.49,2354.0
321407110561801,1930-11-14 12:00:00,121.8,Approved,37.12,2355.2
321407110561801,1930-12-06 12:00:00,126.42,Approved,38.53,2350.58
321407110561801,1931-03-16 12:00:00,116.0,Approved,35.36,2361.0
321407110561801,1931-04-15 12:00:00,117.0,Approved,35.66,2360.0
321407110561801,1931-05-15 12:00:00,117.25,Approved,35.74,2359.75
321407110561801,1931-06-16 12:00:00,119.75,Approved,36.5,2357.25
321407110561801,1931-07-15 12:00:00,120.84,Approved,36.83,2356.16
321407110561801,1931-08-01 12:00:00,123.1,Approved,37.52,2353.9
321407110561801,1931-08-17 12:00:00,118.7,Approved,36.18,2358.3
321407110561801,1931-09-15 12:00:00,118.13,Approved,36.01,2358.87
321407110561801,1931-10-15 12:00:00,118.49,Approved,36.12,2358.51
321407110561801,1931-11-16 12:00:00,118.06,Approved,35.98,2358.94
321407110561801,1931-12-15 12:00:00,117.74,Approved,35.89,2359.26
321407110561801,1932-01-16 12:00:00,116.67,Approved,35.56,2360.33
321407110561801,1932-02-15 12:00:00,115.79,Approved,35.29,2361.21
321407110561801,1932-03-15 12:00:00,116.72,Approved,35.58,2360.28
321407110561801,1932-06-01 12:00:00,121.48,Approved,37.03,2355.52
321407110561801,1932-07-01 12:00:00,122.67,Approved,37.39,2354.33
321407110561801,1932-08-01 12:00:00,122.67,Approved,37.39,2354.33
321407110561801,1932-10-01 12:00:00,117.83,Approved,35.91,2359.17
321407110561801,1932-11-01 12:00:00,118.15,Approved,36.01,2358.85
321407110561801,1932-12-01 12:00:00,116.33,Approved,35.46,2360.67
321407110561801,1933-02-01 12:00:00,115.63,Approved,35.24,2361.37
321407110561801,1933-03-01 12:00:00,116.45,Approved,35.49,2360.55
321407110561801,1933-04-01 12:00:00,117.56,Approved,35.83,2359.44
321407110561801,1933-05-01 12:00:00,119.53,Approved,36.43,2357.47
321407110561801,1933-06-01 12:00:00,126.63,Approved,38.6,2350.37
321407110561801,1933-07-01 12:00:00,122.85,Approved,37.44,2354.15
321407110561801,1933-10-01 12:00:00,124.5,Approved,37.95,2352.5
321407110561801,1933-11-01 12:00:00,121.2,Approved,36.94,2355.8
321407110561801,1933-12-01 12:00:00,119.6,Approved,36.45,2357.4
321407110561801,1934-02-01 12:00:00,118.4,Approved,36.09,2358.6
321407110561801,1934-03-01 12:00:00,120.58,Approved,36.75,2356.42
321407110561801,1934-04-01 12:00:00,120.67,Approved,36.78,2356.33
321407110561801,1934-05-01 12:00:00,126.41,Approved,38.53,2350.59
321407110561801,1934-06-01 12:00:00,123.91,Approved,37.77,2353.09
321407110561801,1934-07-01 12:00:00,126.1,Approved,38.44,2350.9
321407110561801,1934-08-01 12:00:00,123.37,Approved,37.6,2353.63
321407110561801,1934-09-01 12:00:00,124.22,Approved,37.86,2352.78
321407110561801,1934-11-01 12:00:00,122.52,Approved,37.34,2354.48
321407110561801,1934-12-01 12:00:00,120.0,Approved,36.58,2357.0
321407110561801,1935-03-01 12:00:00,117.83,Approved,35.91,2359.17
321407110561801,1935-04-01 12:00:00,117.83,Approved,35.91,2359.17
321407110561801,1935-06-01 12:00:00,124.5,Approved,37.95,2352.5
321407110561801,1935-06-01 12:00:00,122.49,Approved,37.33,2354.51
321407110561801,1935-09-01 12:00:00,120.81,Approved,36.82,2356.19
321407110561801,1935-10-01 12:00:00,122.1,Approved,37.22,2354.9
321407110561801,1936-01-01 12:00:00,122.01,Approved,37.19,2354.99
321407110561801,1937-01-01 12:00:00,121.22,Approved,36.95,2355.78
321407110561801,1937-02-01 12:00:00,126.3,Approved,38.5,2350.7
321407110561801,1937-08-01 12:00:00,134.1,Approved,40.87,2342.9
321407110561801,1937-09-01 12:00:00,133.5,Approved,40.69,2343.5
321407110561801,1937-10-01 12:00:00,133.4,Approved,40.66,2343.6
321407110561801,1937-11-01 12:00:00,131.2,Approved,39.99,2345.8
321407110561801,1938-01-01 12:00:00,130.9,Approved,39.9,2346.1
321407110561801,1945-05-01 12:00:00,145.0,Approved,44.2,2332.0
321407110561801,1946-06-01 12:00:00,156.3,Approved,47.64,2320.7
321407110561801,1947-07-01 12:00:00,156.0,Approved,47.55,2321.0
321407110561801,1948-03-10 12:00:00,147.12,Approved,44.84,2329.88
321407110561801,1949-02-25 12:00:00,150.85,Approved,45.98,2326.15
321407110561801,1949-03-01 12:00:00,153.0,Approved,46.63,2324.0
321407110561801,1950-03-27 12:00:00,155.28,Approved,47.33,2321.72
321407110561801,1950-09-01 12:00:00,163.0,Approved,49.68,2314.0
321407110561801,1951-02-28 12:00:00,149.93,Approved,45.7,2327.07
321407110561801,1952-03-01 12:00:00,152.0,Approved,46.33,2325.0
321407110561801,1952-03-18 12:00:00,149.15,Approved,45.46,2327.85
321407110561801,1953-03-01 12:00:00,156.0,Approved,47.55,2321.0
321407110561801,1953-03-24 12:00:00,154.64,Approved,47.13,2322.36
321407110561801,1953-10-01 12:00:00,158.4,Approved,48.28,2318.6
321407110561801,1954-03-11 12:00:00,156.1,Approved,47.58,2320.9
321407110561801,1955-03-01 12:00:00,160.0,Approved,48.77,2317.0
321407110561801,1955-04-01 12:00:00,158.96,Approved,48.45,2318.04
321407110561801,1956-02-01 12:00:00,159.4,Approved,48.59,2317.6
321407110561801,1956-03-23 12:00:00,159.61,Approved,48.65,2317.39
321407110561801,1957-03-01 12:00:00,164.0,Approved,49.99,2313.0
321407110561801,1957-04-11 12:00:00,162.23,Approved,49.45,2314.77
321407110561801,1958-03-19 12:00:00,160.38,Approved,48.88,2316.62
321407110561801,1958-04-01 12:00:00,163.0,Approved,49.68,2314.0
321407110561801,1959-01-01 12:00:00,167.0,Approved,50.9,2310.0
321407110561801,1959-04-30 12:00:00,167.85,Approved,51.16,2309.15
321407110561801,1960-02-01 12:00:00,171.5,Approved,52.27,2305.5
321407110561801,1960-05-06 12:00:00,172.45,Approved,52.56,2304.55
321407110561801,1961-01-01 12:00:00,175.2,Approved,53.4,2301.8
321407110561801,1961-03-21 12:00:00,173.37,Approved,52.84,2303.63
321407110561801,1961-10-01 12:00:00,169.0,Approved,51.51,2308.0
321407110561801,1962-03-09 12:00:00,168.36,Approved,51.32,2308.64
321407110561801,1963-03-04 12:00:00,174.31,Approved,53.13,2302.69
321407110561801,1963-04-01 12:00:00,177.1,Approved,53.98,2299.9
321407110561801,1964-03-03 12:00:00,172.1,Approved,52.46,2304.9
321407110561801,1964-05-01 12:00:00,190.3,Approved,58.0,2286.7
321407110561801,1965-03-01 12:00:00,174.0,Approved,53.04,2303.0
321407110561801,1965-03-08 12:00:00,172.34,Approved,52.53,2304.66
321407110561801,1966-03-01 12:00:00,191.0,Approved,58.22,2286.0
321407110561801,1967-05-01 12:00:00,176.4,Approved,53.77,2300.6
321407110561801,1968-02-01 12:00:00,178.3,Approved,54.35,2298.7
321407110561801,1968-03-18 12:00:00,174.5,Approved,53.19,2302.5
321407110561801,1969-01-01 12:00:00,181.1,Approved,55.2,2295.9
321407110561801,1969-02-26 12:00:00,176.2,Approved,53.71,2300.8
321407110561801,1970-04-28 12:00:00,183.13,Approved,55.82,2293.87
321407110561801,1971-02-01 12:00:00,188.5,Approved,57.45,2288.5
321407110561801,1972-02-01 12:00:00,204.6,Approved,62.36,2272.4
321407110561801,1973-03-01 12:00:00,211.2,Approved,64.37,2265.8
321407110561801,1974-03-01 12:00:00,215.4,Approved,65.65,2261.6
321407110561801,1974-12-01 12:00:00,208.0,Approved,63.4,2269.0
321407110561801,1976-03-01 12:00:00,211.9,Approved,64.59,2265.1
321407110561801,1977-01-01 12:00:00,215.1,Approved,65.56,2261.9
321407110561801,1977-12-01 12:00:00,223.1,Approved,68.0,2253.9
321407110561801,1979-02-01 12:00:00,223.1,Approved,68.0,2253.9
321407110561801,1980-01-01 12:00:00,233.0,Approved,71.02,2244.0
321407110561801,1980-10-01 12:00:00,234.9,Approved,71.6,2242.1
321407110561801,1981-12-01 12:00:00,229.6,Approved,69.98,2247.4
321407110561801,1981-12-29 12:00:00,229.65,Approved,70.0,2247.35
321407110561801,1982-12-01 12:00:00,233.2,Approved,71.08,2243.8
321407110561801,1984-01-01 12:00:00,235.6,Approved,71.81,2241.4
321407110561801,1984-01-04 12:00:00,235.6,Approved,71.81,2241.4
321407110561801,1985-01-09 12:00:00,239.5,Approved,73.0,2237.5
321407110561801,1986-01-03 12:00:00,242.6,Approved,73.94,2234.4
321407110561801,1986-12-31 12:00:00,245.4,Approved,74.8,2231.6
321407110561801,1987-12-23 12:00:00,247.2,Approved,75.35,2229.8
321407110561801,1988-12-30 12:00:00,250.9,Approved,76.47,2226.1
321407110561801,1990-12-20 12:00:00,262.05,Approved,79.87,2214.95
321407110561801,1991-12-24 12:00:00,264.65,Approved,80.67,2212.35
321504110521601,1955-05-02 12:00:00,97.55,Approved,29.73,2385.45
321504110521601,1956-04-23 12:00:00,99.98,Approved,30.47,2383.02
321504110521601,1957-05-06 12:00:00,104.01,Approved,31.7,2378.99
321504110521601,1958-05-15 12:00:00,105.68,Approved,32.21,2377.32
321504110521601,1959-03-06 12:00:00,107.84,Approved,32.87,2375.16
321504110521601,1960-03-16 12:00:00,110.74,Approved,33.75,2372.26
321504110521601,1961-03-20 12:00:00,114.9,Approved,35.02,2368.1
321504110521601,1962-03-09 12:00:00,118.53,Approved,36.13,2364.47
321504110521601,1964-03-02 12:00:00,122.94,Approved,37.47,2360.06
321504110521601,1965-01-15 12:00:00,124.5,Approved,37.95,2358.5
321504110521601,1965-03-11 12:00:00,129.03,Approved,39.33,2353.97
321504110521601,1965-06-01 12:00:00,128.5,Approved,39.17,2354.5
321504110521601,1965-08-12 12:00:00,129.6,Approved,39.5,2353.4
321504110521601,1965-09-29 12:00:00,128.8,Approved,39.26,2354.2
321504110521601,1965-10-15 12:00:00,130.9,Approved,39.9,2352.1
321504110521601,1965-12-15 12:00:00,126.4,Approved,38.53,2356.6
321504110521601,1966-03-04 12:00:00,125.0,Approved,38.1,2358.0
321504110521601,1966-04-19 12:00:00,130.1,Approved,39.65,2352.9
321504110521601,1966-05-15 12:00:00,131.0,Approved,39.93,2352.0
321504110521601,1966-06-15 12:00:00,129.8,Approved,39.56,2353.2
321504110521601,1966-07-15 12:00:00,139.0,Approved,42.37,2344.0
321504110521601,1966-08-22 12:00:00,135.1,Approved,41.18,2347.9
321504110521601,1966-09-15 12:00:00,135.5,Approved,41.3,2347.5
321504110521601,1966-10-15 12:00:00,139.2,Approved,42.43,2343.8
321504110521601,1966-11-19 12:00:00,135.0,Approved,41.15,2348.0
321504110521601,1966-12-28 12:00:00,135.6,Approved,41.33,2347.4
321504110521601,1967-01-01 12:00:00,134.3,Approved,40.93,2348.7
321504110521601,1967-03-01 12:00:00,134.0,Approved,40.84,2349.0
321504110521601,1967-04-11 12:00:00,135.7,Approved,41.36,2347.3
321504110521601,1967-07-01 12:00:00,139.4,Approved,42.49,2343.6
321504110521601,1967-08-01 12:00:00,139.9,Approved,42.64,2343.1
321504110521601,1967-09-01 12:00:00,136.0,Approved,41.45,2347.0
321504110521601,1967-10-01 12:00:00,136.2,Approved,41.51,2346.8
321504110521601,1967-11-01 12:00:00,136.3,Approved,41.54,2346.7
321504110521601,1967-12-01 12:00:00,135.1,Approved,41.18,2347.9
321504110521601,1968-01-01 12:00:00,135.3,Approved,41.24,2347.7
321504110521601,1968-02-01 12:00:00,135.0,Approved,41.15,2348.0
321504110521601,1968-03-01 12:00:00,135.1,Approved,41.18,2347.9
321504110521601,1968-04-11 12:00:00,138.98,Approved,42.36,2344.02
321504110521601,1968-05-01 12:00:00,136.4,Approved,41.57,2346.6
321504110521601,1968-06-01 12:00:00,135.7,Approved,41.36,2347.3
321504110521601,1969-04-15 12:00:00,141.31,Approved,43.07,2341.69
321504110521601,1970-02-11 12:00:00,148.7,Approved,45.32,2334.3
321504110521601,1971-03-14 12:00:00,153.2,Approved,46.7,2329.8
321504110521601,1978-01-31 12:00:00,183.5,Approved,55.93,2299.5
321504110521601,1978-03-02 12:00:00,182.9,Approved,55.75,2300.1
321504110521601,1978-03-27 12:00:00,183.1,Approved,55.81,2299.9
321504110521601,1978-05-01 12:00:00,183.8,Approved,56.02,2299.2
321504110521601,1978-05-23 12:00:00,184.2,Approved,56.14,2298.8
321504110521601,1978-06-26 12:00:00,183.8,Approved,56.02,2299.2
321504110521601,1978-07-24 12:00:00,185.0,Approved,56.39,2298.0
321504110521601,1978-08-31 12:00:00,183.4,Approved,55.9,2299.6
321504110521601,1978-10-05 12:00:00,183.4,Approved,55.9,2299.6
321504110521601,1978-11-06 12:00:00,182.7,Approved,55.69,2300.3
321504110521601,1978-12-04 12:00:00,182.0,Approved,55.47,2301.0
321504110521601,1981-12-21 12:00:00,194.0,Approved,59.13,2289.0
321504110521601,1982-12-01 12:00:00,202.8,Approved,61.81,2280.2
321504110521601,1983-12-27 12:00:00,204.7,Approved,62.39,2278.3
321504110521601,1985-01-08 12:00:00,209.6,Approved,63.89,2273.4
321504110521601,1985-12-31 12:00:00,212.9,Approved,64.89,2270.1
321504110521601,1986-12-15 12:00:00,218.5,Approved,66.6,2264.5
321504110521601,1987-12-21 12:00:00,225.2,Approved,68.64,2257.8
321504110521601,1989-01-03 12:00:00,234.2,Approved,71.38,2248.8
321504110521601,1990-12-24 12:00:00,251.68,Approved,76.71,2231.32
321504110521601,1991-12-11 12:00:00,256.82,Approved,78.28,2226.18
321504110535901,1962-03-01 12:00:00,111.94,Approved,34.12,2341.06
321504110535901,1982-12-01 12:00:00,193.4,Approved,58.95,2259.6
321504110535901,1985-12-18 12:00:00,214.7,Approved,65.44,2238.3
321504110535901,1986-02-03 12:00:00,214.8,Approved,65.47,2238.2
321504110535901,1986-03-03 12:00:00,215.5,Approved,65.68,2237.5
321504110535901,1986-03-31 12:00:00,216.6,Approved,66.02,2236.4
321504110535901,1986-05-01 12:00:00,217.8,Approved,66.39,2235.2
321504110535901,1986-06-02 12:00:00,218.6,Approved,66.63,2234.4
321504110535901,1986-07-02 12:00:00,219.5,Approved,66.9,2233.5
321504110535901,1986-08-01 12:00:00,218.2,Approved,66.51,2234.8
321504110535901,1986-09-02 12:00:00,221.3,Approved,67.45,2231.7
321504110535901,1986-10-01 12:00:00,221.4,Approved,67.48,2231.6
321504110535901,1986-11-03 12:00:00,221.9,Approved,67.64,2231.1
321504110535901,1986-12-08 12:00:00,221.6,Approved,67.54,2231.4
321504110535901,1987-01-02 12:00:00,222.7,Approved,67.88,2230.3
321504110535901,1987-01-22 12:00:00,214.8,Approved,65.47,2238.2
321504110535901,1987-02-02 12:00:00,221.9,Approved,67.64,2231.1
321504110535901,1987-03-02 12:00:00,220.3,Approved,67.15,2232.7
321504110535901,1987-03-31 12:00:00,222.2,Approved,67.73,2230.8
321504110535901,1987-05-01 12:00:00,224.9,Approved,68.55,2228.1
321504110535901,1987-05-29 12:00:00,223.3,Approved,68.06,2229.7
321504110535901,1987-07-01 12:00:00,225.8,Approved,68.82,2227.2
321504110535901,1987-07-31 12:00:00,225.7,Approved,68.79,2227.3
321504110535901,1987-08-31 12:00:00,225.7,Approved,68.79,2227.3
321504110535901,1987-10-01 12:00:00,225.5,Approved,68.73,2227.5
321504110535901,1987-11-02 12:00:00,226.4,Approved,69.01,2226.6
321504110535901,1987-11-30 12:00:00,226.7,Approved,69.1,2226.3
321504110535901,1987-12-28 12:00:00,229.7,Approved,70.01,2223.3
321504110535901,1987-12-31 12:00:00,225.9,Approved,68.85,2227.1
321504110535901,1988-02-01 12:00:00,225.7,Approved,68.79,2227.3
321504110535901,1988-02-29 12:00:00,226.5,Approved,69.04,2226.5
321504110535901,1988-04-01 12:00:00,227.2,Approved,69.25,2225.8
321504110535901,1988-05-02 12:00:00,227.8,Approved,69.43,2225.2
321504110535901,1988-06-01 12:00:00,227.2,Approved,69.25,2225.8
321504110535901,1988-07-01 12:00:00,230.0,Approved,70.1,2223.0
321504110535901,1988-08-01 12:00:00,230.2,Approved,70.16,2222.8
321504110535901,1988-09-01 12:00:00,230.3,Approved,70.2,2222.7
321504110535901,1988-09-30 12:00:00,233.8,Approved,71.26,2219.2
321504110535901,1988-10-28 12:00:00,232.7,Approved,70.93,2220.3
321504110535901,1988-12-05 12:00:00,231.0,Approved,70.41,2222.0
321504110535901,1989-01-02 12:00:00,232.5,Approved,70.87,2220.5
321504110535901,1989-02-01 12:00:00,233.0,Approved,71.02,2220.0
321504110535901,1989-03-02 12:00:00,228.4,Approved,69.62,2224.6
321504110535901,1989-04-03 12:00:00,233.5,Approved,71.17,2219.5
321504110535901,1989-05-01 12:00:00,234.2,Approved,71.38,2218.8
321504110535901,1989-06-01 12:00:00,235.0,Approved,71.63,2218.0
321504110535901,1989-07-03 12:00:00,237.0,Approved,72.24,2216.0
321504110535901,1989-08-01 12:00:00,237.7,Approved,72.45,2215.3
321504110535901,1989-08-31 12:00:00,242.2,Approved,73.82,2210.8
321504110535901,1989-10-02 12:00:00,241.2,Approved,73.52,2211.8
321504110535901,1989-11-01 12:00:00,241.9,Approved,73.73,2211.1
321504110535901,1989-12-01 12:00:00,243.4,Approved,74.19,2209.6
321504110535901,1990-01-02 12:00:00,242.6,Approved,73.94,2210.4
321504110535901,1990-02-02 12:00:00,243.1,Approved,74.1,2209.9
321504110535901,1990-03-01 12:00:00,243.6,Approved,74.25,2209.4
321504110535901,1990-04-02 12:00:00,244.3,Approved,74.46,2208.7
321504110535901,1990-04-30 12:00:00,244.9,Approved,74.65,2208.1
321504110535901,1990-06-01 12:00:00,244.8,Approved,74.62,2208.2
321504110535901,1990-07-02 12:00:00,244.7,Approved,74.58,2208.3
321504110535901,1990-07-27 12:00:00,247.8,Approved,75.53,2205.2
321504110535901,1990-08-29 12:00:00,248.5,Approved,75.74,2204.5
321504110535901,1990-10-01 12:00:00,249.8,Approved,76.14,2203.2
321514110531701,1965-08-26 12:00:00,110.0,Approved,33.53,2344.0
321514110531701,1966-03-22 12:00:00,109.5,Approved,33.38,2344.5
321514110531701,1966-07-19 12:00:00,109.85,Approved,33.48,2344.15
321514110531701,1967-09-05 12:00:00,116.29,Approved,35.45,2337.71
321514110531701,1968-03-18 12:00:00,116.5,Approved,35.51,2337.5
321514110531701,1969-03-15 12:00:00,116.8,Approved,35.6,2337.2
321514110531701,1980-12-01 12:00:00,163.5,Approved,49.83,2290.5
321514110531701,1981-12-28 12:00:00,173.8,Approved,52.97,2280.2
321514110531701,1982-12-01 12:00:00,181.0,Approved,55.17,2273.0
321514110531701,1984-01-18 12:00:00,183.0,Approved,55.78,2271.0
321514110531701,1985-01-01 12:00:00,187.8,Approved,57.24,2266.2
321514110531701,1985-12-31 12:00:00,189.3,Approved,57.7,2264.7
321514110531701,1986-03-03 12:00:00,189.8,Approved,57.85,2264.2
321514110531701,1986-03-31 12:00:00,214.1,Approved,65.26,2239.9
321514110531701,1986-05-01 12:00:00,216.7,Approved,66.05,2237.3
321514110531701,1986-06-02 12:00:00,217.4,Approved,66.26,2236.6
321514110531701,1986-07-02 12:00:00,216.3,Approved,65.93,2237.7
321514110531701,1986-08-01 12:00:00,220.7,Approved,67.27,2233.3
321514110531701,1986-09-02 12:00:00,218.4,Approved,66.57,2235.6
321514110531701,1986-10-01 12:00:00,219.4,Approved,66.87,2234.6
321514110531701,1986-11-03 12:00:00,220.4,Approved,67.18,2233.6
321514110531701,1986-12-08 12:00:00,223.3,Approved,68.06,2230.7
321514110531701,1987-01-02 12:00:00,197.0,Approved,60.05,2257.0
321514110531701,1987-01-22 12:00:00,197.0,Approved,60.05,2257.0
321514110531701,1987-02-02 12:00:00,223.5,Approved,68.12,2230.5
321514110531701,1987-03-02 12:00:00,199.2,Approved,60.72,2254.8
321514110531701,1987-03-31 12:00:00,225.6,Approved,68.76,2228.4
321514110531701,1987-05-29 12:00:00,226.5,Approved,69.04,2227.5
321514110531701,1987-07-01 12:00:00,230.1,Approved,70.13,2223.9
321514110531701,1987-07-31 12:00:00,229.4,Approved,69.92,2224.6
321514110531701,1987-08-31 12:00:00,230.0,Approved,70.1,2224.0
321514110531701,1987-10-01 12:00:00,228.4,Approved,69.62,2225.6
321514110531701,1987-11-02 12:00:00,230.2,Approved,70.16,2223.8
321514110531701,1987-11-30 12:00:00,204.53,Approved,62.34,2249.47
321514110531701,1987-12-31 12:00:00,205.35,Approved,62.59,2248.65
321514110531701,1988-02-01 12:00:00,226.4,Approved,69.01,2227.6
321514110531701,1988-02-29 12:00:00,226.54,Approved,69.05,2227.46
321514110531701,1988-04-01 12:00:00,231.5,Approved,70.56,2222.5
321514110531701,1988-05-02 12:00:00,231.7,Approved,70.62,2222.3
321514110531701,1988-06-01 12:00:00,233.8,Approved,71.26,2220.2
321514110531701,1988-07-01 12:00:00,236.9,Approved,72.21,2217.1
321514110531701,1988-08-01 12:00:00,235.0,Approved,71.63,2219.0
321514110531701,1988-09-01 12:00:00,236.3,Approved,72.02,2217.7
321514110531701,1988-09-30 12:00:00,236.4,Approved,72.05,2217.6
321514110531701,1988-10-28 12:00:00,238.3,Approved,72.63,2215.7
321514110531701,1988-12-05 12:00:00,237.6,Approved,72.42,2216.4
321514110531701,1989-01-02 12:00:00,238.9,Approved,72.82,2215.1
321514110531701,1989-02-01 12:00:00,238.5,Approved,72.69,2215.5
321514110531701,1989-03-02 12:00:00,239.7,Approved,73.06,2214.3
321514110531701,1989-04-03 12:00:00,239.7,Approved,73.06,2214.3
321514110531701,1989-05-01 12:00:00,235.4,Approved,71.75,2218.6
321514110531701,1989-06-01 12:00:00,233.8,Approved,71.26,2220.2
321514110531701,1989-07-03 12:00:00,241.0,Approved,73.46,2213.0
321514110531701,1989-08-01 12:00:00,234.8,Approved,71.57,2219.2
321514110531701,1989-08-31 12:00:00,221.1,Approved,67.39,2232.9
321514110531701,1989-10-02 12:00:00,240.3,Approved,73.24,2213.7
321514110531701,1989-11-01 12:00:00,222.0,Approved,67.67,2232.0
321514110531701,1989-12-01 12:00:00,243.1,Approved,74.1,2210.9
321514110531701,1990-01-02 12:00:00,223.9,Approved,68.24,2230.1
321514110531701,1990-02-02 12:00:00,224.4,Approved,68.4,2229.6
321514110531701,1990-03-01 12:00:00,224.7,Approved,68.49,2229.3
321514110531701,1990-04-30 12:00:00,225.6,Approved,68.76,2228.4
321514110531701,1990-06-01 12:00:00,226.4,Approved,69.01,2227.6
321514110531701,1990-07-02 12:00:00,228.8,Approved,69.74,2225.2
321514110531701,1990-07-27 12:00:00,227.9,Approved,69.46,2226.1
321514110531701,1990-08-29 12:00:00,228.9,Approved,69.77,2225.1
321514110531701,1990-10-01 12:00:00,231.2,Approved,70.47,2222.8
321514110531701,1990-11-01 12:00:00,231.1,Approved,70.44,2222.9
321514110531701,1990-12-10 12:00:00,231.25,Approved,70.48,2222.75
321514110531701,1990-12-21 12:00:00,231.0,Approved,70.41,2223.0
321514110531701,1991-01-02 12:00:00,231.6,Approved,70.59,2222.4
321514110531701,1991-02-01 12:00:00,232.3,Approved,70.81,2221.7
321514110531701,1991-02-28 12:00:00,232.95,Approved,71.0,2221.05
321514110531701,1991-04-02 12:00:00,232.9,Approved,70.99,2221.1
321514110531701,1991-05-01 12:00:00,232.6,Approved,70.9,2221.4
321514110531701,1991-06-03 12:00:00,233.0,Approved,71.02,2221.0
321514110531701,1991-08-02 12:00:00,233.1,Approved,71.05,2220.9
321514110531701,1991-11-01 12:00:00,234.85,Approved,71.58,2219.15
321514110531701,1991-12-11 12:00:00,234.94,Approved,71.61,2219.06
321514110531701,1992-02-10 12:00:00,234.7,Approved,71.54,2219.3
321514110531701,1992-05-14 12:00:00,235.5,Approved,71.78,2218.5
321514110531701,1992-08-12 12:00:00,235.0,Approved,71.63,2219.0
321514110531701,1992-11-10 12:00:00,236.1,Approved,71.96,2217.9
321514110531701,1993-02-16 12:00:00,233.7,Approved,71.23,2220.3
321514110531701,1993-03-03 12:00:00,233.7,Approved,71.23,2220.3
321514110531701,1993-03-12 12:00:00,233.35,Approved,71.13,2220.65
321514110531701,1993-03-31 12:00:00,233.5,Approved,71.17,2220.5
321514110531701,1993-05-13 12:00:00,231.2,Approved,70.47,2222.8
321514110531701,1993-08-17 12:00:00,227.7,Approved,69.4,2226.3
321514110531701,1993-11-16 12:00:00,225.3,Approved,68.67,2228.7
321514110531701,1994-01-19 12:00:00,225.62,Approved,68.77,2228.38
321514110531701,1994-02-16 12:00:00,224.9,Approved,68.55,2229.1
321514110531701,1994-05-16 12:00:00,226.0,Approved,68.88,2228.0
321514110531701,1994-08-16 12:00:00,227.23,Approved,69.26,2226.77
321514110531701,1994-11-17 12:00:00,232.6,Approved,70.9,2221.4
321514110531701,1995-01-26 12:00:00,235.05,Approved,71.64,2218.95
321514110531701,1995-02-17 12:00:00,235.1,Approved,71.66,2218.9
321514110531701,1995-05-12 12:00:00,234.4,Approved,71.45,2219.6
321514110531701,1995-08-15 12:00:00,235.3,Approved,71.72,2218.7
321514110531701,1995-11-16 12:00:00,237.6,Approved,72.42,2216.4
321514110531701,1996-02-15 12:00:00,237.5,Approved,72.39,2216.5
321514110531701,1996-05-15 12:00:00,239.5,Approved,73.0,2214.5
321514110531701,1996-08-15 12:00:00,242.0,Approved,73.76,2212.0
321514110531701,1996-11-18 12:00:00,246.9,Approved,75.26,2207.1
321514110531701,1997-02-11 12:00:00,247.28,Approved,75.37,2206.72
321514110531701,1997-11-05 12:00:00,254.0,Approved,77.42,2200.0
321514110531701,1998-01-12 12:00:00,258.1,Approved,78.67,2195.9
321514110531701,1998-05-04 12:00:00,258.1,Approved,78.67,2195.9
321514110531701,1998-05-18 12:00:00,258.3,Approved,78.73,2195.7
321514110531701,1998-06-02 12:00:00,258.5,Approved,78.79,2195.5
321514110531701,1998-06-17 12:00:00,258.9,Approved,78.91,2195.1
321514110531701,1998-07-01 12:00:00,258.8,Approved,78.88,2195.2
321514110531701,1998-08-17 12:00:00,259.5,Approved,79.1,2194.5
321514110531701,1998-10-29 12:00:00,259.4,Approved,79.07,2194.6
321514110531701,1998-12-03 12:00:00,259.69,Approved,79.15,2194.31
321514110531701,1999-02-16 12:00:00,259.3,Approved,79.03,2194.7
321514110531701,1999-05-20 12:00:00,260.2,Approved,79.31,2193.8
321514110531701,1999-08-11 12:00:00,261.8,Approved,79.8,2192.2
321514110531701,2000-02-16 12:00:00,265.5,Approved,80.92,2188.5
321514110531701,2000-05-17 12:00:00,271.6,Approved,82.78,2182.4
321514110531701,2000-08-16 12:00:00,269.3,Approved,82.08,2184.7
321514110531701,2000-11-16 12:00:00,271.5,Approved,82.75,2182.5
321514110531701,2001-02-15 12:00:00,271.9,Approved,82.88,2182.1
321514110531701,2001-08-15 12:00:00,269.35,Approved,82.1,2184.65
321514110531701,2002-02-19 12:00:00,265.1,Approved,80.8,2188.9
321517110571802,1983-11-04 22:00:00,183.31,Approved,55.87,2211.69
321517110571802,1983-12-04 20:30:00,184.05,Approved,56.1,2210.95
321517110571802,1984-01-18 21:45:00,185.18,Approved,56.44,2209.82
321517110571802,1984-02-11 17:30:00,185.56,Approved,56.56,2209.44
321517110571802,1984-03-09 18:00:00,186.41,Approved,56.82,2208.59
321517110571802,1984-04-07 20:45:00,186.71,Approved,56.91,2208.29
321517110571802,1984-05-06 22:00:00,187.02,Approved,57.0,2207.98
321517110571802,1984-06-05 15:15:00,187.63,Approved,57.19,2207.37
321517110571802,1984-07-08 00:15:00,188.0,Approved,57.3,2207.0
321517110571802,1984-08-07 20:45:00,188.45,Approved,57.44,2206.55
321517110571802,1984-09-06 21:00:00,188.74,Approved,57.53,2206.26
321517110571802,1984-10-09 21:50:00,187.18,Approved,57.05,2207.82
321517110571802,1984-11-08 21:30:00,189.2,Approved,57.67,2205.8
321517110571802,1984-12-06 21:30:00,188.27,Approved,57.38,2206.73
321517110571802,1985-01-06 20:15:00,185.87,Approved,56.65,2209.13
321517110571802,1985-02-07 22:25:00,184.67,Approved,56.29,2210.33
321517110571802,1985-03-09 19:40:00,185.43,Approved,56.52,2209.57
321517110571802,1985-04-06 19:10:00,187.57,Approved,57.17,2207.43
321517110571802,1985-05-04 20:35:00,188.57,Approved,57.48,2206.43
321517110571802,1985-06-05 21:45:00,189.39,Approved,57.73,2205.61
321517110571802,1985-06-29 18:05:00,190.7,Approved,58.13,2204.3
321517110571802,1985-07-31 23:05:00,189.09,Approved,57.63,2205.91
321517110571802,1985-08-31 18:35:00,189.21,Approved,57.67,2205.79
321517110571802,1985-10-04 21:00:00,186.65,Approved,56.89,2208.35
321517110571802,1985-11-06 20:05:00,186.16,Approved,56.74,2208.84
321517110571802,1985-12-03 17:15:00,183.18,Approved,55.83,2211.82
321517110571802,1985-12-09 19:10:00,182.75,Approved,55.7,2212.25
321517110571802,1986-01-09 21:00:00,185.86,Approved,56.65,2209.14
321517110571802,1986-02-10 20:15:00,185.52,Approved,56.55,2209.48
321517110571802,1986-03-15 20:45:00,186.06,Approved,56.71,2208.94
321517110571802,1986-05-31 17:10:00,188.35,Approved,57.41,2206.65
321517110571802,1986-07-21 20:45:00,189.71,Approved,57.82,2205.29
321517110571802,1986-08-22 20:15:00,190.03,Approved,57.92,2204.97
321517110571802,1986-10-27 19:40:00,190.15,Approved,57.96,2204.85
321517110571802,1986-11-24 23:55:00,186.76,Approved,56.92,2208.24
321517110571802,1986-12-22 21:05:00,187.81,Approved,57.24,2207.19
321517110571802,1987-01-22 22:35:00,189.34,Approved,57.71,2205.66
321517110571802,1987-02-24 17:10:00,190.89,Approved,58.18,2204.11
321517110571802,1987-03-27 16:30:00,190.36,Approved,58.02,2204.64
321517110571802,1987-04-23 22:30:00,191.46,Approved,58.36,2203.54
321517110571802,1987-05-18 21:40:00,190.77,Approved,58.15,2204.23
321517110571802,1987-06-22 21:20:00,192.03,Approved,58.53,2202.97
321517110571802,1987-07-22 22:10:00,192.99,Approved,58.82,2202.01
321517110571802,1987-08-20 22:12:00,193.69,Approved,59.04,2201.31
321517110571802,1987-09-24 20:20:00,194.29,Approved,59.22,2200.71
321517110571802,1987-10-23 18:00:00,194.95,Approved,59.42,2200.05
321517110571802,1987-11-20 19:30:00,194.79,Approved,59.37,2200.21
321517110571802,1987-12-15 19:45:00,195.19,Approved,59.49,2199.81
321517110571802,1988-01-20 21:25:00,193.9,Approved,59.1,2201.1
321517110571802,1988-02-19 20:46:00,194.88,Approved,59.4,2200.12
321517110571802,1988-03-23 22:05:00,195.58,Approved,59.61,2199.42
321517110571802,1988-04-24 00:20:00,196.28,Approved,59.83,2198.72
321517110571802,1988-05-17 19:38:00,196.96,Approved,60.03,2198.04
321517110571802,1988-06-17 20:11:00,197.81,Approved,60.29,2197.19
321517110571802,1988-07-18 20:30:00,198.87,Approved,60.62,2196.13
321517110571802,1988-08-21 01:30:00,199.22,Approved,60.72,2195.78
321517110571802,1988-09-16 19:00:00,200.14,Approved,61.0,2194.86
321517110571802,1988-10-18 22:15:00,200.59,Approved,61.14,2194.41
321517110571802,1988-11-04 21:30:00,201.08,Approved,61.29,2193.92
321517110571802,1988-12-06 19:20:00,201.4,Approved,61.39,2193.6
321517110571802,1989-01-05 23:51:00,201.77,Approved,61.5,2193.23
321517110571802,1989-02-03 22:45:00,202.01,Approved,61.57,2192.99
321517110571802,1989-03-06 21:15:00,202.61,Approved,61.76,2192.39
321517110571802,1989-04-04 20:33:00,202.48,Approved,61.72,2192.52
321517110571802,1989-05-05 19:00:00,203.2,Approved,61.94,2191.8
321517110571802,1989-06-06 19:45:00,203.9,Approved,62.15,2191.1
321517110571802,1989-07-07 18:30:00,204.7,Approved,62.39,2190.3
321517110571802,1989-08-09 20:30:00,205.0,Approved,62.48,2190.0
321517110571802,1989-08-29 21:05:00,205.5,Approved,62.64,2189.5
321517110571802,1989-09-26 22:12:00,206.3,Approved,62.88,2188.7
321517110571802,1989-10-27 20:36:00,206.23,Approved,62.86,2188.77
321517110571802,1989-11-27 22:30:00,207.2,Approved,63.15,2187.8
321517110571802,1989-12-21 20:00:00,207.7,Approved,63.31,2187.3
321517110571802,1990-01-17 22:30:00,207.8,Approved,63.34,2187.2
321517110571802,1990-02-27 17:30:00,208.7,Approved,63.61,2186.3
321517110571802,1990-03-30 21:00:00,208.7,Approved,63.61,2186.3
321517110571802,1990-05-02 22:30:00,209.7,Approved,63.92,2185.3
321517110571802,1990-06-01 19:30:00,210.55,Approved,64.18,2184.45
321517110571802,1990-07-03 18:45:00,211.5,Approved,64.47,2183.5
321517110571802,1990-08-02 19:00:00,211.0,Approved,64.31,2184.0
321517110571802,1990-08-31 19:28:00,212.5,Approved,64.77,2182.5
321517110571802,1990-09-27 19:10:00,213.1,Approved,64.95,2181.9
321517110571802,1990-10-29 20:00:00,213.99,Approved,65.22,2181.01
321517110571802,1990-12-03 21:00:00,214.2,Approved,65.29,2180.8
321517110571802,1991-01-02 22:00:00,215.1,Approved,65.56,2179.9
321517110571802,1991-02-01 23:00:00,214.5,Approved,65.38,2180.5
321517110571802,1991-03-04 20:00:00,216.6,Approved,66.02,2178.4
321517110571802,1991-05-03 22:30:00,217.1,Approved,66.17,2177.9
321517110571802,1991-06-07 19:00:00,217.86,Approved,66.4,2177.14
321517110571802,1991-07-02 18:30:00,218.4,Approved,66.57,2176.6
321517110571802,1991-07-31 21:10:00,218.5,Approved,66.6,2176.5
321517110571802,1991-08-29 21:45:00,219.1,Approved,66.78,2175.9
321517110571802,1991-09-26 19:40:00,219.97,Approved,67.05,2175.03
321517110571802,1991-10-24 21:00:00,220.53,Approved,67.22,2174.47
321517110571802,1991-11-14 19:45:00,220.5,Approved,67.21,2174.5
321517110571802,1991-12-11 21:45:00,220.8,Approved,67.3,2174.2
321517110571802,1992-01-08 23:30:00,221.19,Approved,67.42,2173.81
321517110571802,1992-02-07 21:20:00,221.29,Approved,67.45,2173.71
321517110571802,1992-03-03 23:00:00,221.2,Approved,67.42,2173.8
321517110571802,1992-04-01 21:10:00,221.33,Approved,67.46,2173.67
321517110571802,1992-05-01 20:15:00,222.2,Approved,67.73,2172.8
321517110571802,1992-06-18 18:30:00,222.6,Approved,67.85,2172.4
321517110571802,1992-06-24 18:30:00,222.94,Approved,67.95,2172.06
321517110571802,1992-07-24 16:40:00,223.39,Approved,68.09,2171.61
321517110571802,1992-08-20 23:00:00,223.51,Approved,68.13,2171.49
321517110571802,1992-09-17 15:40:00,223.38,Approved,68.09,2171.62
321517110571802,1992-10-15 14:30:00,224.09,Approved,68.3,2170.91
321517110571802,1992-11-13 21:00:00,224.18,Approved,68.33,2170.82
321517110571802,1992-12-10 22:15:00,220.85,Approved,67.32,2174.15
321517110571802,1993-01-06 20:30:00,218.76,Approved,66.68,2176.24
321517110571802,1993-02-03 17:00:00,221.1,Approved,67.39,2173.9
321517110571802,1993-03-05 21:00:00,220.87,Approved,67.32,2174.13
321517110571802,1993-04-01 19:00:00,220.83,Approved,67.31,2174.17
321517110571802,1993-04-28 20:55:00,221.97,Approved,67.66,2173.03
321517110571802,1993-05-26 19:30:00,222.41,Approved,67.79,2172.59
321517110571802,1993-06-24 19:45:00,222.65,Approved,67.86,2172.35
321517110571802,1993-07-26 16:30:00,223.2,Approved,68.03,2171.8
321517110571802,1993-08-23 20:05:00,223.21,Approved,68.03,2171.79
321517110571802,1993-09-24 00:30:00,223.2,Approved,68.03,2171.8
321517110571802,1993-10-21 22:50:00,220.95,Approved,67.35,2174.05
321517110571802,1993-12-16 23:50:00,221.97,Approved,67.66,2173.03
321517110571802,1994-01-14 21:50:00,221.96,Approved,67.65,2173.04
321517110571802,1994-02-10 18:55:00,219.49,Approved,66.9,2175.51
321517110571802,1994-03-08 19:50:00,221.46,Approved,67.5,2173.54
321517110571802,1994-04-07 18:05:00,221.75,Approved,67.59,2173.25
321517110571802,1994-05-05 17:50:00,222.34,Approved,67.77,2172.66
321517110571802,1994-06-02 20:15:00,222.57,Approved,67.84,2172.43
321517110571802,1994-06-21 20:45:00,222.77,Approved,67.9,2172.23
321517110571802,1994-07-21 16:35:00,223.16,Approved,68.02,2171.84
321517110571802,1994-08-16 18:05:00,220.29,Approved,67.14,2174.71
321517110571802,1994-09-16 17:30:00,221.7,Approved,67.57,2173.3
321517110571802,1994-10-14 19:20:00,222.67,Approved,67.87,2172.33
321517110571802,1994-11-10 21:10:00,223.42,Approved,68.1,2171.58
321517110571802,1994-12-08 21:30:00,223.72,Approved,68.19,2171.28
321517110571802,1995-01-06 19:10:00,223.32,Approved,68.07,2171.68
321517110571802,1995-02-03 20:30:00,224.13,Approved,68.31,2170.87
321517110571802,1995-03-03 18:20:00,223.95,Approved,68.26,2171.05
321517110571802,1995-03-31 18:40:00,223.79,Approved,68.21,2171.21
321517110571802,1995-04-28 19:45:00,224.24,Approved,68.35,2170.76
321517110571802,1995-05-26 21:35:00,224.77,Approved,68.51,2170.23
321517110571802,1995-06-23 18:10:00,225.07,Approved,68.6,2169.93
321517110571802,1995-07-07 20:30:00,225.17,Approved,68.63,2169.83
321517110571802,1995-08-02 17:55:00,225.43,Approved,68.71,2169.57
321517110571802,1995-09-06 22:45:00,225.83,Approved,68.83,2169.17
321517110571802,1995-10-05 22:30:00,225.83,Approved,68.83,2169.17
321517110571802,1995-11-02 21:25:00,223.87,Approved,68.24,2171.13
321517110571802,1995-11-29 18:35:00,225.37,Approved,68.69,2169.63
321517110571802,1996-01-16 21:20:00,226.06,Approved,68.9,2168.94
321517110571802,1996-02-16 18:40:00,224.62,Approved,68.46,2170.38
321517110571802,1996-03-19 15:55:00,226.66,Approved,69.09,2168.34
321517110571802,1996-05-17 20:45:00,227.67,Approved,69.39,2167.33
321517110571802,1996-06-13 20:55:00,228.03,Approved,69.5,2166.97
321517110571802,1996-08-20 18:20:00,228.39,Approved,69.61,2166.61
321517110571802,1996-09-27 19:30:00,227.89,Approved,69.46,2167.11
321517110571802,1996-12-12 16:30:00,229.77,Approved,70.03,2165.23
321517110571802,1996-12-26 17:45:00,229.77,Approved,70.03,2165.23
321517110571802,1997-01-16 21:00:00,229.92,Approved,70.08,2165.08
321517110571802,1997-02-19 20:20:00,230.32,Approved,70.2,2164.68
321517110571802,1997-03-04 19:25:00,230.57,Approved,70.28,2164.43
321517110571802,1997-03-12 20:20:00,230.49,Approved,70.25,2164.51
321517110571802,1997-04-13 20:25:00,230.97,Approved,70.4,2164.03
321517110571802,1997-05-19 21:30:00,232.05,Approved,70.73,2162.95
321517110571802,1997-06-18 21:50:00,232.07,Approved,70.73,2162.93
321517110571802,1997-06-26 18:00:00,233.1,Approved,71.05,2161.9
321517110571802,1997-08-19 18:15:00,231.82,Approved,70.66,2163.18
321517110571802,1997-09-16 20:20:00,233.4,Approved,71.14,2161.6
321517110571802,1997-10-17 20:50:00,228.34,Approved,69.6,2166.66
321517110571802,1997-12-09 20:40:00,226.0,Approved,68.88,2169.0
321517110571802,1998-01-15 19:15:00,225.9,Approved,68.85,2169.1
321517110571802,1998-02-12 20:30:00,226.4,Approved,69.01,2168.6
321517110571802,1998-03-26 21:45:00,228.5,Approved,69.65,2166.5
321517110571802,1998-04-28 17:00:00,229.6,Approved,69.98,2165.4
321517110571802,1998-05-27 19:10:00,230.9,Approved,70.38,2164.1
321517110571802,1998-06-26 20:15:00,233.4,Approved,71.14,2161.6
321517110571802,1998-08-24 19:45:00,234.25,Approved,71.4,2160.75
321517110571802,1998-09-25 17:50:00,233.75,Approved,71.25,2161.25
321517110571802,1998-10-21 15:45:00,232.9,Approved,70.99,2162.1
321517110571802,1998-11-30 19:15:00,230.2,Approved,70.16,2164.8
321517110571802,1998-12-28 19:20:00,227.7,Approved,69.4,2167.3
321517110571802,1999-02-10 14:45:00,232.4,Approved,70.84,2162.6
321517110571802,1999-02-16 17:10:00,230.35,Approved,70.21,2164.65
321517110571802,1999-03-10 17:20:00,233.85,Approved,71.28,2161.15
321517110571802,1999-04-06 18:15:00,231.82,Approved,70.66,2163.18
321517110571802,1999-05-06 16:45:00,234.7,Approved,71.54,2160.3
321517110571802,1999-06-08 17:45:00,235.5,Approved,71.78,2159.5
321517110571802,1999-07-02 19:45:00,236.2,Approved,71.99,2158.8
321517110571802,1999-08-02 19:15:00,236.1,Approved,71.96,2158.9
321517110571802,1999-09-07 20:15:00,236.9,Approved,72.21,2158.1
321517110571802,1999-10-05 00:20:00,237.5,Approved,72.39,2157.5
321517110571802,1999-11-03 19:45:00,238.3,Approved,72.63,2156.7
321517110571802,1999-12-06 20:45:00,238.6,Approved,72.73,2156.4
321517110571802,2000-01-06 16:00:00,238.6,Approved,72.73,2156.4
321517110571802,2000-02-03 23:30:00,237.2,Approved,72.3,2157.8
321517110571802,2000-03-06 20:00:00,236.28,Approved,72.02,2158.72
321517110571802,2000-04-03 22:00:00,238.0,Approved,72.54,2157.0
321517110571802,2000-05-05 18:20:00,239.5,Approved,73.0,2155.5
321517110571802,2000-06-05 17:00:00,240.36,Approved,73.26,2154.64
321517110571802,2000-07-10 18:30:00,240.73,Approved,73.37,2154.27
321517110571802,2000-08-04 16:45:00,241.2,Approved,73.52,2153.8
321517110571802,2002-09-17 18:15:00,248.79,Approved,75.83,2146.21
321517110571802,2002-10-21 22:45:00,249.4,Approved,76.02,2145.6
321517110571802,2002-11-20 20:00:00,247.98,Approved,75.58,2147.02
321517110571802,2002-12-18 21:00:00,250.15,Approved,76.25,2144.85
321517110571802,2003-01-21 19:45:00,249.71,Approved,76.11,2145.29
321517110571802,2003-02-24 22:00:00,247.43,Approved,75.42,2147.57
321517110571802,2003-03-21 21:00:00,247.55,Approved,75.45,2147.45
321517110571802,2003-04-24 18:00:00,249.93,Approved,76.18,2145.07
321517110571802,2003-05-27 22:30:00,250.51,Approved,76.36,2144.49
321517110571802,2003-06-24 23:00:00,251.08,Approved,76.53,2143.92
321517110571802,2003-07-29 22:40:00,251.15,Approved,76.55,2143.85
321517110571802,2003-09-02 22:00:00,251.48,Approved,76.65,2143.52
321517110571802,2003-09-26 19:00:00,249.94,Approved,76.18,2145.06
321517110571802,2003-10-28 21:00:00,252.2,Approved,76.87,2142.8
321517110571802,2003-11-20 21:00:00,248.85,Approved,75.85,2146.15
321517110571802,2003-12-16 20:30:00,251.4,Approved,76.63,2143.6
321517110571802,2004-01-14 22:15:00,249.56,Approved,76.07,2145.44
321517110571802,2004-03-16 21:30:00,246.51,Approved,75.14,2148.49
321517110571802,2004-04-15 21:30:00,249.8,Approved,76.14,2145.2
321517110571802,2004-05-18 20:45:00,250.97,Approved,76.5,2144.03
321517110571802,2004-06-21 22:00:00,252.03,Approved,76.82,2142.97
321517110571802,2004-07-23 22:00:00,251.75,Approved,76.73,2143.25
321517110571802,2004-08-26 17:00:00,252.43,Approved,76.94,2142.57
321517110571802,2004-10-01 20:30:00,252.59,Approved,76.99,2142.41
321517110571802,2004-11-01 22:30:00,252.42,Approved,76.94,2142.58
321517110571802,2004-11-19 20:00:00,252.86,Approved,77.07,2142.14
321517110571802,2004-12-02 18:30:00,253.0,Approved,77.11,2142.0
321517110571802,2005-01-03 16:00:00,250.55,Approved,76.37,2144.45
321517110571802,2005-01-17 17:00:00,252.8,Approved,77.05,2142.2
321517110571802,2005-02-02 19:45:00,247.71,Approved,75.5,2147.29
321517110571802,2005-03-04 19:30:00,247.71,Approved,75.5,2147.29
321517110571802,2005-03-09 20:30:00,247.25,Approved,75.36,2147.75
321517110571802,2005-04-04 18:45:00,248.88,Approved,75.86,2146.12
321517110571802,2005-04-14 17:00:00,250.05,Approved,76.22,2144.95
321517110571802,2005-05-05 16:00:00,251.05,Approved,76.52,2143.95
321517110571802,2005-06-03 20:15:00,251.86,Approved,76.77,2143.14
321517110571802,2005-07-05 16:15:00,252.9,Approved,77.08,2142.1
321517110571802,2005-08-03 16:30:00,252.34,Approved,76.91,2142.66
321517110571802,2007-10-01 17:21:00,249.07,Approved,75.92,2145.93
321517110571802,2007-10-24 16:21:00,248.6,Approved,75.77,2146.4
321517110571802,2008-02-27 17:11:00,242.95,Approved,74.05,2152.05
321517110571802,2008-03-24 18:17:00,242.4,Approved,73.88,2152.6
321517110571802,2008-05-19 19:36:00,245.13,Approved,74.72,2149.87
321517110571802,2008-06-16 20:33:00,246.98,Approved,75.28,2148.02
321517110571802,2008-08-08 21:46:00,243.69,Approved,74.28,2151.31
321517110571802,2008-09-09 23:16:00,242.29,Approved,73.85,2152.71
321517110571802,2008-10-03 23:38:00,241.6,Approved,73.64,2153.4
321517110571802,2009-01-07 16:40:00,238.37,Approved,72.66,2156.63
321517110571802,2009-03-06 19:25:00,239.02,Approved,72.85,2155.98
321517110571802,2009-03-18 21:15:00,238.08,Approved,72.57,2156.92
321517110571802,2009-04-17 22:11:00,235.73,Approved,71.85,2159.27
321517110571802,2009-05-20 20:37:00,235.9,Approved,71.9,2159.1
321517110571802,2009-06-26 19:15:00,236.84,Approved,72.19,2158.16
321517110571802,2009-07-20 16:10:00,237.01,Approved,72.24,2157.99
321517110571802,2009-08-20 15:03:00,235.25,Approved,71.7,2159.75
321517110571802,2009-10-02 16:15:00,234.88,Approved,71.59,2160.12
321517110571802,2009-12-24 17:15:00,230.99,Approved,70.41,2164.01
321517110571802,2009-12-28 19:32:00,230.69,Approved,70.31,2164.31
321517110571802,2010-02-08 20:13:00,229.37,Approved,69.91,2165.63
321517110571802,2010-04-13 20:39:00,228.29,Approved,69.58,2166.71
321517110571802,2010-05-19 20:38:00,234.7,Approved,71.54,2160.3
321517110571802,2010-07-02 18:30:00,233.5,Approved,71.17,2161.5
321517110571802,2010-08-31 20:41:00,229.99,Approved,70.1,2165.01
321517110571802,2010-10-28 20:08:00,228.17,Approved,69.55,2166.83
321517110571802,2010-12-21 15:52:00,226.25,Approved,68.96,2168.75
321517110571802,2011-02-04 18:08:00,226.67,Approved,69.09,2168.33
321517110571802,2011-03-30 20:28:00,225.47,Approved,68.72,2169.53
321517110571802,2011-06-01 17:30:00,223.8,Approved,68.21,2171.2
321517110571802,2011-07-15 19:30:00,222.89,Approved,67.94,2172.11
321517110571802,2011-08-18 18:20:00,222.87,Approved,67.93,2172.13
321517110571802,2011-09-29 18:30:00,222.31,Approved,67.76,2172.69
321517110571802,2011-11-02 18:30:00,223.45,Approved,68.11,2171.55
321517110571802,2011-12-19 18:45:00,221.01,Approved,67.36,2173.99
321517110571802,2012-01-19 17:19:00,222.05,Approved,67.68,2172.95
321517110571802,2012-02-27 18:10:00,219.48,Approved,66.9,2175.52
321517110571802,2012-05-10 16:30:00,219.01,Approved,66.75,2175.99
321517110571802,2012-08-03 18:10:00,218.18,Approved,66.5,2176.82
321517110571802,2012-10-12 18:15:00,218.86,Approved,66.71,2176.14
321517110571802,2012-11-23 16:58:00,217.78,Approved,66.38,2177.22
321517110571802,2013-01-07 17:18:00,221.04,Approved,67.37,2173.96
321517110571802,2013-02-26 18:21:00,225.57,Approved,68.75,2169.43
321517110571802,2013-04-10 18:40:00,218.11,Approved,66.48,2176.89
321517110571802,2013-05-24 18:55:00,217.53,Approved,66.3,2177.47
321517110571802,2013-07-18 20:10:00,217.5,Approved,66.29,2177.5
321517110571802,2013-10-18 18:19:00,218.12,Approved,66.48,2176.88
321517110571802,2013-12-13 17:44:00,217.47,Approved,66.28,2177.53
321517110571802,2014-07-14 20:46:00,221.47,Approved,67.5,2173.53
321517110571802,2014-09-30 20:35:00,222.72,Approved,67.89,2172.28
321517110571802,2014-12-05 17:42:00,219.2,Approved,66.81,2175.8
321517110571802,2015-02-13 18:47:00,217.38,Approved,66.26,2177.62
321517110571802,2015-04-16 20:13:00,217.54,Approved,66.31,2177.46
321517110571802,2015-08-03 17:30:00,215.67,Approved,65.74,2179.33
321517110571802,2016-03-08 22:57:00,213.07,Approved,64.94,2181.93
321517110571802,2016-04-06 17:05:00,213.29,Approved,65.01,2181.71
321517110571802,2016-07-25 16:22:00,213.37,Approved,65.04,2181.63
321517110571802,2016-10-31 16:37:00,221.86,Approved,67.62,2173.14
321517110571802,2017-01-05 17:10:00,222.53,Approved,67.83,2172.47
321517110571802,2017-03-07 19:11:00,220.7,Approved,67.27,2174.3
321517110571802,2017-05-08 19:50:00,217.42,Approved,66.27,2177.58
321517110571802,2017-06-01 21:25:00,216.42,Approved,65.96,2178.58
321517110571802,2017-07-27 20:50:00,215.32,Approved,65.63,2179.68
321517110571802,2017-10-13 18:39:00,214.41,Approved,65.35,2180.59
321517110571802,2017-12-19 20:50:00,213.73,Approved,65.14,2181.27
321517110571802,2018-04-06 21:08:00,214.18,Approved,65.28,2180.82
321517110571802,2018-05-21 19:58:00,212.25,Approved,64.69,2182.75
321517110571802,2018-06-21 18:24:00,212.08,Approved,64.64,2182.92
321517110571802,2018-07-27 19:48:00,211.6,Approved,64.5,2183.4
321517110571802,2018-09-21 22:37:00,211.55,Approved,64.48,2183.45
321517110571802,2018-10-11 22:39:00,211.97,Approved,64.61,2183.03
321517110571802,2018-12-14 20:39:00,213.75,Approved,65.15,2181.25
321517110571802,2019-02-14 22:42:00,211.11,Approved,64.35,2183.89
321517110571802,2019-03-08 22:01:00,211.12,Approved,64.35,2183.88
321517110571802,2019-04-19 22:37:00,211.02,Approved,64.32,2183.98
321517110571802,2019-05-23 16:44:00,210.61,Approved,64.19,2184.39
321517110571802,2019-07-02 21:13:00,210.55,Approved,64.18,2184.45
321517110571802,2019-07-22 19:47:00,210.48,Approved,64.15,2184.52
321517110571802,2019-10-03 20:37:00,209.43,Approved,63.83,2185.57
321517110571802,2020-01-16 21:15:00,209.43,Approved,63.83,2185.57
321517110571802,2020-04-02 22:23:00,207.4,Approved,63.22,2187.6
321517110571802,2020-07-08 20:44:00,207.42,Approved,63.22,2187.58
321517110571802,2020-10-29 14:41:00,210.72,Approved,64.23,2184.28
321517110571802,2021-02-10 23:39:00,203.69,Approved,62.08,2191.31
321517110571802,2021-05-15 00:37:00,204.33,Approved,62.28,2190.67
321517110571802,2021-08-06 23:10:00,202.1,Approved,61.6,2192.9
321517110571802,2021-10-19 18:03:00,211.54,Approved,64.48,2183.46
321517110571802,2022-02-03 21:08:00,203.07,Approved,61.9,2191.93
321517110571802,2022-04-26 22:10:00,201.97,Approved,61.56,2193.03
321517110571802,2022-07-14 18:37:00,201.61,Approved,61.45,2193.39
321517110571802,2022-11-04 19:36:00,204.54,Approved,62.34,2190.46
321517110571802,2022-11-14 22:31:00,205.03,Approved,62.49,2189.97
321517110571802,2023-02-02 21:59:00,198.67,Approved,60.55,2196.33
321517110571802,2023-04-11 18:34:00,197.51,Approved,60.2,2197.49
321517110571802,2023-08-17 18:35:00,198.21,Approved,60.41,2196.79
321517110571802,2023-11-08 15:45:00,202.35,Approved,61.68,2192.65
321517110571802,2024-02-09 19:23:00,195.92,Approved,59.72,2199.08
321517110571802,2024-02-13 18:14:00,195.8,Approved,59.68,2199.2
321517110571802,2024-04-09 19:39:00,195.0,Approved,59.44,2200.0
321517110571802,2024-04-12 16:53:00,195.03,Approved,59.45,2199.97
321517110571802,2024-08-27 17:39:00,194.51,Approved,59.29,2200.49
321517110571802,2024-08-28 16:29:00,194.42,Approved,59.26,2200.58
321517110571802,2024-10-17 20:47:00,199.79,Approved,60.9,2195.21
321517110571802,2025-01-14 22:21:00,193.21,Approved,58.89,2201.79
321517110571802,2025-04-16 18:45:00,191.97,Approved,58.51,2203.03
321517110571802,2025-05-16 18:53:00,192.51,Approved,58.68,2202.49
321517110571802,2025-06-02 19:11:00,191.52,Provisional,58.38,2203.48
321517110571802,2025-08-01 17:56:00,191.36,Provisional,58.33,2203.64
321517110571802,2025-12-02 16:28:00,191.44,Provisional,58.35,2203.56
321517110571802,2026-02-11 21:24:00,189.32,Provisional,57.7,2205.68
321517110571802,2026-04-23 17:55:00,189.19,Provisional,57.67,2205.81
321517111005001,1946-01-25 12:00:00,33.03,Approved,10.07,2263.37
321517111005001,1946-05-28 12:00:00,34.89,Approved,10.63,2261.51
321517111005001,1946-11-05 12:00:00,36.69,Approved,11.18,2259.71
321517111005001,1947-02-17 12:00:00,35.44,Approved,10.8,2260.96
321517111005001,1947-08-29 12:00:00,39.65,Approved,12.09,2256.75
321517111005001,1948-02-03 12:00:00,39.27,Approved,11.97,2257.13
321517111005001,1948-10-08 12:00:00,43.88,Approved,13.37,2252.52
321517111005001,1949-02-01 12:00:00,43.46,Approved,13.25,2252.94
321517111005001,1949-10-11 12:00:00,49.41,Approved,15.06,2246.99
321517111005001,1950-02-07 12:00:00,48.61,Approved,14.82,2247.79
321517111005001,1951-02-19 12:00:00,52.18,Approved,15.9,2244.22
321517111005001,1952-01-30 12:00:00,58.08,Approved,17.7,2238.32
321517111005001,1952-03-03 12:00:00,58.29,Approved,17.77,2238.11
321517111005001,1953-01-28 12:00:00,63.23,Approved,19.27,2233.17
321517111005001,1953-02-03 12:00:00,63.25,Approved,19.28,2233.15
321517111005001,1954-02-08 12:00:00,69.02,Approved,21.04,2227.38
321517111005001,1954-02-25 12:00:00,69.04,Approved,21.04,2227.36
321517111005001,1955-01-04 12:00:00,73.19,Approved,22.31,2223.21
321517111005001,1955-02-02 12:00:00,70.91,Approved,21.61,2225.49
321517111005001,1956-02-03 12:00:00,70.62,Approved,21.52,2225.78
321517111005001,1957-02-05 12:00:00,76.12,Approved,23.2,2220.28
321517111005001,1957-12-23 12:00:00,78.41,Approved,23.9,2217.99
321517111005001,1958-01-24 12:00:00,77.61,Approved,23.66,2218.79
321517111005001,1959-01-21 12:00:00,81.03,Approved,24.7,2215.37
321517111005001,1960-01-26 12:00:00,78.67,Approved,23.98,2217.73
321517111005001,1961-01-23 12:00:00,80.55,Approved,24.55,2215.85
321517111005001,1962-01-19 12:00:00,80.98,Approved,24.68,2215.42
321517111005001,1963-01-01 12:00:00,87.57,Approved,26.69,2208.83
321517111005001,1963-01-24 12:00:00,83.61,Approved,25.48,2212.79
321517111005001,1964-01-23 12:00:00,85.0,Approved,25.91,2211.4
321517111005001,1964-02-28 12:00:00,85.5,Approved,26.06,2210.9
321517111005001,1965-01-19 12:00:00,98.18,Approved,29.93,2198.22
321517111005001,1965-01-24 12:00:00,88.9,Approved,27.1,2207.5
321517111005001,1966-01-11 12:00:00,87.8,Approved,26.76,2208.6
321517111005001,1966-02-16 12:00:00,87.34,Approved,26.62,2209.06
321517111005001,1967-01-25 12:00:00,87.45,Approved,26.65,2208.95
321517111005001,1967-03-20 12:00:00,86.2,Approved,26.27,2210.2
321517111005001,1968-01-31 12:00:00,86.81,Approved,26.46,2209.59
321517111005001,1969-01-30 12:00:00,92.35,Approved,28.15,2204.05
321517111005001,1970-02-05 12:00:00,91.81,Approved,27.98,2204.59
321517111005001,1977-02-01 12:00:00,96.0,Approved,29.26,2200.4
321517111005001,1978-02-01 12:00:00,95.5,Approved,29.11,2200.9
321517111005001,1979-02-01 12:00:00,94.6,Approved,28.83,2201.8
321517111005001,1981-12-31 12:00:00,116.9,Approved,35.63,2179.5
321517111005001,1983-12-15 12:00:00,112.2,Approved,34.2,2184.2
321517111005001,1984-01-04 12:00:00,112.2,Approved,34.2,2184.2
321517111005001,1984-12-10 12:00:00,108.5,Approved,33.07,2187.9
321517111005001,1986-06-05 12:00:00,108.0,Approved,32.92,2188.4
321517111005001,1986-12-09 12:00:00,107.6,Approved,32.8,2188.8
321517111005001,1987-06-09 12:00:00,111.4,Approved,33.95,2185.0
321517111005001,1987-12-03 12:00:00,114.0,Approved,34.75,2182.4
321517111005001,1988-06-09 12:00:00,116.52,Approved,35.52,2179.88
321517111005001,1988-12-07 12:00:00,116.7,Approved,35.57,2179.7
321517111005001,1989-11-28 12:00:00,119.8,Approved,36.52,2176.6
321517111005001,1990-12-11 12:00:00,120.3,Approved,36.67,2176.1
321517111005001,1991-12-09 12:00:00,124.2,Approved,37.86,2172.2
321517111005001,1992-12-01 12:00:00,123.8,Approved,37.73,2172.6
321517111005001,1993-12-07 12:00:00,124.8,Approved,38.04,2171.6
321517111005001,1995-01-25 12:00:00,126.4,Approved,38.53,2170.0
321517111005001,1995-11-28 12:00:00,127.6,Approved,38.89,2168.8
321517111005001,1996-11-05 12:00:00,128.6,Approved,39.2,2167.8
321517111005001,1997-11-05 12:00:00,131.4,Approved,40.05,2165.0
321517111005001,1998-12-03 12:00:00,132.0,Approved,40.23,2164.4
321517111005001,1999-05-21 12:00:00,133.2,Approved,40.6,2163.2
321517111005001,1999-11-19 12:00:00,133.0,Approved,40.54,2163.4
321546110533701,1964-01-14 12:00:00,72.97,Approved,22.24,2348.03
321546110533701,1965-04-13 12:00:00,61.59,Approved,18.77,2359.41
321546110533701,1969-01-14 12:00:00,72.97,Approved,22.24,2348.03
321546110533701,1985-12-17 12:00:00,124.5,Approved,37.95,2296.5
321546110533701,1986-02-03 12:00:00,126.0,Approved,38.4,2295.0
321546110533701,1986-03-03 12:00:00,126.9,Approved,38.68,2294.1
321546110533701,1986-03-31 12:00:00,126.1,Approved,38.44,2294.9
321546110533701,1986-05-01 12:00:00,123.8,Approved,37.73,2297.2
321546110533701,1986-06-02 12:00:00,122.5,Approved,37.34,2298.5
321546110533701,1986-07-02 12:00:00,123.5,Approved,37.64,2297.5
321546110533701,1986-08-01 12:00:00,125.0,Approved,38.1,2296.0
321546110533701,1986-09-02 12:00:00,126.5,Approved,38.56,2294.5
321546110533701,1986-10-01 12:00:00,128.4,Approved,39.14,2292.6
321546110533701,1986-11-03 12:00:00,129.0,Approved,39.32,2292.0
321546110533701,1986-12-08 12:00:00,129.3,Approved,39.41,2291.7
321546110533701,1987-01-02 12:00:00,130.9,Approved,39.9,2290.1
321546110533701,1987-02-02 12:00:00,132.1,Approved,40.26,2288.9
321546110533701,1987-03-02 12:00:00,133.2,Approved,40.6,2287.8
321546110533701,1987-03-31 12:00:00,134.0,Approved,40.84,2287.0
321546110533701,1987-05-01 12:00:00,135.1,Approved,41.18,2285.9
321546110533701,1987-05-29 12:00:00,131.81,Approved,40.18,2289.19
321546110533701,1987-07-01 12:00:00,132.6,Approved,40.42,2288.4
321546110533701,1987-07-31 12:00:00,132.0,Approved,40.23,2289.0
321546110533701,1987-08-31 12:00:00,133.5,Approved,40.69,2287.5
321546110533701,1987-10-01 12:00:00,135.3,Approved,41.24,2285.7
321546110533701,1987-11-02 12:00:00,136.5,Approved,41.61,2284.5
321546110533701,1987-11-30 12:00:00,137.4,Approved,41.88,2283.6
321546110533701,1987-12-31 12:00:00,138.4,Approved,42.18,2282.6
321546110533701,1988-02-01 12:00:00,139.35,Approved,42.47,2281.65
321546110533701,1988-02-29 12:00:00,140.6,Approved,42.85,2280.4
321546110533701,1988-04-01 12:00:00,143.9,Approved,43.86,2277.1
321546110533701,1988-05-02 12:00:00,141.7,Approved,43.19,2279.3
321546110533701,1988-06-01 12:00:00,142.6,Approved,43.46,2278.4
321546110533701,1988-07-01 12:00:00,143.6,Approved,43.77,2277.4
321546110533701,1988-08-01 12:00:00,143.8,Approved,43.83,2277.2
321546110533701,1988-09-01 12:00:00,145.4,Approved,44.32,2275.6
321546110533701,1988-09-30 12:00:00,146.3,Approved,44.59,2274.7
321546110533701,1988-10-28 12:00:00,146.9,Approved,44.78,2274.1
321546110533701,1988-12-05 12:00:00,148.5,Approved,45.26,2272.5
321546110533701,1989-01-02 12:00:00,149.6,Approved,45.6,2271.4
321546110533701,1989-02-01 12:00:00,150.2,Approved,45.78,2270.8
321546110533701,1989-03-02 12:00:00,151.3,Approved,46.12,2269.7
321546110533701,1989-04-03 12:00:00,152.6,Approved,46.51,2268.4
321546110533701,1989-05-01 12:00:00,153.7,Approved,46.85,2267.3
321546110533701,1989-06-01 12:00:00,154.9,Approved,47.21,2266.1
321546110533701,1989-07-03 12:00:00,156.2,Approved,47.61,2264.8
321546110533701,1989-08-01 12:00:00,158.6,Approved,48.34,2262.4
321546110533701,1989-08-31 12:00:00,158.7,Approved,48.37,2262.3
321546110533701,1989-10-02 12:00:00,160.3,Approved,48.86,2260.7
321546110533701,1989-11-01 12:00:00,161.2,Approved,49.13,2259.8
321546110533701,1989-12-01 12:00:00,162.2,Approved,49.44,2258.8
321546110533701,1990-01-02 12:00:00,163.2,Approved,49.74,2257.8
321546110533701,1990-02-02 12:00:00,164.1,Approved,50.02,2256.9
321546110533701,1990-03-01 12:00:00,164.6,Approved,50.17,2256.4
321546110533701,1990-04-02 12:00:00,165.5,Approved,50.44,2255.5
321546110533701,1990-04-30 12:00:00,166.2,Approved,50.66,2254.8
321546110533701,1990-06-01 12:00:00,167.3,Approved,50.99,2253.7
321546110533701,1990-07-02 12:00:00,167.8,Approved,51.15,2253.2
321546110533701,1990-07-27 12:00:00,168.3,Approved,51.3,2252.7
321546110533701,1990-08-28 12:00:00,169.7,Approved,51.72,2251.3
321546110533701,1990-10-01 12:00:00,168.0,Approved,51.21,2253.0
321546110533701,1990-11-01 12:00:00,167.0,Approved,50.9,2254.0
321546110533701,1990-12-10 12:00:00,165.7,Approved,50.51,2255.3
321546110533701,1991-01-02 12:00:00,165.7,Approved,50.51,2255.3
321546110533701,1991-02-01 12:00:00,164.8,Approved,50.23,2256.2
321546110533701,1991-02-28 12:00:00,164.1,Approved,50.02,2256.9
321546110533701,1991-04-02 12:00:00,160.7,Approved,48.98,2260.3
321546110533701,1991-05-01 12:00:00,156.1,Approved,47.58,2264.9
321546110533701,1991-06-03 12:00:00,150.25,Approved,45.8,2270.75
321546110533701,1991-08-02 12:00:00,144.8,Approved,44.14,2276.2
321546110533701,1991-11-01 12:00:00,146.6,Approved,44.68,2274.4
321546110533701,1992-02-10 12:00:00,150.5,Approved,45.87,2270.5
321546110533701,1992-05-14 12:00:00,143.2,Approved,43.65,2277.8
321546110533701,1992-08-12 12:00:00,136.2,Approved,41.51,2284.8
321546110533701,1992-11-10 12:00:00,139.2,Approved,42.43,2281.8
321546110533701,1993-02-16 12:00:00,138.9,Approved,42.34,2282.1
321546110533701,1993-03-12 12:00:00,133.4,Approved,40.66,2287.6
321546110533701,1993-03-31 12:00:00,128.2,Approved,39.08,2292.8
321546110533701,1993-08-14 12:00:00,124.0,Approved,37.8,2297.0
321546110533701,1993-08-17 12:00:00,124.0,Approved,37.8,2297.0
321546110533701,1993-11-16 12:00:00,130.9,Approved,39.9,2290.1
321546110533701,1994-02-16 12:00:00,137.2,Approved,41.82,2283.8
321546110533701,1994-08-16 12:00:00,146.9,Approved,44.78,2274.1
321546110533701,1995-02-17 12:00:00,145.8,Approved,44.44,2275.2
321546110533701,1995-05-12 12:00:00,128.1,Approved,39.04,2292.9
321546110533701,1995-08-15 12:00:00,132.4,Approved,40.36,2288.6
321546110533701,1995-11-16 12:00:00,140.7,Approved,42.89,2280.3
321546110533701,1998-05-04 12:00:00,168.0,Approved,51.21,2253.0
321546110533701,1998-05-18 12:00:00,171.2,Approved,52.18,2249.8
321546110533701,1998-06-02 12:00:00,163.2,Approved,49.74,2257.8
321546110533701,1998-06-17 12:00:00,160.7,Approved,48.98,2260.3
321546110533701,1998-07-01 12:00:00,158.4,Approved,48.28,2262.6
321546110533701,1998-08-18 12:00:00,154.2,Approved,47.0,2266.8
321546110533701,1998-10-29 12:00:00,150.6,Approved,45.9,2270.4
321546110533701,1998-12-03 12:00:00,149.5,Approved,45.57,2271.5
321546110533701,1999-02-16 12:00:00,150.3,Approved,45.81,2270.7
321546110533701,1999-05-20 12:00:00,158.1,Approved,48.19,2262.9
321546110533701,1999-08-11 12:00:00,158.7,Approved,48.37,2262.3
321546110533701,2000-02-16 12:00:00,161.4,Approved,49.19,2259.6
321546110533701,2000-05-17 12:00:00,162.3,Approved,49.47,2258.7
321546110533701,2000-08-16 12:00:00,167.0,Approved,50.9,2254.0
321546110533701,2000-11-16 12:00:00,171.9,Approved,52.4,2249.1
321546110533701,2001-02-15 12:00:00,174.0,Approved,53.04,2247.0
321546110533701,2001-08-15 12:00:00,158.5,Approved,48.31,2262.5
321546110533701,2002-02-19 12:00:00,161.9,Approved,49.35,2259.1
321549110535601,1965-03-09 12:00:00,82.79,Approved,25.23,2341.21
321549110535601,1965-07-07 12:00:00,82.1,Approved,25.02,2341.9
321549110535601,1965-08-13 12:00:00,83.5,Approved,25.45,2340.5
321549110535601,1965-09-29 12:00:00,81.7,Approved,24.9,2342.3
321549110535601,1965-10-15 12:00:00,88.0,Approved,26.82,2336.0
321549110535601,1965-12-15 12:00:00,87.5,Approved,26.67,2336.5
321549110535601,1966-01-15 12:00:00,83.3,Approved,25.39,2340.7
321549110535601,1966-03-04 12:00:00,83.0,Approved,25.3,2341.0
321549110535601,1966-03-17 12:00:00,70.5,Approved,21.49,2353.5
321549110535601,1966-04-19 12:00:00,68.0,Approved,20.73,2356.0
321549110535601,1967-07-20 12:00:00,91.7,Approved,27.95,2332.3
321549110535601,1967-10-25 12:00:00,92.1,Approved,28.07,2331.9
321549110535601,1967-12-20 12:00:00,93.0,Approved,28.35,2331.0
321549110535601,1968-03-18 12:00:00,77.6,Approved,23.65,2346.4
321549110535601,1968-06-19 12:00:00,71.6,Approved,21.82,2352.4
321549110535601,1970-04-29 12:00:00,99.45,Approved,30.31,2324.55
321549110535601,1982-12-01 12:00:00,145.5,Approved,44.35,2278.5
321549110535601,1983-12-27 12:00:00,185.8,Approved,56.63,2238.2
321549110535601,1985-01-08 12:00:00,139.7,Approved,42.58,2284.3
321549110535601,1985-12-31 12:00:00,139.5,Approved,42.52,2284.5
321549110535601,1986-02-05 12:00:00,140.3,Approved,42.76,2283.7
321549110535601,1986-03-03 12:00:00,141.6,Approved,43.16,2282.4
321549110535601,1986-03-31 12:00:00,142.0,Approved,43.28,2282.0
321549110535601,1986-05-01 12:00:00,141.9,Approved,43.25,2282.1
321549110535601,1986-06-02 12:00:00,140.4,Approved,42.79,2283.6
321549110535601,1986-07-02 12:00:00,139.1,Approved,42.4,2284.9
321549110535601,1986-08-01 12:00:00,140.9,Approved,42.95,2283.1
321549110535601,1986-09-02 12:00:00,142.1,Approved,43.31,2281.9
321549110535601,1986-10-01 12:00:00,143.5,Approved,43.74,2280.5
321549110535601,1986-11-03 12:00:00,144.8,Approved,44.14,2279.2
321549110535601,1986-12-08 12:00:00,146.8,Approved,44.74,2277.2
321549110535601,1986-12-16 12:00:00,147.4,Approved,44.93,2276.6
321549110535601,1987-01-02 12:00:00,147.4,Approved,44.93,2276.6
321549110535601,1987-01-05 12:00:00,147.4,Approved,44.93,2276.6
321549110535601,1987-02-02 12:00:00,148.7,Approved,45.32,2275.3
321549110535601,1987-03-02 12:00:00,149.8,Approved,45.66,2274.2
321549110535601,1987-03-31 12:00:00,150.8,Approved,45.96,2273.2
321549110535601,1987-05-01 12:00:00,151.7,Approved,46.24,2272.3
321549110535601,1987-05-29 12:00:00,151.4,Approved,46.15,2272.6
321549110535601,1987-07-01 12:00:00,150.7,Approved,45.93,2273.3
321549110535601,1987-07-31 12:00:00,150.8,Approved,45.96,2273.2
321549110535601,1987-08-31 12:00:00,151.4,Approved,46.15,2272.6
321549110535601,1987-10-01 12:00:00,152.3,Approved,46.42,2271.7
321549110535601,1987-11-02 12:00:00,153.65,Approved,46.83,2270.35
321549110535601,1987-11-30 12:00:00,154.84,Approved,47.2,2269.16
321549110535601,1987-12-23 12:00:00,155.4,Approved,47.37,2268.6
321549110535601,1987-12-31 12:00:00,155.79,Approved,47.48,2268.21
321549110535601,1988-02-01 12:00:00,156.68,Approved,47.76,2267.32
321549110535601,1988-02-29 12:00:00,157.6,Approved,48.04,2266.4
321549110535601,1988-04-01 12:00:00,158.7,Approved,48.37,2265.3
321549110535601,1988-05-02 12:00:00,159.47,Approved,48.61,2264.53
321549110535601,1988-06-01 12:00:00,160.17,Approved,48.82,2263.83
321549110535601,1988-07-01 12:00:00,160.9,Approved,49.04,2263.1
321549110535601,1988-08-01 12:00:00,161.5,Approved,49.23,2262.5
321549110535601,1988-09-01 12:00:00,162.6,Approved,49.56,2261.4
321549110535601,1988-09-30 12:00:00,163.68,Approved,49.89,2260.32
321549110535601,1988-10-28 12:00:00,164.5,Approved,50.14,2259.5
321549110535601,1988-12-05 12:00:00,165.65,Approved,50.49,2258.35
321549110535601,1989-01-02 12:00:00,166.9,Approved,50.87,2257.1
321549110535601,1989-02-01 12:00:00,167.8,Approved,51.15,2256.2
321549110535601,1989-03-02 12:00:00,168.53,Approved,51.37,2255.47
321549110535601,1989-04-03 12:00:00,169.59,Approved,51.69,2254.41
321549110535601,1989-05-01 12:00:00,170.5,Approved,51.97,2253.5
321549110535601,1989-06-01 12:00:00,171.65,Approved,52.32,2252.35
321549110535601,1989-07-03 12:00:00,172.8,Approved,52.67,2251.2
321549110535601,1989-08-01 12:00:00,173.75,Approved,52.96,2250.25
321549110535601,1989-08-31 12:00:00,175.0,Approved,53.34,2249.0
321549110535601,1989-10-02 12:00:00,176.4,Approved,53.77,2247.6
321549110535601,1989-11-01 12:00:00,178.16,Approved,54.3,2245.84
321549110535601,1989-12-01 12:00:00,179.42,Approved,54.69,2244.58
321549110535601,1990-01-02 12:00:00,180.47,Approved,55.01,2243.53
321549110535601,1990-02-02 12:00:00,181.82,Approved,55.42,2242.18
321549110535601,1990-03-01 12:00:00,182.7,Approved,55.69,2241.3
321549110535601,1990-04-02 12:00:00,183.8,Approved,56.02,2240.2
321549110535601,1990-04-30 12:00:00,184.67,Approved,56.29,2239.33
321549110535601,1990-06-01 12:00:00,185.8,Approved,56.63,2238.2
321549110535601,1990-07-02 12:00:00,186.8,Approved,56.94,2237.2
321549110535601,1990-07-27 12:00:00,187.7,Approved,57.21,2236.3
321549110535601,1990-08-28 12:00:00,188.78,Approved,57.54,2235.22
321549110535601,1990-10-01 12:00:00,189.77,Approved,57.84,2234.23
321549110535601,1990-11-01 12:00:00,190.8,Approved,58.16,2233.2
321549110535601,1990-11-30 12:00:00,190.8,Approved,58.16,2233.2
321549110535601,1991-01-02 12:00:00,191.05,Approved,58.23,2232.95
321549110535601,1991-02-01 12:00:00,191.2,Approved,58.28,2232.8
321549110535601,1991-02-28 12:00:00,191.05,Approved,58.23,2232.95
321549110535601,1991-04-02 12:00:00,190.87,Approved,58.18,2233.13
321549110535601,1991-05-01 12:00:00,189.9,Approved,57.88,2234.1
321549110535601,1991-08-02 12:00:00,180.62,Approved,55.05,2243.38
321549110535601,1991-11-01 12:00:00,176.25,Approved,53.72,2247.75
321549110535601,1991-12-11 12:00:00,178.26,Approved,54.33,2245.74
321549110535601,1992-02-10 12:00:00,178.2,Approved,54.32,2245.8
321549110535601,1992-05-14 12:00:00,177.22,Approved,54.02,2246.78
321549110535601,1992-08-12 12:00:00,167.8,Approved,51.15,2256.2
321549110535601,1992-11-10 12:00:00,166.35,Approved,50.7,2257.65
321549110535601,1993-01-11 12:00:00,168.43,Approved,51.34,2255.57
321549110535601,1993-01-18 12:00:00,168.57,Approved,51.38,2255.43
321549110535601,1993-01-25 12:00:00,168.96,Approved,51.5,2255.04
321549110535601,1993-02-16 12:00:00,169.31,Approved,51.61,2254.69
321549110535601,1993-03-03 12:00:00,168.49,Approved,51.36,2255.51
321549110535601,1993-03-12 12:00:00,167.68,Approved,51.11,2256.32
321549110535601,1993-03-31 12:00:00,164.78,Approved,50.22,2259.22
321549110535601,1993-05-13 12:00:00,155.47,Approved,47.39,2268.53
321549110535601,1993-08-17 12:00:00,148.3,Approved,45.2,2275.7
321549110535601,1993-11-16 12:00:00,152.6,Approved,46.51,2271.4
321549110535601,1994-02-16 12:00:00,158.6,Approved,48.34,2265.4
321549110535601,1994-05-16 12:00:00,164.91,Approved,50.26,2259.09
321549110535601,1994-08-16 12:00:00,169.78,Approved,51.75,2254.22
321549110535601,1994-11-17 12:00:00,174.11,Approved,53.07,2249.89
321549110535601,1995-02-13 12:00:00,176.54,Approved,53.81,2247.46
321549110535601,1995-05-12 12:00:00,163.68,Approved,49.89,2260.32
321549110535601,1995-06-14 12:00:00,159.45,Approved,48.6,2264.55
321549110535601,1995-08-15 12:00:00,158.06,Approved,48.18,2265.94
321549110535601,1995-11-16 12:00:00,162.68,Approved,49.58,2261.32
321549110535601,1995-12-01 12:00:00,163.51,Approved,49.84,2260.49
321549110535601,1996-02-15 12:00:00,168.27,Approved,51.29,2255.73
321549110535601,1996-05-15 12:00:00,173.32,Approved,52.83,2250.68
321549110535601,1996-08-15 12:00:00,178.78,Approved,54.49,2245.22
321549110535601,1996-11-18 12:00:00,183.54,Approved,55.94,2240.46
321549110535601,1997-02-18 12:00:00,186.43,Approved,56.82,2237.57
321549110535601,1997-05-15 12:00:00,189.75,Approved,57.84,2234.25
321549110535601,1997-08-15 12:00:00,192.51,Approved,58.68,2231.49
321549110535601,1997-11-06 12:00:00,195.7,Approved,59.65,2228.3
321549110535601,1997-11-14 12:00:00,196.06,Approved,59.76,2227.94
321549110535601,1998-02-13 12:00:00,198.3,Approved,60.44,2225.7
321549110535601,1998-05-07 12:00:00,199.5,Approved,60.81,2224.5
321549110535601,1998-05-18 12:00:00,199.27,Approved,60.74,2224.73
321549110535601,1998-06-02 12:00:00,198.65,Approved,60.55,2225.35
321549110535601,1998-06-17 12:00:00,197.85,Approved,60.3,2226.15
321549110535601,1998-07-01 12:00:00,196.6,Approved,59.92,2227.4
321549110535601,1998-08-17 12:00:00,192.1,Approved,58.55,2231.9
321549110535601,1998-10-29 12:00:00,185.9,Approved,56.66,2238.1
321549110535601,1998-12-04 12:00:00,183.8,Approved,56.02,2240.2
321549110535601,1999-02-16 12:00:00,181.73,Approved,55.39,2242.27
321549110535601,1999-05-20 12:00:00,183.25,Approved,55.85,2240.75
321549110535601,1999-08-11 12:00:00,185.98,Approved,56.69,2238.02
321549110535601,1999-11-15 12:00:00,188.16,Approved,57.35,2235.84
321549110535601,2000-02-16 12:00:00,188.3,Approved,57.39,2235.7
321549110535601,2000-05-17 12:00:00,190.06,Approved,57.93,2233.94
321549110535601,2000-08-16 12:00:00,193.05,Approved,58.84,2230.95
321549110535601,2000-11-16 12:00:00,196.91,Approved,60.02,2227.09
321549110535601,2001-02-15 12:00:00,198.28,Approved,60.44,2225.72
321549110535601,2001-03-08 12:00:00,197.95,Approved,60.34,2226.05
321549110535601,2001-03-27 12:00:00,197.83,Approved,60.3,2226.17
321549110535601,2001-05-18 12:00:00,196.5,Approved,59.89,2227.5
321549110535601,2001-08-15 12:00:00,196.5,Approved,59.89,2227.5
321549110535601,2001-11-26 12:00:00,190.43,Approved,58.04,2233.57
321549110535601,2001-12-05 12:00:00,190.5,Approved,58.06,2233.5
321549110535601,2002-02-19 12:00:00,191.3,Approved,58.31,2232.7
321558110530501,1985-12-10 12:00:00,28.8,Approved,8.78,2390.2
321558110530501,1986-01-02 12:00:00,54.8,Approved,16.7,2364.2
321558110530501,1986-02-03 12:00:00,43.0,Approved,13.11,2376.0
321558110530501,1986-03-03 12:00:00,23.7,Approved,7.22,2395.3
321558110530501,1986-03-31 12:00:00,18.3,Approved,5.58,2400.7
321558110530501,1986-05-01 12:00:00,20.6,Approved,6.28,2398.4
321558110530501,1986-06-02 12:00:00,34.7,Approved,10.58,2384.3
321558110530501,1986-07-02 12:00:00,39.5,Approved,12.04,2379.5
321558110530501,1986-08-01 12:00:00,44.89,Approved,13.68,2374.11
321558110530501,1986-09-02 12:00:00,41.8,Approved,12.74,2377.2
321558110530501,1986-10-01 12:00:00,41.6,Approved,12.68,2377.4
321558110530501,1986-11-03 12:00:00,47.3,Approved,14.42,2371.7
321558110530501,1986-12-08 12:00:00,52.5,Approved,16.0,2366.5
321558110530501,1987-02-02 12:00:00,59.0,Approved,17.98,2360.0
321558110530501,1987-03-02 12:00:00,60.0,Approved,18.29,2359.0
321558110530501,1987-03-31 12:00:00,28.7,Approved,8.75,2390.3
321558110530501,1987-05-01 12:00:00,22.2,Approved,6.77,2396.8
321558110530501,1987-05-29 12:00:00,33.55,Approved,10.23,2385.45
321558110530501,1987-07-01 12:00:00,44.3,Approved,13.5,2374.7
321558110530501,1987-07-31 12:00:00,47.8,Approved,14.57,2371.2
321558110530501,1987-08-31 12:00:00,54.5,Approved,16.61,2364.5
321558110530501,1987-10-01 12:00:00,61.1,Approved,18.62,2357.9
321558110530501,1987-11-02 12:00:00,65.0,Approved,19.81,2354.0
321558110530501,1987-11-30 12:00:00,68.0,Approved,20.73,2351.0
321558110530501,1987-12-31 12:00:00,70.8,Approved,21.58,2348.2
321558110530501,1988-02-01 12:00:00,72.5,Approved,22.1,2346.5
321558110530501,1988-02-29 12:00:00,51.9,Approved,15.82,2367.1
321558110530501,1988-04-01 12:00:00,52.0,Approved,15.85,2367.0
321558110530501,1988-05-02 12:00:00,56.0,Approved,17.07,2363.0
321558110530501,1988-06-01 12:00:00,60.5,Approved,18.44,2358.5
321558110530501,1988-07-01 12:00:00,68.4,Approved,20.85,2350.6
321558110530501,1988-08-01 12:00:00,73.4,Approved,22.37,2345.6
321558110530501,1988-09-01 12:00:00,74.5,Approved,22.71,2344.5
321558110530501,1988-09-30 12:00:00,75.5,Approved,23.01,2343.5
321558110530501,1988-10-28 12:00:00,77.1,Approved,23.5,2341.9
321558110530501,1988-12-05 12:00:00,78.6,Approved,23.96,2340.4
321558110530501,1989-01-02 12:00:00,80.4,Approved,24.51,2338.6
321558110530501,1989-02-01 12:00:00,82.2,Approved,25.05,2336.8
321558110530501,1989-03-02 12:00:00,84.4,Approved,25.73,2334.6
321558110530501,1989-04-03 12:00:00,86.25,Approved,26.29,2332.75
321558110530501,1989-05-01 12:00:00,111.4,Approved,33.95,2307.6
321558110530501,1989-06-01 12:00:00,89.3,Approved,27.22,2329.7
321558110530501,1989-07-03 12:00:00,91.45,Approved,27.87,2327.55
321558110530501,1989-08-01 12:00:00,126.4,Approved,38.53,2292.6
321558110530501,1989-08-31 12:00:00,90.4,Approved,27.55,2328.6
321558110530501,1989-10-02 12:00:00,91.7,Approved,27.95,2327.3
321558110530501,1989-11-01 12:00:00,92.6,Approved,28.22,2326.4
321558110530501,1989-12-01 12:00:00,93.2,Approved,28.41,2325.8
321558110530501,1990-01-02 12:00:00,93.3,Approved,28.44,2325.7
321558110530501,1990-02-02 12:00:00,95.3,Approved,29.05,2323.7
321558110530501,1990-03-01 12:00:00,127.0,Approved,38.71,2292.0
321558110530501,1990-04-02 12:00:00,124.3,Approved,37.89,2294.7
321558110530501,1990-04-30 12:00:00,101.2,Approved,30.85,2317.8
321558110530501,1990-06-01 12:00:00,99.7,Approved,30.39,2319.3
321558110530501,1990-07-02 12:00:00,101.2,Approved,30.85,2317.8
321558110530501,1990-07-27 12:00:00,95.3,Approved,29.05,2323.7
321558110530501,1990-08-28 12:00:00,61.9,Approved,18.87,2357.1
321558110530501,1990-10-01 12:00:00,54.5,Approved,16.61,2364.5
321558110530501,1990-11-01 12:00:00,57.7,Approved,17.59,2361.3
321558110530501,1990-12-10 12:00:00,60.4,Approved,18.41,2358.6
321558110530501,1991-01-02 12:00:00,58.4,Approved,17.8,2360.6
321558110530501,1991-02-01 12:00:00,39.2,Approved,11.95,2379.8
321558110530501,1991-02-28 12:00:00,41.05,Approved,12.51,2377.95
321558110530501,1991-04-02 12:00:00,18.32,Approved,5.58,2400.68
321558110530501,1991-05-01 12:00:00,18.33,Approved,5.59,2400.67
321558110530501,1991-06-03 12:00:00,27.0,Approved,8.23,2392.0
321558110530501,1991-08-02 12:00:00,40.9,Approved,12.47,2378.1
321558110530501,1991-11-01 12:00:00,51.5,Approved,15.7,2367.5
321558110530501,1992-02-10 12:00:00,48.9,Approved,14.9,2370.1
321558110530501,1992-05-14 12:00:00,21.45,Approved,6.54,2397.55
321558110530501,1992-08-12 12:00:00,40.55,Approved,12.36,2378.45
321558110530501,1992-11-10 12:00:00,48.4,Approved,14.75,2370.6
321558110530501,1993-01-11 12:00:00,28.4,Approved,8.66,2390.6
321558110530501,1993-01-18 12:00:00,21.2,Approved,6.46,2397.8
321558110530501,1993-01-25 12:00:00,17.0,Approved,5.18,2402.0
321558110530501,1993-02-16 12:00:00,14.82,Approved,4.52,2404.18
321558110530501,1993-03-03 12:00:00,13.62,Approved,4.15,2405.38
321558110530501,1993-03-12 12:00:00,13.99,Approved,4.26,2405.01
321558110530501,1993-03-31 12:00:00,13.27,Approved,4.04,2405.73
321558110530501,1993-05-13 12:00:00,19.02,Approved,5.8,2399.98
321558110530501,1993-08-17 12:00:00,40.0,Approved,12.19,2379.0
321558110530501,1993-11-16 12:00:00,46.8,Approved,14.26,2372.2
321558110530501,1994-02-16 12:00:00,47.6,Approved,14.51,2371.4
321558110530501,1994-05-16 12:00:00,63.49,Approved,19.35,2355.51
321558110530501,1994-11-17 12:00:00,71.0,Approved,21.64,2348.0
321558110530501,1995-02-13 12:00:00,16.4,Approved,5.0,2402.6
321558110530501,1995-05-12 12:00:00,28.6,Approved,8.72,2390.4
321558110530501,1995-08-15 12:00:00,54.5,Approved,16.61,2364.5
321558110530501,1995-11-16 12:00:00,67.6,Approved,20.6,2351.4
321558110530501,1996-05-15 12:00:00,78.6,Approved,23.96,2340.4
321558110530501,1996-08-15 12:00:00,86.6,Approved,26.4,2332.4
321558110530501,1996-11-18 12:00:00,120.6,Approved,36.76,2298.4
321558110530501,1997-11-06 12:00:00,89.3,Approved,27.22,2329.7
321558110530501,1998-05-04 12:00:00,27.6,Approved,8.41,2391.4
321558110530501,1998-05-18 12:00:00,31.3,Approved,9.54,2387.7
321558110530501,1998-06-02 12:00:00,37.8,Approved,11.52,2381.2
321558110530501,1998-06-17 12:00:00,40.7,Approved,12.41,2378.3
321558110530501,1998-07-01 12:00:00,44.7,Approved,13.62,2374.3
321558110530501,1998-08-18 12:00:00,42.63,Approved,12.99,2376.37
321558110530501,1998-10-29 12:00:00,50.9,Approved,15.51,2368.1
321558110530501,1998-12-03 12:00:00,47.1,Approved,14.36,2371.9
321558110530501,1999-02-16 12:00:00,53.1,Approved,16.18,2365.9
321558110530501,2000-02-16 12:00:00,82.6,Approved,25.18,2336.4
321558110530501,2000-05-17 12:00:00,84.6,Approved,25.79,2334.4
321558110530501,2000-08-16 12:00:00,86.0,Approved,26.21,2333.0
321558110530501,2000-11-16 12:00:00,68.4,Approved,20.85,2350.6
321558110530501,2001-02-15 12:00:00,55.3,Approved,16.86,2363.7
321558110530501,2001-08-15 12:00:00,53.6,Approved,16.34,2365.4
321558110530501,2002-02-19 12:00:00,74.6,Approved,22.74,2344.4
321558110530501,2003-05-14 12:00:00,114.1,Approved,34.78,2304.9
321558110530501,2003-08-18 12:00:00,118.86,Approved,36.23,2300.14
321558110530501,2003-10-28 12:00:00,102.6,Approved,31.27,2316.4
321558110530501,2004-02-18 12:00:00,113.55,Approved,34.61,2305.45
321558110530501,2004-08-12 12:00:00,78.6,Approved,23.96,2340.4
321558110530501,2005-01-18 12:00:00,81.3,Approved,24.78,2337.7
321558110530501,2006-01-12 12:00:00,69.3,Approved,21.12,2349.7
321558110531901,1985-12-10 12:00:00,72.3,Approved,22.04,2345.7
321558110531901,1986-02-03 12:00:00,71.2,Approved,21.7,2346.8
321558110531901,1986-03-03 12:00:00,65.4,Approved,19.93,2352.6
321558110531901,1986-03-31 12:00:00,54.1,Approved,16.49,2363.9
321558110531901,1986-05-01 12:00:00,51.0,Approved,15.54,2367.0
321558110531901,1986-06-02 12:00:00,57.8,Approved,17.62,2360.2
321558110531901,1986-07-02 12:00:00,63.7,Approved,19.42,2354.3
321558110531901,1986-08-01 12:00:00,68.4,Approved,20.85,2349.6
321558110531901,1986-09-02 12:00:00,69.4,Approved,21.15,2348.6
321558110531901,1986-10-01 12:00:00,67.8,Approved,20.67,2350.2
321558110531901,1986-11-03 12:00:00,71.9,Approved,21.92,2346.1
321558110531901,1986-12-08 12:00:00,75.3,Approved,22.95,2342.7
321558110531901,1987-01-02 12:00:00,77.6,Approved,23.65,2340.4
321558110531901,1987-02-02 12:00:00,80.3,Approved,24.48,2337.7
321558110531901,1987-03-02 12:00:00,82.4,Approved,25.12,2335.6
321558110531901,1987-03-31 12:00:00,72.0,Approved,21.95,2346.0
321558110531901,1987-05-01 12:00:00,60.0,Approved,18.29,2358.0
321558110531901,1987-05-29 12:00:00,59.7,Approved,18.2,2358.3
321558110531901,1987-07-01 12:00:00,69.8,Approved,21.28,2348.2
321558110531901,1987-07-31 12:00:00,72.1,Approved,21.98,2345.9
321558110531901,1987-08-31 12:00:00,77.4,Approved,23.59,2340.6
321558110531901,1987-10-01 12:00:00,81.5,Approved,24.84,2336.5
321558110531901,1987-11-02 12:00:00,84.9,Approved,25.88,2333.1
321558110531901,1987-11-30 12:00:00,87.3,Approved,26.61,2330.7
321558110531901,1987-12-31 12:00:00,90.25,Approved,27.51,2327.75
321558110531901,1988-02-01 12:00:00,92.57,Approved,28.22,2325.43
321558110531901,1988-02-29 12:00:00,84.54,Approved,25.77,2333.46
321558110531901,1988-04-01 12:00:00,82.1,Approved,25.02,2335.9
321558110531901,1988-05-02 12:00:00,84.3,Approved,25.69,2333.7
321558110531901,1988-06-01 12:00:00,87.4,Approved,26.64,2330.6
321558110531901,1988-07-01 12:00:00,91.5,Approved,27.89,2326.5
321558110531901,1988-08-01 12:00:00,103.3,Approved,31.49,2314.7
321558110531901,1988-09-01 12:00:00,95.5,Approved,29.11,2322.5
321558110531901,1988-09-30 12:00:00,96.9,Approved,29.54,2321.1
321558110531901,1988-10-28 12:00:00,97.7,Approved,29.78,2320.3
321558110531901,1988-12-05 12:00:00,99.46,Approved,30.32,2318.54
321558110531901,1989-01-02 12:00:00,101.0,Approved,30.78,2317.0
321558110531901,1989-02-01 12:00:00,102.4,Approved,31.21,2315.6
321558110531901,1989-03-02 12:00:00,105.2,Approved,32.06,2312.8
321558110531901,1989-04-03 12:00:00,105.4,Approved,32.13,2312.6
321558110531901,1989-05-01 12:00:00,106.5,Approved,32.46,2311.5
321558110531901,1989-06-01 12:00:00,108.3,Approved,33.01,2309.7
321558110531901,1989-07-03 12:00:00,109.8,Approved,33.47,2308.2
321558110531901,1989-08-01 12:00:00,110.9,Approved,33.8,2307.1
321558110531901,1989-08-31 12:00:00,173.7,Approved,52.94,2244.3
321558110531901,1989-10-02 12:00:00,111.0,Approved,33.83,2307.0
321558110531901,1989-11-01 12:00:00,111.6,Approved,34.02,2306.4
321558110531901,1989-12-01 12:00:00,112.1,Approved,34.17,2305.9
321558110531901,1990-01-02 12:00:00,113.1,Approved,34.47,2304.9
321558110531901,1990-02-02 12:00:00,114.0,Approved,34.75,2304.0
321558110531901,1990-03-01 12:00:00,114.1,Approved,34.78,2303.9
321558110531901,1990-04-02 12:00:00,114.7,Approved,34.96,2303.3
321558110531901,1990-04-30 12:00:00,115.6,Approved,35.23,2302.4
321558110531901,1990-06-01 12:00:00,116.6,Approved,35.54,2301.4
321558110531901,1990-07-02 12:00:00,117.4,Approved,35.78,2300.6
321558110531901,1990-07-27 12:00:00,115.6,Approved,35.23,2302.4
321558110531901,1990-08-28 12:00:00,95.9,Approved,29.23,2322.1
321558110531901,1990-10-01 12:00:00,85.3,Approved,26.0,2332.7
321558110531901,1990-11-01 12:00:00,85.3,Approved,26.0,2332.7
321558110531901,1991-01-02 12:00:00,88.4,Approved,26.94,2329.6
321558110531901,1991-02-28 12:00:00,70.85,Approved,21.6,2347.15
321558110531901,1991-04-02 12:00:00,55.35,Approved,16.87,2362.65
321558110531901,1991-05-01 12:00:00,46.75,Approved,14.25,2371.25
321558110531901,1991-06-03 12:00:00,54.2,Approved,16.52,2363.8
321558110531901,1991-08-02 12:00:00,62.9,Approved,19.17,2355.1
321558110531901,1991-11-01 12:00:00,73.75,Approved,22.48,2344.25
321558110531901,1992-02-10 12:00:00,74.0,Approved,22.56,2344.0
321558110531901,1992-05-14 12:00:00,45.4,Approved,13.84,2372.6
321558110531901,1992-08-12 12:00:00,59.6,Approved,18.17,2358.4
321558110531901,1992-11-10 12:00:00,69.9,Approved,21.31,2348.1
321558110531901,1993-02-16 12:00:00,33.9,Approved,10.33,2384.1
321558110531901,1993-03-03 12:00:00,30.1,Approved,9.17,2387.9
321558110531901,1993-03-12 12:00:00,29.6,Approved,9.02,2388.4
321558110531901,1993-03-31 12:00:00,28.1,Approved,8.56,2389.9
321558110531901,1993-05-13 12:00:00,38.6,Approved,11.77,2379.4
321558110531901,1993-08-17 12:00:00,59.4,Approved,18.11,2358.6
321558110531901,1993-11-16 12:00:00,65.1,Approved,19.84,2352.9
321558110531901,1994-02-16 12:00:00,77.2,Approved,23.53,2340.8
321558110531901,1994-05-16 12:00:00,80.1,Approved,24.41,2337.9
321558110531901,1994-08-16 12:00:00,87.4,Approved,26.64,2330.6
321558110531901,1994-11-17 12:00:00,90.3,Approved,27.52,2327.7
321558110531901,1995-02-17 12:00:00,41.2,Approved,12.56,2376.8
321558110531901,1995-05-12 12:00:00,49.5,Approved,15.09,2368.5
321558110531901,1995-08-15 12:00:00,65.6,Approved,19.99,2352.4
321558110531901,1995-11-16 12:00:00,75.4,Approved,22.98,2342.6
321558110531901,1996-02-15 12:00:00,86.6,Approved,26.4,2331.4
321558110531901,1996-05-15 12:00:00,95.3,Approved,29.05,2322.7
321558110531901,1996-08-15 12:00:00,101.8,Approved,31.03,2316.2
321558110531901,1996-11-18 12:00:00,99.4,Approved,30.3,2318.6
321558110531901,1997-11-06 12:00:00,106.2,Approved,32.37,2311.8
321558110531901,1998-05-04 12:00:00,65.7,Approved,20.03,2352.3
321558110531901,1998-05-18 12:00:00,63.2,Approved,19.26,2354.8
321558110531901,1998-06-02 12:00:00,63.5,Approved,19.35,2354.5
321558110531901,1998-06-17 12:00:00,65.6,Approved,19.99,2352.4
321558110531901,1998-07-01 12:00:00,66.7,Approved,20.33,2351.3
321558110531901,1998-08-18 12:00:00,63.1,Approved,19.23,2354.9
321558110531901,1998-10-29 12:00:00,67.4,Approved,20.54,2350.6
321558110531901,1998-12-03 12:00:00,70.7,Approved,21.55,2347.3
321558110531901,1999-02-16 12:00:00,78.0,Approved,23.77,2340.0
321558110531901,1999-05-20 12:00:00,98.0,Approved,29.87,2320.0
321558110531901,1999-08-11 12:00:00,86.7,Approved,26.43,2331.3
321558110531901,2000-02-16 12:00:00,90.9,Approved,27.71,2327.1
321558110531901,2000-05-17 12:00:00,99.2,Approved,30.24,2318.8
321558110531901,2000-08-16 12:00:00,105.4,Approved,32.13,2312.6
321558110531901,2000-11-16 12:00:00,100.9,Approved,30.75,2317.1
321558110531901,2001-02-15 12:00:00,88.3,Approved,26.91,2329.7
321558110531901,2001-08-15 12:00:00,75.2,Approved,22.92,2342.8
321558110531901,2003-05-14 12:00:00,118.8,Approved,36.21,2299.2
321558110531901,2003-08-18 12:00:00,122.42,Approved,37.31,2295.58
321558110531901,2003-10-27 12:00:00,118.7,Approved,36.18,2299.3
321558110531901,2004-02-18 12:00:00,118.26,Approved,36.05,2299.74
321558110531901,2004-08-12 12:00:00,99.4,Approved,30.3,2318.6
321558110531901,2006-01-12 12:00:00,87.4,Approved,26.64,2330.6
321613110515801,1939-09-20 12:00:00,10.89,Approved,3.32,2429.11
321613110515801,1939-11-06 12:00:00,12.28,Approved,3.74,2427.72
321613110515801,1939-12-29 12:00:00,12.86,Approved,3.92,2427.14
321613110515801,1940-02-21 12:00:00,12.35,Approved,3.76,2427.65
321613110515801,1940-03-19 12:00:00,10.05,Approved,3.06,2429.95
321613110515801,1940-05-03 12:00:00,12.29,Approved,3.75,2427.71
321613110515801,1940-06-03 12:00:00,13.05,Approved,3.98,2426.95
321613110515801,1940-07-20 12:00:00,13.88,Approved,4.23,2426.12
321613110515801,1940-10-03 12:00:00,12.55,Approved,3.83,2427.45
321613110515801,1940-11-07 12:00:00,12.94,Approved,3.94,2427.06
321613110515801,1940-12-23 12:00:00,5.16,Approved,1.57,2434.84
321613110515801,1941-02-05 12:00:00,4.86,Approved,1.48,2435.14
321613110515801,1941-03-24 12:00:00,4.6,Approved,1.4,2435.4
321613110515801,1941-04-26 12:00:00,4.89,Approved,1.49,2435.11
321613110515801,1941-06-03 12:00:00,7.6,Approved,2.32,2432.4
321613110515801,1941-07-10 12:00:00,9.84,Approved,3.0,2430.16
321613110515801,1941-08-13 12:00:00,7.8,Approved,2.38,2432.2
321613110515801,1941-09-29 12:00:00,10.03,Approved,3.06,2429.97
321613110515801,1941-11-12 12:00:00,10.62,Approved,3.24,2429.38
321613110515801,1941-12-26 12:00:00,4.93,Approved,1.5,2435.07
321613110515801,1942-01-17 12:00:00,4.65,Approved,1.42,2435.35
321613110515801,1942-03-05 12:00:00,4.6,Approved,1.4,2435.4
321613110515801,1942-08-26 12:00:00,11.39,Approved,3.47,2428.61
321613110515801,1942-12-22 12:00:00,11.86,Approved,3.61,2428.14
321613110515801,1943-04-14 12:00:00,8.53,Approved,2.6,2431.47
321613110515801,1943-11-08 12:00:00,12.41,Approved,3.78,2427.59
321613110515801,1944-01-14 12:00:00,11.97,Approved,3.65,2428.03
321613110515801,1944-07-19 12:00:00,11.68,Approved,3.56,2428.32
321613110515801,1945-02-09 12:00:00,6.88,Approved,2.1,2433.12
321613110515801,1945-10-22 12:00:00,11.05,Approved,3.37,2428.95
321613110515801,1946-01-02 12:00:00,11.6,Approved,3.54,2428.4
321613110515801,1946-02-07 12:00:00,11.5,Approved,3.51,2428.5
321613110515801,1946-03-06 12:00:00,11.27,Approved,3.44,2428.73
321613110515801,1946-05-09 12:00:00,12.15,Approved,3.7,2427.85
321613110515801,1946-06-18 12:00:00,13.5,Approved,4.11,2426.5
321613110515801,1946-07-23 12:00:00,14.16,Approved,4.32,2425.84
321613110515801,1946-08-28 12:00:00,10.08,Approved,3.07,2429.92
321613110515801,1946-10-11 12:00:00,8.67,Approved,2.64,2431.33
321613110515801,1946-11-19 12:00:00,9.7,Approved,2.96,2430.3
321613110515801,1946-12-02 12:00:00,9.89,Approved,3.01,2430.11
321613110515801,1946-12-23 12:00:00,10.26,Approved,3.13,2429.74
321613110515801,1947-02-09 12:00:00,10.68,Approved,3.26,2429.32
321613110515801,1947-07-14 12:00:00,12.17,Approved,3.71,2427.83
321613110515801,1947-08-28 12:00:00,9.36,Approved,2.85,2430.64
321613110515801,1947-09-25 12:00:00,9.84,Approved,3.0,2430.16
321613110515801,1947-10-29 12:00:00,10.49,Approved,3.2,2429.51
321613110515801,1948-01-01 12:00:00,10.49,Approved,3.2,2429.51
321613110515801,1948-05-21 12:00:00,11.19,Approved,3.41,2428.81
321613110515801,1948-11-26 12:00:00,10.93,Approved,3.33,2429.07
321613110515801,1949-09-27 12:00:00,9.36,Approved,2.85,2430.64
321613110515801,1949-12-15 12:00:00,10.35,Approved,3.15,2429.65
321613110515801,1960-09-08 12:00:00,11.7,Approved,3.57,2428.3
321613110515801,1961-03-09 12:00:00,13.1,Approved,3.99,2426.9
321613110515801,1962-04-12 12:00:00,5.06,Approved,1.54,2434.94
321613110515801,1963-04-05 12:00:00,7.77,Approved,2.37,2432.23
321613110515801,1964-04-07 12:00:00,13.25,Approved,4.04,2426.75
321613110515801,1965-04-14 12:00:00,4.94,Approved,1.51,2435.06
321613110515801,1969-06-23 12:00:00,13.1,Approved,3.99,2426.9
321613110515801,1969-07-21 12:00:00,13.6,Approved,4.15,2426.4
321613110515801,1970-03-16 12:00:00,6.29,Approved,1.92,2433.71
321613110515801,1970-08-01 12:00:00,14.01,Approved,4.27,2425.99
321613110515801,1970-09-01 12:00:00,14.25,Approved,4.34,2425.75
321613110515801,1970-10-01 12:00:00,10.61,Approved,3.23,2429.39
321613110515801,1970-11-01 12:00:00,12.39,Approved,3.78,2427.61
321613110515801,1970-12-01 12:00:00,12.96,Approved,3.95,2427.04
321613110515801,1971-01-01 12:00:00,13.26,Approved,4.04,2426.74
321613110515801,1971-02-01 12:00:00,13.36,Approved,4.07,2426.64
321613110515801,1971-03-15 12:00:00,13.52,Approved,4.12,2426.48
321613110515801,1971-04-01 12:00:00,13.85,Approved,4.22,2426.15
321613110515801,1971-05-01 12:00:00,14.24,Approved,4.34,2425.76
321613110515801,1971-06-01 12:00:00,14.71,Approved,4.48,2425.29
321613110515801,1971-07-01 12:00:00,14.55,Approved,4.43,2425.45
321613110515801,1971-08-01 12:00:00,9.82,Approved,2.99,2430.18
321613110515801,1971-10-01 12:00:00,7.67,Approved,2.34,2432.33
321613110515801,1971-11-01 12:00:00,7.3,Approved,2.23,2432.7
321613110515801,1971-12-01 12:00:00,7.74,Approved,2.36,2432.26
321613110515801,1971-12-14 12:00:00,7.45,Approved,2.27,2432.55
321613110515801,1972-01-01 12:00:00,6.92,Approved,2.11,2433.08
321613110515801,1972-03-01 12:00:00,9.94,Approved,3.03,2430.06
321613110515801,1977-03-01 12:00:00,19.01,Approved,5.79,2420.99
321613110515801,1978-03-01 12:00:00,14.65,Approved,4.47,2425.35
321613110515801,1979-03-01 12:00:00,15.2,Approved,4.63,2424.8
321613110515801,1981-12-22 12:00:00,15.4,Approved,4.69,2424.6
321613110515801,1984-01-03 12:00:00,8.5,Approved,2.59,2431.5
321613110515801,1985-12-09 12:00:00,8.5,Approved,2.59,2431.5
321613110515801,1987-12-02 12:00:00,11.9,Approved,3.63,2428.1
321619111004702,1939-09-01 12:00:00,31.0,Approved,9.45,2248.0
321619111004702,1939-09-12 12:00:00,31.39,Approved,9.57,2247.61
321619111004702,1939-09-27 12:00:00,31.55,Approved,9.62,2247.45
321619111004702,1939-11-13 12:00:00,32.16,Approved,9.8,2246.84
321619111004702,1940-01-02 12:00:00,32.56,Approved,9.92,2246.44
321619111004702,1940-02-19 12:00:00,32.14,Approved,9.8,2246.86
321619111004702,1940-03-18 12:00:00,32.56,Approved,9.92,2246.44
321619111004702,1940-05-31 12:00:00,32.85,Approved,10.01,2246.15
321619111004702,1940-07-19 12:00:00,33.95,Approved,10.35,2245.05
321619111004702,1940-10-10 12:00:00,32.88,Approved,10.02,2246.12
321619111004702,1940-11-07 12:00:00,33.98,Approved,10.36,2245.02
321619111004702,1940-12-23 12:00:00,33.2,Approved,10.12,2245.8
321619111004702,1941-02-05 12:00:00,32.64,Approved,9.95,2246.36
321619111004702,1941-03-24 12:00:00,31.84,Approved,9.7,2247.16
321619111004702,1941-04-28 12:00:00,31.7,Approved,9.66,2247.3
321619111004702,1941-06-04 12:00:00,32.07,Approved,9.77,2246.93
321619111004702,1941-07-10 12:00:00,31.66,Approved,9.65,2247.34
321619111004702,1941-08-13 12:00:00,31.08,Approved,9.47,2247.92
321619111004702,1941-09-30 12:00:00,30.85,Approved,9.4,2248.15
321619111004702,1941-11-12 12:00:00,31.17,Approved,9.5,2247.83
321619111004702,1941-12-26 12:00:00,30.86,Approved,9.41,2248.14
321619111004702,1942-03-05 12:00:00,30.92,Approved,9.42,2248.08
321619111004702,1942-08-24 12:00:00,31.18,Approved,9.5,2247.82
321619111004702,1942-12-22 12:00:00,31.84,Approved,9.7,2247.16
321619111004702,1943-04-14 12:00:00,32.63,Approved,9.95,2246.37
321619111004702,1943-11-03 12:00:00,33.87,Approved,10.32,2245.13
321619111004702,1944-01-15 12:00:00,36.09,Approved,11.0,2242.91
321619111004702,1944-07-18 12:00:00,36.24,Approved,11.05,2242.76
321619111004702,1945-02-08 12:00:00,39.15,Approved,11.93,2239.85
321619111004702,1945-10-15 12:00:00,35.25,Approved,10.74,2243.75
321619111004702,1945-12-07 12:00:00,36.55,Approved,11.14,2242.45
321619111004702,1946-03-06 12:00:00,37.69,Approved,11.49,2241.31
321619111004702,1946-04-25 12:00:00,42.59,Approved,12.98,2236.41
321619111004702,1946-07-24 12:00:00,40.73,Approved,12.41,2238.27
321619111004702,1946-08-28 12:00:00,46.3,Approved,14.11,2232.7
321619111004702,1946-11-22 12:00:00,43.92,Approved,13.39,2235.08
321619111004702,1946-12-26 12:00:00,42.44,Approved,12.94,2236.56
321619111004702,1947-02-18 12:00:00,43.2,Approved,13.17,2235.8
321619111004702,1947-03-31 12:00:00,42.16,Approved,12.85,2236.84
321619111004702,1947-07-14 12:00:00,48.78,Approved,14.87,2230.22
321619111004702,1947-08-27 12:00:00,48.9,Approved,14.9,2230.1
321619111004702,1947-09-25 12:00:00,46.24,Approved,14.09,2232.76
321619111004702,1947-10-29 12:00:00,48.2,Approved,14.69,2230.8
321619111004702,1948-01-07 12:00:00,47.7,Approved,14.54,2231.3
321619111004702,1948-05-21 12:00:00,48.3,Approved,14.72,2230.7
321619111004702,1948-07-31 12:00:00,51.65,Approved,15.74,2227.35
321619111004702,1948-10-01 12:00:00,50.92,Approved,15.52,2228.08
321619111004702,1948-11-26 12:00:00,51.51,Approved,15.7,2227.49
321619111004702,1949-09-26 12:00:00,62.35,Approved,19.0,2216.65
321619111004702,1949-12-16 12:00:00,55.75,Approved,16.99,2223.25
321619111004702,1950-02-07 12:00:00,52.25,Approved,15.93,2226.75
321619111004702,1951-02-28 12:00:00,60.41,Approved,18.41,2218.59
321619111004702,1951-12-17 12:00:00,66.38,Approved,20.23,2212.62
321619111004702,1952-12-04 12:00:00,71.03,Approved,21.65,2207.97
321619111004702,1953-02-02 12:00:00,72.97,Approved,22.24,2206.03
321619111004702,1953-04-22 12:00:00,74.68,Approved,22.76,2204.32
321619111004702,1953-07-06 12:00:00,77.08,Approved,23.49,2201.92
321619111004702,1953-10-21 12:00:00,78.78,Approved,24.01,2200.22
321619111004702,1954-02-10 12:00:00,77.56,Approved,23.64,2201.44
321619111004702,1954-05-05 12:00:00,74.9,Approved,22.83,2204.1
321619111004702,1954-08-26 12:00:00,74.5,Approved,22.71,2204.5
321619111004702,1954-11-03 12:00:00,76.06,Approved,23.18,2202.94
321619111004702,1955-01-04 12:00:00,76.41,Approved,23.29,2202.59
321619111004702,1955-03-24 12:00:00,75.69,Approved,23.07,2203.31
321619111004702,1955-07-07 12:00:00,77.6,Approved,23.65,2201.4
321619111004702,1955-11-09 12:00:00,72.9,Approved,22.22,2206.1
321619111004702,1956-01-04 12:00:00,74.87,Approved,22.82,2204.13
321619111004702,1956-04-10 12:00:00,76.73,Approved,23.39,2202.27
321619111004702,1956-08-06 12:00:00,78.6,Approved,23.96,2200.4
321619111004702,1957-01-31 12:00:00,80.2,Approved,24.44,2198.8
321619111004702,1957-07-18 12:00:00,82.36,Approved,25.1,2196.64
321619111004702,1957-12-23 12:00:00,93.4,Approved,28.47,2185.6
321619111004702,1959-01-30 12:00:00,94.96,Approved,28.94,2184.04
321619111004702,1960-01-04 12:00:00,84.96,Approved,25.9,2194.04
321619111004702,1961-02-01 12:00:00,85.98,Approved,26.21,2193.02
321619111004702,1962-02-20 12:00:00,94.46,Approved,28.79,2184.54
321619111004702,1962-10-16 12:00:00,89.33,Approved,27.23,2189.67
321619111004702,1963-01-31 12:00:00,88.47,Approved,26.97,2190.53
321619111004702,1964-02-05 12:00:00,97.83,Approved,29.82,2181.17
321619111004702,1965-01-19 12:00:00,83.84,Approved,25.55,2195.16
321630110533501,1985-12-13 12:00:00,37.8,Approved,11.52,2402.2
321630110533501,1986-02-04 12:00:00,42.1,Approved,12.83,2397.9
321630110533501,1986-03-03 12:00:00,38.6,Approved,11.77,2401.4
321630110533501,1986-03-31 12:00:00,34.5,Approved,10.52,2405.5
321630110533501,1986-05-01 12:00:00,34.3,Approved,10.45,2405.7
321630110533501,1986-06-02 12:00:00,35.4,Approved,10.79,2404.6
321630110533501,1986-07-02 12:00:00,35.0,Approved,10.67,2405.0
321630110533501,1986-08-01 12:00:00,39.9,Approved,12.16,2400.1
321630110533501,1986-09-02 12:00:00,41.3,Approved,12.59,2398.7
321630110533501,1986-10-01 12:00:00,41.1,Approved,12.53,2398.9
321630110533501,1986-11-03 12:00:00,42.2,Approved,12.86,2397.8
321630110533501,1986-12-08 12:00:00,43.6,Approved,13.29,2396.4
321630110533501,1987-02-02 12:00:00,45.9,Approved,13.99,2394.1
321630110533501,1987-03-02 12:00:00,48.1,Approved,14.66,2391.9
321630110533501,1987-03-31 12:00:00,41.5,Approved,12.65,2398.5
321630110533501,1987-05-01 12:00:00,35.3,Approved,10.76,2404.7
321630110533501,1987-05-29 12:00:00,37.45,Approved,11.41,2402.55
321630110533501,1987-07-01 12:00:00,41.5,Approved,12.65,2398.5
321630110533501,1987-07-31 12:00:00,42.5,Approved,12.95,2397.5
321630110533501,1987-08-31 12:00:00,43.6,Approved,13.29,2396.4
321630110533501,1987-10-01 12:00:00,45.4,Approved,13.84,2394.6
321630110533501,1987-11-02 12:00:00,46.6,Approved,14.2,2393.4
321630110533501,1987-11-30 12:00:00,50.2,Approved,15.3,2389.8
321630110533501,1987-12-31 12:00:00,49.75,Approved,15.16,2390.25
321630110533501,1988-02-01 12:00:00,50.65,Approved,15.44,2389.35
321630110533501,1988-02-29 12:00:00,48.3,Approved,14.72,2391.7
321630110533501,1988-04-01 12:00:00,46.7,Approved,14.23,2393.3
321630110533501,1988-05-02 12:00:00,47.7,Approved,14.54,2392.3
321630110533501,1988-06-01 12:00:00,49.4,Approved,15.06,2390.6
321630110533501,1988-07-01 12:00:00,50.9,Approved,15.51,2389.1
321630110533501,1988-08-01 12:00:00,51.9,Approved,15.82,2388.1
321630110533501,1988-09-01 12:00:00,53.4,Approved,16.28,2386.6
321630110533501,1988-09-30 12:00:00,52.61,Approved,16.04,2387.39
321630110533501,1988-10-28 12:00:00,52.4,Approved,15.97,2387.6
321630110533501,1988-12-05 12:00:00,53.2,Approved,16.22,2386.8
321630110533501,1989-01-02 12:00:00,54.5,Approved,16.61,2385.5
321630110533501,1989-02-01 12:00:00,56.2,Approved,17.13,2383.8
321630110533501,1989-03-02 12:00:00,57.7,Approved,17.59,2382.3
321630110533501,1989-04-03 12:00:00,60.1,Approved,18.32,2379.9
321630110533501,1989-05-01 12:00:00,59.52,Approved,18.14,2380.48
321630110533501,1989-06-01 12:00:00,61.98,Approved,18.89,2378.02
321630110533501,1989-07-03 12:00:00,62.6,Approved,19.08,2377.4
321630110533501,1989-08-01 12:00:00,65.8,Approved,20.06,2374.2
321630110533501,1989-08-31 12:00:00,64.1,Approved,19.54,2375.9
321630110533501,1989-10-02 12:00:00,62.5,Approved,19.05,2377.5
321630110533501,1989-11-01 12:00:00,64.26,Approved,19.59,2375.74
321630110533501,1989-12-01 12:00:00,64.59,Approved,19.69,2375.41
321630110533501,1990-01-02 12:00:00,64.4,Approved,19.63,2375.6
321630110533501,1990-02-02 12:00:00,65.6,Approved,19.99,2374.4
321630110533501,1990-03-01 12:00:00,65.6,Approved,19.99,2374.4
321630110533501,1990-04-02 12:00:00,67.2,Approved,20.48,2372.8
321630110533501,1990-04-30 12:00:00,67.9,Approved,20.7,2372.1
321630110533501,1990-06-01 12:00:00,69.3,Approved,21.12,2370.7
321630110533501,1990-07-02 12:00:00,69.7,Approved,21.24,2370.3
321630110533501,1990-07-27 12:00:00,68.0,Approved,20.73,2372.0
321630110533501,1990-08-28 12:00:00,60.5,Approved,18.44,2379.5
321630110533501,1990-10-01 12:00:00,54.7,Approved,16.67,2385.3
321630110533501,1990-11-01 12:00:00,52.8,Approved,16.09,2387.2
321630110533501,1990-12-10 12:00:00,52.7,Approved,16.06,2387.3
321630110533501,1991-01-02 12:00:00,52.0,Approved,15.85,2388.0
321630110533501,1991-02-01 12:00:00,45.25,Approved,13.79,2394.75
321630110533501,1991-02-28 12:00:00,43.9,Approved,13.38,2396.1
321630110533501,1991-04-02 12:00:00,35.7,Approved,10.88,2404.3
321630110533501,1991-05-01 12:00:00,33.1,Approved,10.09,2406.9
321630110533501,1991-06-03 12:00:00,36.7,Approved,11.19,2403.3
321630110533501,1991-08-02 12:00:00,41.4,Approved,12.62,2398.6
321630110533501,1991-11-01 12:00:00,44.9,Approved,13.69,2395.1
321630110533501,1992-02-10 12:00:00,44.8,Approved,13.66,2395.2
321630110533501,1992-05-14 12:00:00,32.25,Approved,9.83,2407.75
321630110533501,1992-08-12 12:00:00,39.4,Approved,12.01,2400.6
321630110533501,1992-11-10 12:00:00,42.6,Approved,12.98,2397.4
321630110533501,1993-01-11 12:00:00,37.9,Approved,11.55,2402.1
321630110533501,1993-01-18 12:00:00,33.0,Approved,10.06,2407.0
321630110533501,1993-01-25 12:00:00,30.15,Approved,9.19,2409.85
321630110533501,1993-02-16 12:00:00,29.1,Approved,8.87,2410.9
321630110533501,1993-03-03 12:00:00,28.4,Approved,8.66,2411.6
321630110533501,1993-03-12 12:00:00,28.6,Approved,8.72,2411.4
321630110533501,1993-03-31 12:00:00,28.3,Approved,8.63,2411.7
321630110533501,1993-05-13 12:00:00,30.6,Approved,9.33,2409.4
321630110533501,1993-08-17 12:00:00,39.3,Approved,11.98,2400.7
321630110533501,1993-11-16 12:00:00,42.0,Approved,12.8,2398.0
321630110533501,1995-02-17 12:00:00,30.4,Approved,9.27,2409.6
321630110533501,1995-05-12 12:00:00,33.5,Approved,10.21,2406.5
321630110533501,1995-08-15 12:00:00,41.4,Approved,12.62,2398.6
321630110533501,1995-11-16 12:00:00,43.2,Approved,13.17,2396.8
321630110533501,1996-05-15 12:00:00,51.4,Approved,15.67,2388.6
321630110533501,1996-08-15 12:00:00,55.1,Approved,16.79,2384.9
321630110533501,1996-11-18 12:00:00,51.4,Approved,15.67,2388.6
321630110533501,1997-11-06 12:00:00,56.5,Approved,17.22,2383.5
321630110533501,1998-05-07 12:00:00,32.1,Approved,9.78,2407.9
321630110533501,1998-05-18 12:00:00,33.1,Approved,10.09,2406.9
321630110533501,1998-06-02 12:00:00,35.2,Approved,10.73,2404.8
321630110533501,1998-06-17 12:00:00,36.6,Approved,11.16,2403.4
321630110533501,1998-07-01 12:00:00,38.5,Approved,11.73,2401.5
321630110533501,1998-08-17 12:00:00,37.3,Approved,11.37,2402.7
321630110533501,1998-10-29 12:00:00,39.5,Approved,12.04,2400.5
321630110533501,1998-12-04 12:00:00,41.5,Approved,12.65,2398.5
321630110533501,1999-02-16 12:00:00,43.6,Approved,13.29,2396.4
321630110533501,1999-05-20 12:00:00,47.2,Approved,14.39,2392.8
321630110533501,1999-08-11 12:00:00,42.3,Approved,12.89,2397.7
321635110572602,1955-05-04 12:00:00,74.55,Approved,22.72,2255.45
321635110572602,1956-04-23 12:00:00,75.84,Approved,23.12,2254.16
321635110572602,1957-05-01 12:00:00,80.73,Approved,24.61,2249.27
321635110572602,1958-01-24 12:00:00,82.42,Approved,25.12,2247.58
321635110572602,1959-03-04 12:00:00,79.29,Approved,24.17,2250.71
321635110572602,1960-03-11 12:00:00,78.01,Approved,23.78,2251.99
321635110572602,1960-04-07 12:00:00,77.21,Approved,23.53,2252.79
321635110572602,1961-03-02 12:00:00,80.16,Approved,24.43,2249.84
321635110572602,1962-03-12 12:00:00,86.17,Approved,26.26,2243.83
321635110572602,1963-03-08 12:00:00,82.22,Approved,25.06,2247.78
321635110572602,1964-03-02 12:00:00,86.0,Approved,26.21,2244.0
321635110572602,1965-03-08 12:00:00,87.99,Approved,26.82,2242.01
321635110572602,1965-07-21 12:00:00,91.4,Approved,27.86,2238.6
321635110572602,1965-10-28 12:00:00,91.5,Approved,27.89,2238.5
321635110572602,1978-11-01 12:00:00,130.7,Approved,39.84,2199.3
321635110572602,1986-01-02 12:00:00,122.7,Approved,37.4,2207.3
321635110572602,1986-12-17 12:00:00,127.2,Approved,38.77,2202.8
321635110572602,1987-12-28 12:00:00,136.8,Approved,41.7,2193.2
321635110572602,1989-02-22 12:00:00,146.5,Approved,44.65,2183.5
321635110572602,1991-12-12 12:00:00,159.9,Approved,48.74,2170.1
321635110572602,1993-12-16 12:00:00,148.69,Approved,45.32,2181.31
321635110572602,1994-12-15 12:00:00,152.22,Approved,46.4,2177.78
321635110572602,1997-02-10 12:00:00,161.57,Approved,49.25,2168.43
321635110572602,1998-01-13 12:00:00,168.54,Approved,51.37,2161.46
321635110572602,1998-05-05 12:00:00,166.9,Approved,50.87,2163.1
321635110572602,1998-05-19 12:00:00,166.7,Approved,50.81,2163.3
321635110572602,1998-06-03 12:00:00,166.7,Approved,50.81,2163.3
321635110572602,1998-06-18 12:00:00,166.1,Approved,50.63,2163.9
321635110572602,1998-07-02 12:00:00,165.7,Approved,50.51,2164.3
321635110572602,1998-08-18 12:00:00,164.6,Approved,50.17,2165.4
321635110572602,1998-10-30 12:00:00,163.4,Approved,49.8,2166.6
321635110572602,1998-12-02 12:00:00,163.4,Approved,49.8,2166.6
321635110572602,1998-12-29 12:00:00,163.67,Approved,49.89,2166.33
321635110572602,1999-02-17 12:00:00,162.9,Approved,49.65,2167.1
321635110572602,1999-05-21 12:00:00,163.9,Approved,49.96,2166.1
321635110572602,1999-08-12 12:00:00,165.9,Approved,50.57,2164.1
321635110572602,2000-02-02 12:00:00,168.89,Approved,51.48,2161.11
321635110572602,2000-02-16 12:00:00,168.3,Approved,51.3,2161.7
321635110572602,2000-05-18 12:00:00,170.4,Approved,51.94,2159.6
321635110572602,2000-08-17 12:00:00,172.3,Approved,52.52,2157.7
321635110572602,2000-11-17 12:00:00,174.1,Approved,53.07,2155.9
321635110572602,2001-02-16 12:00:00,175.0,Approved,53.34,2155.0
321635110572602,2001-08-16 12:00:00,177.4,Approved,54.07,2152.6
321635110572602,2002-02-22 12:00:00,180.1,Approved,54.89,2149.9
321635110572602,2003-01-16 12:00:00,185.9,Approved,56.66,2144.1
321635110572602,2003-05-15 12:00:00,186.6,Approved,56.88,2143.4
321635110572602,2003-08-19 12:00:00,188.03,Approved,57.31,2141.97
321635110572602,2003-10-28 12:00:00,189.04,Approved,57.62,2140.96
321635110572602,2004-02-04 12:00:00,189.9,Approved,57.88,2140.1
321635110572602,2004-02-19 12:00:00,189.3,Approved,57.7,2140.7
321635110572602,2004-05-18 12:00:00,190.28,Approved,58.0,2139.72
321635110572602,2004-08-13 12:00:00,191.4,Approved,58.34,2138.6
321635110572602,2005-02-01 12:00:00,192.1,Approved,58.55,2137.9
321635110572602,2005-02-09 12:00:00,192.2,Approved,58.58,2137.8
321635110572602,2005-05-17 12:00:00,190.8,Approved,58.16,2139.2
321635110572602,2005-08-17 12:00:00,191.2,Approved,58.28,2138.8
321635110572602,2005-12-22 12:00:00,191.4,Approved,58.34,2138.6
321635110572602,2006-01-13 12:00:00,190.6,Approved,58.09,2139.4
321647110532201,1960-03-15 12:00:00,76.88,Approved,23.43,2387.12
321647110532201,1961-03-08 12:00:00,77.68,Approved,23.68,2386.32
321647110532201,1962-03-09 12:00:00,79.46,Approved,24.22,2384.54
321647110532201,1963-03-08 12:00:00,78.55,Approved,23.94,2385.45
321647110532201,1964-02-11 12:00:00,80.31,Approved,24.48,2383.69
321647110532201,1964-03-05 12:00:00,80.98,Approved,24.68,2383.02
321647110532201,1965-03-17 12:00:00,80.6,Approved,24.57,2383.4
321647110532201,1965-08-13 12:00:00,77.7,Approved,23.68,2386.3
321647110532201,1965-09-29 12:00:00,76.8,Approved,23.41,2387.2
321647110532201,1965-12-15 12:00:00,78.4,Approved,23.9,2385.6
321647110532201,1966-01-15 12:00:00,77.4,Approved,23.59,2386.6
321647110532201,1966-02-04 12:00:00,76.5,Approved,23.32,2387.5
321647110532201,1966-03-17 12:00:00,75.9,Approved,23.13,2388.1
321647110532201,1966-04-19 12:00:00,76.5,Approved,23.32,2387.5
321647110532201,1966-05-15 12:00:00,78.8,Approved,24.02,2385.2
321647110532201,1966-06-17 12:00:00,83.8,Approved,25.54,2380.2
321647110532201,1966-07-15 12:00:00,77.1,Approved,23.5,2386.9
321647110532201,1966-08-22 12:00:00,76.4,Approved,23.29,2387.6
321647110532201,1966-09-15 12:00:00,70.8,Approved,21.58,2393.2
321647110532201,1966-10-15 12:00:00,78.7,Approved,23.99,2385.3
321647110532201,1966-11-18 12:00:00,78.4,Approved,23.9,2385.6
321647110532201,1966-12-28 12:00:00,78.2,Approved,23.84,2385.8
321647110532201,1967-01-15 12:00:00,74.2,Approved,22.62,2389.8
321647110532201,1967-02-20 12:00:00,73.4,Approved,22.37,2390.6
321647110532201,1967-03-16 12:00:00,78.2,Approved,23.84,2385.8
321647110532201,1967-04-17 12:00:00,76.0,Approved,23.16,2388.0
321647110532201,1967-05-16 12:00:00,76.3,Approved,23.26,2387.7
321647110532201,1967-07-20 12:00:00,77.4,Approved,23.59,2386.6
321647110532201,1967-08-28 12:00:00,77.5,Approved,23.62,2386.5
321647110532201,1967-09-01 12:00:00,78.4,Approved,23.9,2385.6
321647110532201,1967-10-25 12:00:00,79.3,Approved,24.17,2384.7
321647110532201,1967-11-20 12:00:00,79.6,Approved,24.26,2384.4
321647110532201,1967-12-20 12:00:00,78.7,Approved,23.99,2385.3
321647110532201,1968-01-18 12:00:00,78.2,Approved,23.84,2385.8
321647110532201,1968-02-16 12:00:00,77.4,Approved,23.59,2386.6
321647110532201,1968-03-01 12:00:00,76.4,Approved,23.29,2387.6
321647110532201,1968-04-15 12:00:00,73.69,Approved,22.46,2390.31
321647110532201,1968-05-16 12:00:00,76.1,Approved,23.2,2387.9
321647110532201,1968-06-17 12:00:00,76.3,Approved,23.26,2387.7
321647110532201,1971-08-01 12:00:00,84.08,Approved,25.63,2379.92
321647110532201,1971-10-01 12:00:00,82.85,Approved,25.25,2381.15
321647110532201,1971-11-01 12:00:00,82.5,Approved,25.15,2381.5
321647110532201,1971-12-01 12:00:00,82.0,Approved,24.99,2382.0
321647110532201,1972-03-01 12:00:00,83.32,Approved,25.4,2380.68
321647110532201,1981-12-29 12:00:00,76.8,Approved,23.41,2387.2
321647110532201,1982-12-01 12:00:00,76.2,Approved,23.23,2387.8
321647110532201,1983-12-27 12:00:00,69.9,Approved,21.31,2394.1
321647110532201,1985-01-08 12:00:00,70.3,Approved,21.43,2393.7
321647110532201,1985-12-10 12:00:00,67.9,Approved,20.7,2396.1
321647110532201,1986-01-02 12:00:00,68.6,Approved,20.91,2395.4
321647110532201,1986-02-04 12:00:00,68.0,Approved,20.73,2396.0
321647110532201,1986-03-03 12:00:00,68.2,Approved,20.79,2395.8
321647110532201,1986-03-31 12:00:00,68.2,Approved,20.79,2395.8
321647110532201,1986-05-01 12:00:00,68.1,Approved,20.76,2395.9
321647110532201,1986-06-02 12:00:00,67.6,Approved,20.6,2396.4
321647110532201,1986-07-02 12:00:00,67.7,Approved,20.63,2396.3
321647110532201,1986-08-01 12:00:00,67.2,Approved,20.48,2396.8
321647110532201,1986-09-02 12:00:00,68.1,Approved,20.76,2395.9
321647110532201,1986-10-01 12:00:00,68.2,Approved,20.79,2395.8
321647110532201,1986-11-03 12:00:00,68.6,Approved,20.91,2395.4
321647110532201,1986-12-08 12:00:00,68.3,Approved,20.82,2395.7
321647110532201,1986-12-16 12:00:00,68.2,Approved,20.79,2395.8
321647110532201,1987-01-02 12:00:00,68.8,Approved,20.97,2395.2
321647110532201,1987-01-05 12:00:00,68.8,Approved,20.97,2395.2
321647110532201,1987-02-02 12:00:00,69.2,Approved,21.09,2394.8
321647110532201,1987-03-02 12:00:00,69.4,Approved,21.15,2394.6
321647110532201,1987-03-31 12:00:00,69.2,Approved,21.09,2394.8
321647110532201,1987-05-01 12:00:00,69.3,Approved,21.12,2394.7
321647110532201,1987-05-29 12:00:00,69.28,Approved,21.12,2394.72
321647110532201,1987-07-01 12:00:00,69.1,Approved,21.06,2394.9
321647110532201,1987-07-31 12:00:00,69.1,Approved,21.06,2394.9
321647110532201,1987-08-31 12:00:00,69.2,Approved,21.09,2394.8
321647110532201,1987-10-01 12:00:00,69.55,Approved,21.2,2394.45
321647110532201,1987-11-02 12:00:00,69.87,Approved,21.3,2394.13
321647110532201,1987-11-30 12:00:00,70.2,Approved,21.4,2393.8
321647110532201,1987-12-23 12:00:00,70.2,Approved,21.4,2393.8
321647110532201,1987-12-31 12:00:00,70.46,Approved,21.48,2393.54
321647110532201,1988-02-01 12:00:00,70.5,Approved,21.49,2393.5
321647110532201,1988-02-29 12:00:00,70.66,Approved,21.54,2393.34
321647110532201,1988-04-01 12:00:00,70.8,Approved,21.58,2393.2
321647110532201,1988-05-02 12:00:00,71.1,Approved,21.67,2392.9
321647110532201,1988-06-01 12:00:00,71.25,Approved,21.72,2392.75
321647110532201,1988-07-01 12:00:00,71.42,Approved,21.77,2392.58
321647110532201,1988-08-01 12:00:00,71.65,Approved,21.84,2392.35
321647110532201,1988-09-01 12:00:00,71.64,Approved,21.84,2392.36
321647110532201,1988-09-30 12:00:00,71.37,Approved,21.75,2392.63
321647110532201,1988-10-28 12:00:00,71.95,Approved,21.93,2392.05
321647110532201,1988-12-05 12:00:00,72.3,Approved,22.04,2391.7
321647110532201,1989-01-02 12:00:00,72.65,Approved,22.14,2391.35
321647110532201,1989-02-01 12:00:00,73.0,Approved,22.25,2391.0
321647110532201,1989-03-02 12:00:00,73.15,Approved,22.3,2390.85
321647110532201,1989-04-03 12:00:00,73.99,Approved,22.55,2390.01
321647110532201,1989-05-01 12:00:00,74.4,Approved,22.68,2389.6
321647110532201,1989-06-01 12:00:00,75.04,Approved,22.87,2388.96
321647110532201,1989-07-03 12:00:00,75.2,Approved,22.92,2388.8
321647110532201,1989-08-01 12:00:00,75.83,Approved,23.11,2388.17
321647110532201,1989-08-31 12:00:00,76.0,Approved,23.16,2388.0
321647110532201,1989-10-02 12:00:00,76.52,Approved,23.32,2387.48
321647110532201,1989-11-01 12:00:00,77.1,Approved,23.5,2386.9
321647110532201,1989-12-01 12:00:00,77.44,Approved,23.6,2386.56
321647110532201,1990-01-02 12:00:00,77.4,Approved,23.59,2386.6
321647110532201,1990-02-02 12:00:00,78.18,Approved,23.83,2385.82
321647110532201,1990-03-01 12:00:00,78.53,Approved,23.94,2385.47
321647110532201,1990-04-02 12:00:00,79.02,Approved,24.09,2384.98
321647110532201,1990-04-30 12:00:00,79.24,Approved,24.15,2384.76
321647110532201,1990-06-01 12:00:00,79.82,Approved,24.33,2384.18
321647110532201,1990-07-02 12:00:00,80.3,Approved,24.48,2383.7
321647110532201,1990-07-27 12:00:00,80.78,Approved,24.62,2383.22
321647110532201,1990-08-28 12:00:00,79.04,Approved,24.09,2384.96
321647110532201,1990-10-01 12:00:00,78.8,Approved,24.02,2385.2
321647110532201,1990-11-01 12:00:00,78.44,Approved,23.91,2385.56
321647110532201,1990-11-30 12:00:00,78.37,Approved,23.89,2385.63
321647110532201,1990-12-18 12:00:00,79.63,Approved,24.27,2384.37
321647110532201,1991-01-02 12:00:00,78.08,Approved,23.8,2385.92
321647110532201,1991-02-01 12:00:00,76.92,Approved,23.45,2387.08
321647110532201,1991-02-28 12:00:00,76.37,Approved,23.28,2387.63
321647110532201,1991-04-02 12:00:00,75.82,Approved,23.11,2388.18
321647110532201,1991-05-01 12:00:00,74.76,Approved,22.79,2389.24
321647110532201,1991-06-25 12:00:00,73.67,Approved,22.45,2390.33
321647110532201,1991-08-02 12:00:00,73.07,Approved,22.27,2390.93
321647110532201,1991-11-01 12:00:00,72.54,Approved,22.11,2391.46
321647110532201,1991-12-11 12:00:00,73.95,Approved,22.54,2390.05
321647110532201,1992-01-11 12:00:00,69.9,Approved,21.31,2394.1
321647110532201,1992-02-10 12:00:00,72.06,Approved,21.96,2391.94
321647110532201,1992-05-14 12:00:00,70.0,Approved,21.34,2394.0
321647110532201,1992-08-12 12:00:00,69.47,Approved,21.17,2394.53
321647110532201,1992-11-11 12:00:00,70.1,Approved,21.37,2393.9
321647110532201,1993-01-18 12:00:00,68.88,Approved,20.99,2395.12
321647110532201,1993-01-25 12:00:00,66.75,Approved,20.35,2397.25
321647110532201,1993-02-16 12:00:00,66.35,Approved,20.22,2397.65
321647110532201,1993-03-03 12:00:00,65.94,Approved,20.1,2398.06
321647110532201,1993-03-12 12:00:00,65.92,Approved,20.09,2398.08
321647110532201,1993-03-31 12:00:00,65.87,Approved,20.08,2398.13
321647110532201,1993-05-13 12:00:00,65.52,Approved,19.97,2398.48
321647110532201,1993-08-17 12:00:00,65.4,Approved,19.93,2398.6
321647110532201,1993-11-16 12:00:00,66.06,Approved,20.14,2397.94
321647110532201,1993-12-16 12:00:00,67.61,Approved,20.61,2396.39
321647110532201,1994-02-16 12:00:00,66.66,Approved,20.32,2397.34
321647110532201,1994-05-16 12:00:00,67.2,Approved,20.48,2396.8
321647110532201,1994-08-16 12:00:00,68.42,Approved,20.85,2395.58
321647110532201,1994-11-17 12:00:00,69.48,Approved,21.18,2394.52
321647110532201,1994-12-14 12:00:00,70.09,Approved,21.36,2393.91
321647110532201,1995-02-13 12:00:00,68.24,Approved,20.8,2395.76
321647110532201,1995-05-12 12:00:00,66.3,Approved,20.21,2397.7
321647110532201,1995-08-15 12:00:00,66.41,Approved,20.24,2397.59
321647110532201,1995-11-16 12:00:00,67.03,Approved,20.43,2396.97
321647110532201,1996-02-15 12:00:00,67.6,Approved,20.6,2396.4
321647110532201,1996-05-15 12:00:00,68.75,Approved,20.96,2395.25
321647110532201,1996-08-15 12:00:00,70.3,Approved,21.43,2393.7
321647110532201,1996-11-18 12:00:00,69.84,Approved,21.29,2394.16
321647110532201,1997-02-06 12:00:00,71.95,Approved,21.93,2392.05
321647110532201,1997-02-18 12:00:00,70.48,Approved,21.48,2393.52
321647110532201,1997-05-15 12:00:00,71.24,Approved,21.71,2392.76
321647110532201,1997-08-15 12:00:00,71.91,Approved,21.92,2392.09
321647110532201,1997-11-06 12:00:00,72.2,Approved,22.01,2391.8
321647110532201,1997-11-14 12:00:00,72.82,Approved,22.2,2391.18
321647110532201,1998-01-07 12:00:00,74.45,Approved,22.69,2389.55
321647110532201,1998-02-13 12:00:00,73.09,Approved,22.28,2390.91
321647110532201,1998-05-07 12:00:00,70.51,Approved,21.49,2393.49
321647110532201,1998-05-18 12:00:00,70.3,Approved,21.43,2393.7
321647110532201,1998-06-02 12:00:00,70.06,Approved,21.35,2393.94
321647110532201,1998-06-17 12:00:00,70.07,Approved,21.36,2393.93
321647110532201,1998-07-01 12:00:00,69.62,Approved,21.22,2394.38
321647110532201,1998-08-17 12:00:00,68.59,Approved,20.91,2395.41
321647110532201,1998-10-29 12:00:00,69.2,Approved,21.09,2394.8
321647110532201,1998-12-04 12:00:00,67.1,Approved,20.45,2396.9
321647110532201,1998-12-29 12:00:00,68.84,Approved,20.98,2395.16
321647110532201,1999-02-16 12:00:00,67.4,Approved,20.54,2396.6
321647110532201,1999-05-20 12:00:00,68.28,Approved,20.81,2395.72
321647110532201,1999-08-11 12:00:00,69.13,Approved,21.07,2394.87
321647110532201,1999-11-15 12:00:00,68.19,Approved,20.78,2395.81
321647110532201,2000-01-03 12:00:00,70.17,Approved,21.39,2393.83
321647110532201,2000-02-16 12:00:00,68.81,Approved,20.97,2395.19
321647110532201,2000-05-17 12:00:00,69.76,Approved,21.26,2394.24
321647110532201,2000-08-16 12:00:00,71.18,Approved,21.7,2392.82
321647110532201,2000-11-16 12:00:00,71.17,Approved,21.69,2392.83
321647110532201,2001-02-15 12:00:00,70.52,Approved,21.49,2393.48
321647110532201,2001-05-18 12:00:00,69.01,Approved,21.03,2394.99
321647110532201,2001-08-15 12:00:00,67.83,Approved,20.67,2396.17
321647110532201,2001-11-26 12:00:00,69.24,Approved,21.1,2394.76
321647110532201,2002-02-19 12:00:00,39.79,Approved,12.13,2424.21
321647110532201,2002-05-20 12:00:00,71.2,Approved,21.7,2392.8
321647110532201,2002-08-15 12:00:00,72.77,Approved,22.18,2391.23
321647110532201,2002-11-15 12:00:00,73.79,Approved,22.49,2390.21
321647110532201,2003-01-29 12:00:00,76.0,Approved,23.16,2388.0
321647110532201,2003-02-14 12:00:00,74.66,Approved,22.76,2389.34
321647110532201,2003-05-14 12:00:00,75.98,Approved,23.16,2388.02
321647110532201,2003-05-15 12:00:00,75.97,Approved,23.16,2388.03
321647110532201,2003-08-18 12:00:00,77.3,Approved,23.56,2386.7
321647110532201,2003-10-27 12:00:00,77.7,Approved,23.68,2386.3
321647110532201,2004-02-04 12:00:00,79.6,Approved,24.26,2384.4
321647110532201,2004-02-18 12:00:00,77.93,Approved,23.75,2386.07
321647110532201,2004-05-17 12:00:00,77.75,Approved,23.7,2386.25
321647110532201,2004-08-12 12:00:00,77.1,Approved,23.5,2386.9
321647110532201,2004-11-22 12:00:00,76.3,Approved,23.26,2387.7
321647110532201,2005-02-14 12:00:00,75.9,Approved,23.13,2388.1
321647110532201,2005-05-16 12:00:00,73.44,Approved,22.38,2390.56
321647110532201,2005-08-18 12:00:00,72.87,Approved,22.21,2391.13
321647110532201,2005-12-28 12:00:00,73.2,Approved,22.31,2390.8
321647110532201,2006-01-13 12:00:00,71.75,Approved,21.87,2392.25
321647110532201,2006-02-16 12:00:00,71.72,Approved,21.86,2392.28
321647110532201,2006-05-12 12:00:00,72.24,Approved,22.02,2391.76
321647110532201,2006-08-21 12:00:00,73.48,Approved,22.4,2390.52
321647110532201,2006-11-27 12:00:00,71.56,Approved,21.81,2392.44
321647110532201,2007-02-15 12:00:00,71.16,Approved,21.69,2392.84
321647110532201,2007-05-17 12:00:00,71.09,Approved,21.67,2392.91
321701110571901,1957-05-01 12:00:00,67.74,Approved,20.65,2263.26
321701110571901,1959-03-04 12:00:00,63.86,Approved,19.46,2267.14
321701110571901,1960-03-11 12:00:00,50.13,Approved,15.28,2280.87
321701110571901,1961-03-07 12:00:00,62.28,Approved,18.98,2268.72
321701110571901,1962-04-11 12:00:00,51.24,Approved,15.62,2279.76
321701110571901,1963-04-11 12:00:00,63.75,Approved,19.43,2267.25
321701110571901,1964-04-06 12:00:00,70.05,Approved,21.35,2260.95
321701110571901,1965-04-09 12:00:00,71.54,Approved,21.81,2259.46
321701110571901,1965-05-15 12:00:00,71.49,Approved,21.79,2259.51
321701110571901,1965-10-13 12:00:00,75.96,Approved,23.15,2255.04
321701110571901,1965-11-16 12:00:00,76.54,Approved,23.33,2254.46
321701110571901,1965-12-07 12:00:00,76.78,Approved,23.4,2254.22
321701110571901,1966-01-04 12:00:00,68.85,Approved,20.99,2262.15
321701110571901,1966-01-17 12:00:00,65.65,Approved,20.01,2265.35
321701110571901,1966-01-21 12:00:00,60.5,Approved,18.44,2270.5
321701110571901,1966-01-28 12:00:00,58.1,Approved,17.71,2272.9
321701110571901,1966-02-04 12:00:00,55.89,Approved,17.04,2275.11
321701110571901,1966-02-14 12:00:00,51.36,Approved,15.65,2279.64
321701110571901,1966-02-18 12:00:00,48.45,Approved,14.77,2282.55
321701110571901,1966-02-25 12:00:00,42.39,Approved,12.92,2288.61
321701110571901,1966-03-04 12:00:00,37.13,Approved,11.32,2293.87
321701110571901,1966-03-09 12:00:00,34.48,Approved,10.51,2296.52
321701110571901,1966-03-14 12:00:00,32.32,Approved,9.85,2298.68
321701110571901,1966-03-21 12:00:00,30.32,Approved,9.24,2300.68
321701110571901,1966-04-04 12:00:00,28.56,Approved,8.71,2302.44
321701110571901,1966-04-20 12:00:00,30.31,Approved,9.24,2300.69
321701110571901,1966-04-29 12:00:00,31.51,Approved,9.6,2299.49
321701110571901,1966-05-04 12:00:00,32.24,Approved,9.83,2298.76
321701110571901,1966-05-14 12:00:00,34.21,Approved,10.43,2296.79
321701110571901,1966-06-06 12:00:00,37.0,Approved,11.28,2294.0
321701110571901,1966-07-07 12:00:00,41.09,Approved,12.52,2289.91
321701110571901,1966-07-25 12:00:00,43.74,Approved,13.33,2287.26
321701110571901,1966-08-05 12:00:00,44.36,Approved,13.52,2286.64
321701110571901,1966-08-12 12:00:00,44.98,Approved,13.71,2286.02
321701110571901,1966-08-15 12:00:00,45.03,Approved,13.73,2285.97
321701110571901,1966-08-22 12:00:00,45.03,Approved,13.73,2285.97
321701110571901,1966-09-06 12:00:00,45.4,Approved,13.84,2285.6
321701110571901,1966-09-14 12:00:00,46.42,Approved,14.15,2284.58
321701110571901,1966-09-24 12:00:00,42.72,Approved,13.02,2288.28
321701110571901,1966-10-01 12:00:00,41.44,Approved,12.63,2289.56
321701110571901,1966-10-22 12:00:00,42.24,Approved,12.87,2288.76
321701110571901,1966-11-05 12:00:00,43.32,Approved,13.2,2287.68
321701110571901,1966-12-03 12:00:00,45.7,Approved,13.93,2285.3
321701110571901,1967-01-01 12:00:00,48.3,Approved,14.72,2282.7
321701110571901,1967-01-31 12:00:00,49.89,Approved,15.21,2281.11
321701110571901,1967-02-18 12:00:00,50.89,Approved,15.51,2280.11
321701110571901,1967-04-04 12:00:00,53.6,Approved,16.34,2277.4
321701110571901,1967-04-14 12:00:00,54.19,Approved,16.52,2276.81
321701110571901,1967-05-29 12:00:00,57.55,Approved,17.54,2273.45
321701110571901,1967-06-27 12:00:00,58.8,Approved,17.92,2272.2
321701110571901,1967-07-10 12:00:00,59.65,Approved,18.18,2271.35
321701110571901,1967-07-14 12:00:00,61.58,Approved,18.77,2269.42
321701110571901,1967-07-17 12:00:00,61.05,Approved,18.61,2269.95
321701110571901,1967-07-21 12:00:00,60.33,Approved,18.39,2270.67
321701110571901,1967-08-09 12:00:00,60.88,Approved,18.56,2270.12
321701110571901,1967-08-16 12:00:00,61.31,Approved,18.69,2269.69
321701110571901,1967-08-25 12:00:00,67.25,Approved,20.5,2263.75
321701110571901,1967-08-31 12:00:00,66.39,Approved,20.24,2264.61
321701110571901,1967-09-23 12:00:00,66.57,Approved,20.29,2264.43
321701110571901,1967-09-30 12:00:00,63.26,Approved,19.28,2267.74
321701110571901,1967-10-07 12:00:00,63.51,Approved,19.36,2267.49
321701110571901,1967-12-09 12:00:00,66.02,Approved,20.12,2264.98
321701110571901,1967-12-22 12:00:00,66.21,Approved,20.18,2264.79
321701110571901,1967-12-29 12:00:00,65.35,Approved,19.92,2265.65
321701110571901,1968-01-06 12:00:00,64.19,Approved,19.57,2266.81
321701110571901,1968-01-13 12:00:00,63.59,Approved,19.38,2267.41
321701110571901,1968-02-03 12:00:00,61.35,Approved,18.7,2269.65
321701110571901,1968-02-12 12:00:00,59.99,Approved,18.28,2271.01
321701110571901,1968-02-17 12:00:00,58.48,Approved,17.82,2272.52
321701110571901,1968-02-19 12:00:00,57.34,Approved,17.48,2273.66
321701110571901,1968-02-24 12:00:00,54.49,Approved,16.61,2276.51
321701110571901,1968-02-25 12:00:00,39.26,Approved,11.97,2291.74
321701110571901,1968-03-02 12:00:00,50.92,Approved,15.52,2280.08
321701110571901,1968-03-06 12:00:00,37.46,Approved,11.42,2293.54
321701110571901,1968-03-09 12:00:00,48.75,Approved,14.86,2282.25
321701110571901,1968-03-13 12:00:00,47.3,Approved,14.42,2283.7
321701110571901,1968-03-23 12:00:00,40.68,Approved,12.4,2290.32
321701110571901,1968-03-27 12:00:00,38.4,Approved,11.7,2292.6
321701110571901,1968-04-04 12:00:00,39.53,Approved,12.05,2291.47
321701110571901,1968-04-11 12:00:00,40.14,Approved,12.23,2290.86
321701110571901,1968-06-07 12:00:00,43.88,Approved,13.37,2287.12
321701110571901,1968-07-05 12:00:00,47.66,Approved,14.53,2283.34
321701110571901,1968-08-03 12:00:00,50.86,Approved,15.5,2280.14
321701110571901,1968-10-05 12:00:00,57.02,Approved,17.38,2273.98
321701110571901,1968-11-02 12:00:00,57.06,Approved,17.39,2273.94
321701110571901,1968-11-16 12:00:00,57.88,Approved,17.64,2273.12
321701110571901,1968-11-30 12:00:00,58.42,Approved,17.81,2272.58
321701110571901,1968-12-07 12:00:00,58.93,Approved,17.96,2272.07
321701110571901,1969-01-11 12:00:00,60.44,Approved,18.42,2270.56
321701110571901,1969-01-18 12:00:00,60.62,Approved,18.48,2270.38
321701110571901,1969-02-08 12:00:00,61.3,Approved,18.68,2269.7
321701110571901,1969-02-15 12:00:00,61.42,Approved,18.72,2269.58
321701110571901,1969-02-22 12:00:00,61.74,Approved,18.82,2269.26
321701110571901,1969-03-01 12:00:00,62.0,Approved,18.9,2269.0
321701110571901,1969-03-08 12:00:00,62.29,Approved,18.99,2268.71
321701110571901,1969-03-29 12:00:00,63.14,Approved,19.25,2267.86
321701110571901,1969-04-04 12:00:00,64.17,Approved,19.56,2266.83
321701110571901,1969-04-12 12:00:00,63.87,Approved,19.47,2267.13
321701110571901,1969-04-19 12:00:00,64.14,Approved,19.55,2266.86
321701110571901,1969-06-23 12:00:00,67.5,Approved,20.57,2263.5
321701110571901,1969-07-21 12:00:00,69.0,Approved,21.03,2262.0
321701110571901,1970-01-01 12:00:00,74.12,Approved,22.59,2256.88
321701110571901,1970-02-01 12:00:00,74.89,Approved,22.83,2256.11
321701110571901,1970-04-01 12:00:00,75.73,Approved,23.08,2255.27
321701110571901,1970-05-01 12:00:00,76.25,Approved,23.24,2254.75
321701110571901,1970-06-01 12:00:00,77.15,Approved,23.52,2253.85
321701110571901,1970-07-01 12:00:00,78.2,Approved,23.84,2252.8
321701110571901,1970-08-01 12:00:00,79.01,Approved,24.08,2251.99
321701110571901,1970-09-01 12:00:00,79.61,Approved,24.27,2251.39
321701110571901,1970-10-01 12:00:00,78.7,Approved,23.99,2252.3
321701110571901,1970-11-01 12:00:00,79.16,Approved,24.13,2251.84
321701110571901,1970-12-01 12:00:00,80.05,Approved,24.4,2250.95
321701110571901,1971-01-01 12:00:00,80.69,Approved,24.59,2250.31
321701110571901,1971-02-01 12:00:00,81.41,Approved,24.81,2249.59
321701110571901,1971-03-01 12:00:00,82.24,Approved,25.07,2248.76
321701110571901,1971-04-01 12:00:00,83.4,Approved,25.42,2247.6
321701110571901,1971-05-01 12:00:00,84.65,Approved,25.8,2246.35
321701110571901,1971-06-01 12:00:00,85.44,Approved,26.04,2245.56
321701110571901,1971-07-01 12:00:00,86.22,Approved,26.28,2244.78
321735110573301,1957-05-01 12:00:00,76.41,Approved,23.29,2244.89
321735110573301,1958-01-23 12:00:00,77.7,Approved,23.68,2243.6
321735110573301,1958-03-11 12:00:00,77.12,Approved,23.51,2244.18
321735110573301,1958-04-01 12:00:00,75.81,Approved,23.11,2245.49
321735110573301,1958-04-16 12:00:00,72.53,Approved,22.11,2248.77
321735110573301,1958-05-12 12:00:00,69.12,Approved,21.07,2252.18
321735110573301,1958-09-04 12:00:00,71.83,Approved,21.89,2249.47
321735110573301,1959-01-23 12:00:00,74.22,Approved,22.62,2247.08
321735110573301,1959-03-04 12:00:00,74.83,Approved,22.81,2246.47
321735110573301,1960-01-22 12:00:00,76.35,Approved,23.27,2244.95
321735110573301,1960-03-09 12:00:00,66.94,Approved,20.4,2254.36
321735110573301,1961-03-06 12:00:00,73.18,Approved,22.31,2248.12
321735110573301,1962-04-11 12:00:00,72.37,Approved,22.06,2248.93
321735110573301,1963-03-03 12:00:00,76.4,Approved,23.29,2244.9
321735110573301,1964-04-06 12:00:00,81.43,Approved,24.82,2239.87
321735110573301,1965-04-09 12:00:00,80.29,Approved,24.47,2241.01
321735110573301,1965-05-15 12:00:00,79.69,Approved,24.29,2241.61
321735110573301,1965-08-18 12:00:00,82.48,Approved,25.14,2238.82
321735110573301,1965-08-24 12:00:00,82.62,Approved,25.18,2238.68
321735110573301,1965-09-15 12:00:00,83.12,Approved,25.33,2238.18
321735110573301,1965-10-13 12:00:00,83.36,Approved,25.41,2237.94
321735110573301,1965-11-15 12:00:00,84.01,Approved,25.61,2237.29
321735110573301,1965-12-07 12:00:00,84.29,Approved,25.69,2237.01
321735110573301,1966-01-04 12:00:00,77.87,Approved,23.73,2243.43
321735110573301,1966-01-17 12:00:00,69.43,Approved,21.16,2251.87
321735110573301,1966-01-21 12:00:00,68.34,Approved,20.83,2252.96
321735110573301,1966-01-28 12:00:00,66.66,Approved,20.32,2254.64
321735110573301,1966-02-04 12:00:00,67.54,Approved,20.59,2253.76
321735110573301,1966-02-14 12:00:00,65.92,Approved,20.09,2255.38
321735110573301,1966-02-18 12:00:00,65.82,Approved,20.06,2255.48
321735110573301,1966-02-25 12:00:00,63.91,Approved,19.48,2257.39
321735110573301,1966-03-04 12:00:00,62.65,Approved,19.1,2258.65
321735110573301,1966-03-09 12:00:00,62.61,Approved,19.08,2258.69
321735110573301,1966-03-14 12:00:00,62.85,Approved,19.16,2258.45
321735110573301,1966-03-21 12:00:00,59.68,Approved,18.19,2261.62
321735110573301,1966-03-28 12:00:00,35.48,Approved,10.81,2285.82
321735110573301,1966-03-30 12:00:00,33.5,Approved,10.21,2287.8
321735110573301,1966-04-04 12:00:00,32.88,Approved,10.02,2288.42
321735110573301,1966-04-06 12:00:00,32.9,Approved,10.03,2288.4
321735110573301,1966-04-15 12:00:00,33.0,Approved,10.06,2288.3
321735110573301,1966-04-20 12:00:00,33.12,Approved,10.09,2288.18
321735110573301,1966-04-29 12:00:00,34.2,Approved,10.42,2287.1
321735110573301,1966-05-04 12:00:00,36.58,Approved,11.15,2284.72
321735110573301,1966-05-18 12:00:00,34.85,Approved,10.62,2286.45
321735110573301,1966-06-06 12:00:00,35.96,Approved,10.96,2285.34
321735110573301,1966-07-05 12:00:00,38.49,Approved,11.73,2282.81
321735110573301,1966-07-25 12:00:00,40.49,Approved,12.34,2280.81
321735110573301,1966-08-05 12:00:00,41.69,Approved,12.71,2279.61
321735110573301,1966-08-12 12:00:00,42.5,Approved,12.95,2278.8
321735110573301,1966-08-15 12:00:00,42.76,Approved,13.03,2278.54
321735110573301,1966-08-22 12:00:00,43.36,Approved,13.22,2277.94
321735110573301,1966-09-06 12:00:00,44.61,Approved,13.6,2276.69
321735110573301,1966-09-14 12:00:00,45.27,Approved,13.8,2276.03
321735110573301,1966-09-24 12:00:00,43.14,Approved,13.15,2278.16
321735110573301,1966-10-01 12:00:00,41.88,Approved,12.77,2279.42
321735110573301,1966-10-08 12:00:00,41.33,Approved,12.6,2279.97
321735110573301,1966-10-22 12:00:00,42.15,Approved,12.85,2279.15
321735110573301,1966-11-05 12:00:00,42.11,Approved,12.84,2279.19
321735110573301,1966-12-03 12:00:00,44.81,Approved,13.66,2276.49
321735110573301,1967-01-07 12:00:00,48.6,Approved,14.81,2272.7
321735110573301,1967-01-31 12:00:00,50.28,Approved,15.33,2271.02
321735110573301,1967-02-18 12:00:00,51.73,Approved,15.77,2269.57
321735110573301,1967-04-01 12:00:00,54.81,Approved,16.71,2266.49
321735110573301,1967-04-14 12:00:00,55.66,Approved,16.97,2265.64
321735110573301,1967-05-29 12:00:00,58.69,Approved,17.89,2262.61
321735110573301,1967-06-27 12:00:00,61.5,Approved,18.75,2259.8
321735110573301,1967-07-10 12:00:00,61.6,Approved,18.78,2259.7
321735110573301,1967-07-14 12:00:00,62.97,Approved,19.19,2258.33
321735110573301,1967-07-17 12:00:00,64.47,Approved,19.65,2256.83
321735110573301,1967-07-27 12:00:00,62.9,Approved,19.17,2258.4
321735110573301,1967-08-09 12:00:00,66.43,Approved,20.25,2254.87
321735110573301,1967-08-16 12:00:00,68.4,Approved,20.85,2252.9
321735110573301,1967-08-25 12:00:00,67.52,Approved,20.58,2253.78
321735110573301,1967-08-31 12:00:00,67.87,Approved,20.69,2253.43
321735110573301,1967-09-23 12:00:00,71.38,Approved,21.76,2249.92
321735110573301,1967-09-30 12:00:00,71.7,Approved,21.85,2249.6
321735110573301,1967-10-07 12:00:00,64.43,Approved,19.64,2256.87
321735110573301,1967-12-09 12:00:00,67.35,Approved,20.53,2253.95
321735110573301,1967-12-22 12:00:00,67.74,Approved,20.65,2253.56
321735110573301,1967-12-29 12:00:00,66.83,Approved,20.37,2254.47
321735110573301,1968-01-06 12:00:00,65.39,Approved,19.93,2255.91
321735110573301,1968-01-13 12:00:00,64.82,Approved,19.76,2256.48
321735110573301,1968-02-03 12:00:00,64.15,Approved,19.55,2257.15
321735110573301,1968-02-12 12:00:00,63.18,Approved,19.26,2258.12
321735110573301,1968-02-17 12:00:00,61.56,Approved,18.76,2259.74
321735110573301,1968-02-19 12:00:00,60.25,Approved,18.36,2261.05
321735110573301,1968-02-24 12:00:00,58.2,Approved,17.74,2263.1
321735110573301,1968-03-02 12:00:00,56.37,Approved,17.18,2264.93
321735110573301,1968-03-09 12:00:00,55.47,Approved,16.91,2265.83
321735110573301,1968-03-13 12:00:00,54.47,Approved,16.6,2266.83
321735110573301,1968-03-23 12:00:00,49.09,Approved,14.96,2272.21
321735110573301,1968-03-25 12:00:00,48.01,Approved,14.63,2273.29
321735110573301,1968-04-06 12:00:00,45.45,Approved,13.85,2275.85
321735110573301,1968-04-27 12:00:00,43.81,Approved,13.35,2277.49
321735110573301,1968-05-04 12:00:00,43.86,Approved,13.37,2277.44
321735110573301,1968-05-11 12:00:00,43.88,Approved,13.37,2277.42
321735110573301,1968-06-07 12:00:00,46.82,Approved,14.27,2274.48
321735110573301,1968-07-05 12:00:00,48.34,Approved,14.73,2272.96
321735110573301,1968-08-03 12:00:00,51.39,Approved,15.66,2269.91
321735110573301,1968-10-05 12:00:00,56.12,Approved,17.11,2265.18
321735110573301,1968-11-02 12:00:00,58.51,Approved,17.83,2262.79
321735110573301,1968-11-16 12:00:00,59.58,Approved,18.16,2261.72
321735110573301,1968-11-30 12:00:00,59.9,Approved,18.26,2261.4
321735110573301,1968-12-07 12:00:00,60.22,Approved,18.36,2261.08
321735110573301,1969-01-11 12:00:00,62.09,Approved,18.93,2259.21
321735110573301,1969-01-18 12:00:00,62.45,Approved,19.03,2258.85
321735110573301,1969-02-08 12:00:00,63.08,Approved,19.23,2258.22
321735110573301,1969-02-15 12:00:00,63.55,Approved,19.37,2257.75
321735110573301,1969-02-22 12:00:00,63.52,Approved,19.36,2257.78
321735110573301,1969-03-01 12:00:00,63.94,Approved,19.49,2257.36
321735110573301,1969-03-08 12:00:00,64.66,Approved,19.71,2256.64
321735110573301,1969-03-29 12:00:00,65.22,Approved,19.88,2256.08
321735110573301,1969-04-04 12:00:00,66.04,Approved,20.13,2255.26
321735110573301,1969-04-12 12:00:00,66.18,Approved,20.17,2255.12
321735110573301,1969-04-19 12:00:00,66.15,Approved,20.16,2255.15
321735110573301,1969-06-23 12:00:00,69.0,Approved,21.03,2252.3
321735110573301,1969-07-21 12:00:00,71.5,Approved,21.79,2249.8
321735110573301,1970-08-01 12:00:00,81.88,Approved,24.96,2239.42
321735110573301,1970-09-01 12:00:00,82.5,Approved,25.15,2238.8
321735110573301,1970-10-01 12:00:00,81.81,Approved,24.94,2239.49
321735110573301,1970-11-01 12:00:00,81.99,Approved,24.99,2239.31
321735110573301,1970-12-01 12:00:00,82.76,Approved,25.23,2238.54
321735110573301,1971-01-01 12:00:00,83.48,Approved,25.44,2237.82
321735110573301,1971-02-01 12:00:00,84.79,Approved,25.84,2236.51
321735110573301,1971-03-01 12:00:00,85.03,Approved,25.92,2236.27
321735110573301,1971-04-01 12:00:00,86.0,Approved,26.21,2235.3
321735110573301,1971-05-01 12:00:00,87.0,Approved,26.52,2234.3
321735110573301,1971-06-01 12:00:00,87.63,Approved,26.71,2233.67
321735110573301,1971-07-01 12:00:00,88.18,Approved,26.88,2233.12
321735110573301,1971-08-01 12:00:00,89.05,Approved,27.14,2232.25
321735110573301,1971-09-01 12:00:00,88.57,Approved,27.0,2232.73
321735110573301,1971-10-01 12:00:00,88.74,Approved,27.05,2232.56
321735110573301,1971-11-01 12:00:00,88.78,Approved,27.06,2232.52
321735110573301,1971-12-01 12:00:00,88.75,Approved,27.05,2232.55
321735110573301,1972-01-01 12:00:00,88.7,Approved,27.04,2232.6
321735110573301,1972-03-01 12:00:00,89.52,Approved,27.29,2231.78
321735110573301,1981-12-29 12:00:00,94.6,Approved,28.83,2226.7
321735110573301,1987-12-03 12:00:00,102.0,Approved,31.09,2219.3
321735110573301,1995-01-18 12:00:00,108.1,Approved,32.95,2213.2
321735110573301,1998-05-06 12:00:00,115.2,Approved,35.11,2206.1
321735110573301,1998-05-20 12:00:00,113.2,Approved,34.5,2208.1
321735110573301,1998-06-03 12:00:00,110.8,Approved,33.77,2210.5
321735110573301,1998-06-18 12:00:00,109.2,Approved,33.28,2212.1
321735110573301,1998-07-02 12:00:00,108.3,Approved,33.01,2213.0
321735110573301,1998-08-18 12:00:00,107.3,Approved,32.71,2214.0
321735110573301,1998-10-30 12:00:00,106.6,Approved,32.49,2214.7
321735110573301,1998-12-02 12:00:00,107.2,Approved,32.67,2214.1
321735110573301,1999-02-17 12:00:00,108.8,Approved,33.16,2212.5
321735110573301,1999-05-21 12:00:00,111.6,Approved,34.02,2209.7
321735110573301,1999-08-12 12:00:00,114.0,Approved,34.75,2207.3
321735110573301,2000-02-16 12:00:00,114.6,Approved,34.93,2206.7
321735110573301,2000-05-18 12:00:00,116.9,Approved,35.63,2204.4
321735110573301,2000-08-17 12:00:00,119.6,Approved,36.45,2201.7
321735110573301,2000-11-17 12:00:00,121.6,Approved,37.06,2199.7
321735110573301,2001-02-16 12:00:00,119.2,Approved,36.33,2202.1
321735110573301,2001-08-16 12:00:00,121.1,Approved,36.91,2200.2
321735110573301,2002-02-22 12:00:00,124.8,Approved,38.04,2196.5
321735110573301,2003-05-15 12:00:00,132.6,Approved,40.42,2188.7
321735110573301,2003-08-19 12:00:00,135.16,Approved,41.2,2186.14
321735110573301,2003-10-28 12:00:00,136.5,Approved,41.61,2184.8
321735110573301,2004-02-04 12:00:00,138.3,Approved,42.15,2183.0
321735110573301,2004-02-19 12:00:00,136.75,Approved,41.68,2184.55
321735110573301,2004-05-18 12:00:00,137.42,Approved,41.89,2183.88
321735110573301,2004-08-13 12:00:00,137.3,Approved,41.85,2184.0
321735110573301,2005-02-01 12:00:00,139.0,Approved,42.37,2182.3
321735110573301,2005-02-09 12:00:00,140.2,Approved,42.73,2181.1
321735110573301,2005-05-17 12:00:00,135.4,Approved,41.27,2185.9
321735110573301,2005-08-17 12:00:00,135.4,Approved,41.27,2185.9
321735110573301,2005-12-22 12:00:00,136.2,Approved,41.51,2185.1
321735110573301,2006-01-12 12:00:00,135.5,Approved,41.3,2185.8
321829111004401,1955-01-25 12:00:00,85.93,Approved,26.19,2175.07
321829111004401,1956-01-24 12:00:00,86.63,Approved,26.4,2174.37
321829111004401,1957-02-05 12:00:00,90.68,Approved,27.64,2170.32
321829111004401,1957-11-19 12:00:00,93.78,Approved,28.58,2167.22
321829111004401,1959-01-22 12:00:00,93.88,Approved,28.61,2167.12
321829111004401,1960-01-01 12:00:00,95.23,Approved,29.03,2165.77
321829111004401,1961-01-25 12:00:00,95.53,Approved,29.12,2165.47
321829111004401,1962-01-18 12:00:00,97.9,Approved,29.84,2163.1
321829111004401,1963-01-23 12:00:00,98.27,Approved,29.95,2162.73
321829111004401,1964-01-22 12:00:00,100.36,Approved,30.59,2160.64
321829111004401,1965-01-28 12:00:00,98.09,Approved,29.9,2162.91
321829111004401,1966-02-16 12:00:00,93.4,Approved,28.47,2167.6
321829111004401,1966-02-23 12:00:00,91.33,Approved,27.84,2169.67
321829111004401,1966-02-28 12:00:00,90.1,Approved,27.46,2170.9
321829111004401,1966-03-09 12:00:00,88.48,Approved,26.97,2172.52
321829111004401,1966-03-14 12:00:00,87.61,Approved,26.7,2173.39
321829111004401,1966-03-21 12:00:00,87.95,Approved,26.81,2173.05
321829111004401,1967-01-23 12:00:00,92.23,Approved,28.11,2168.77
321829111004401,1968-01-29 12:00:00,94.11,Approved,28.68,2166.89
321829111004401,1969-01-30 12:00:00,93.75,Approved,28.58,2167.25
321829111004401,1970-02-04 12:00:00,103.28,Approved,31.48,2157.72
321829111004401,1971-02-15 12:00:00,106.62,Approved,32.5,2154.38
321829111004401,1972-02-01 12:00:00,111.51,Approved,33.99,2149.49
321829111004401,1973-01-23 12:00:00,112.46,Approved,34.28,2148.54
321829111004401,1974-01-15 12:00:00,113.7,Approved,34.66,2147.3
321829111004401,1975-02-12 12:00:00,115.26,Approved,35.13,2145.74
321829111004401,1976-02-03 12:00:00,116.9,Approved,35.63,2144.1
321829111004401,1977-02-01 12:00:00,117.4,Approved,35.78,2143.6
321829111004401,1978-02-01 12:00:00,117.7,Approved,35.87,2143.3
321829111004401,1979-02-01 12:00:00,116.1,Approved,35.39,2144.9
321829111004401,1981-12-29 12:00:00,124.8,Approved,38.04,2136.2
321829111004401,1983-12-08 12:00:00,120.0,Approved,36.58,2141.0
321829111004401,1984-12-10 12:00:00,119.6,Approved,36.45,2141.4
321829111004401,1986-05-28 12:00:00,119.3,Approved,36.36,2141.7
321829111004401,1986-12-10 12:00:00,121.4,Approved,37.0,2139.6
321829111004401,1987-06-03 12:00:00,124.2,Approved,37.86,2136.8
321829111004401,1987-12-04 12:00:00,129.4,Approved,39.44,2131.6
321829111004401,1988-06-07 12:00:00,133.1,Approved,40.57,2127.9
321829111004401,1988-12-07 12:00:00,135.3,Approved,41.24,2125.7
321829111004401,1989-11-28 12:00:00,141.7,Approved,43.19,2119.3
321829111004401,1990-12-11 12:00:00,142.6,Approved,43.46,2118.4
321829111004401,1991-12-09 12:00:00,141.0,Approved,42.98,2120.0
321829111004401,1992-11-30 12:00:00,142.5,Approved,43.43,2118.5
321829111004401,1993-12-06 12:00:00,130.0,Approved,39.62,2131.0
321829111004401,1995-01-24 12:00:00,135.9,Approved,41.42,2125.1
321829111004401,1995-11-27 12:00:00,133.7,Approved,40.75,2127.3
321829111004401,1996-11-04 12:00:00,139.3,Approved,42.46,2121.7
321829111004401,1997-11-03 12:00:00,143.8,Approved,43.83,2117.2
321829111004401,1998-12-01 12:00:00,142.7,Approved,43.49,2118.3
321829111004401,1999-11-17 12:00:00,147.0,Approved,44.81,2114.0
321829111004401,2000-11-29 12:00:00,148.9,Approved,45.38,2112.1
321830110583201,1948-01-30 12:00:00,141.91,Approved,43.25,2253.09
321830110583201,1948-08-16 12:00:00,144.5,Approved,44.04,2250.5
321830110583201,1949-03-04 12:00:00,146.47,Approved,44.64,2248.53
321830110583201,1949-09-27 12:00:00,150.27,Approved,45.8,2244.73
321830110583201,1950-02-03 12:00:00,150.92,Approved,46.0,2244.08
321830110583201,1951-05-03 12:00:00,155.36,Approved,47.35,2239.64
321830110583201,1952-05-05 12:00:00,159.94,Approved,48.75,2235.06
321830110583201,1953-04-27 12:00:00,163.38,Approved,49.8,2231.62
321830110583201,1954-05-06 12:00:00,168.71,Approved,51.42,2226.29
321830110583201,1955-05-04 12:00:00,172.44,Approved,52.56,2222.56
321830110583201,1956-04-25 12:00:00,173.63,Approved,52.92,2221.37
321830110583201,1957-05-21 12:00:00,178.56,Approved,54.43,2216.44
321830110583201,1958-05-15 12:00:00,178.53,Approved,54.42,2216.47
321830110583201,1959-04-22 12:00:00,180.09,Approved,54.89,2214.91
321830110583201,1960-03-14 12:00:00,181.01,Approved,55.17,2213.99
321830110583201,1961-03-20 12:00:00,183.15,Approved,55.82,2211.85
321830110583201,1962-04-24 12:00:00,184.28,Approved,56.17,2210.72
321830110583201,1964-04-29 12:00:00,188.06,Approved,57.32,2206.94
321830110583201,1965-04-29 12:00:00,190.83,Approved,58.16,2204.17
321830110583201,1968-04-18 12:00:00,189.99,Approved,57.91,2205.01
321830110583201,1969-04-03 12:00:00,191.26,Approved,58.3,2203.74
321830110583201,1970-02-05 12:00:00,191.6,Approved,58.4,2203.4
321830110583201,1971-02-15 12:00:00,194.65,Approved,59.33,2200.35
321830110583201,1974-02-15 12:00:00,203.98,Approved,62.17,2191.02
321830110583201,1975-02-12 12:00:00,206.25,Approved,62.86,2188.75
321830110583201,1976-02-03 12:00:00,208.25,Approved,63.47,2186.75
321830110583201,1977-02-01 12:00:00,209.39,Approved,63.82,2185.61
321830110583201,1978-02-01 12:00:00,208.2,Approved,63.46,2186.8
321830110583201,1979-02-01 12:00:00,206.16,Approved,62.84,2188.84
321830110583201,1983-12-08 12:00:00,213.9,Approved,65.2,2181.1
321830110583201,1984-12-10 12:00:00,213.0,Approved,64.92,2182.0
321830110583201,1985-06-20 12:00:00,213.9,Approved,65.2,2181.1
321830110583201,1985-12-03 12:00:00,208.4,Approved,63.52,2186.6
321830110583201,1986-05-28 12:00:00,212.7,Approved,64.83,2182.3
321830110583201,1986-12-08 12:00:00,211.4,Approved,64.43,2183.6
321830110583201,1987-06-03 12:00:00,214.8,Approved,65.47,2180.2
321830110583201,1987-12-03 12:00:00,221.0,Approved,67.36,2174.0
321830110583201,1988-06-07 12:00:00,221.1,Approved,67.39,2173.9
321830110583201,1988-12-07 12:00:00,219.2,Approved,66.81,2175.8
321830110583201,1989-11-28 12:00:00,222.3,Approved,67.76,2172.7
321830110583201,1990-12-11 12:00:00,226.3,Approved,68.98,2168.7
321830110583201,1991-12-09 12:00:00,228.3,Approved,69.59,2166.7
321830110583201,1992-11-30 12:00:00,232.9,Approved,70.99,2162.1
321830110583201,1993-12-06 12:00:00,225.6,Approved,68.76,2169.4
321830110583201,1994-01-24 12:00:00,225.8,Approved,68.82,2169.2
321830110583201,1995-01-24 12:00:00,225.8,Approved,68.82,2169.2
321830110583201,1995-11-27 12:00:00,229.5,Approved,69.95,2165.5
321830110583201,1996-11-04 12:00:00,232.0,Approved,70.71,2163.0
321830110583201,1997-11-03 12:00:00,235.6,Approved,71.81,2159.4
321830110583201,1998-05-06 12:00:00,233.6,Approved,71.2,2161.4
321830110583201,1998-05-20 12:00:00,234.5,Approved,71.48,2160.5
321830110583201,1998-06-03 12:00:00,235.0,Approved,71.63,2160.0
321830110583201,1998-06-18 12:00:00,241.2,Approved,73.52,2153.8
321830110583201,1998-07-02 12:00:00,243.0,Approved,74.07,2152.0
321830110583201,1998-08-18 12:00:00,235.0,Approved,71.63,2160.0
321830110583201,1998-10-31 12:00:00,235.5,Approved,71.78,2159.5
321830110583201,1998-12-01 12:00:00,233.7,Approved,71.23,2161.3
321830110583201,1998-12-02 12:00:00,234.8,Approved,71.57,2160.2
321830110583201,1999-02-17 12:00:00,233.7,Approved,71.23,2161.3
321830110583201,1999-05-21 12:00:00,235.2,Approved,71.69,2159.8
321830110583201,1999-08-12 12:00:00,235.3,Approved,71.72,2159.7
321830110583201,1999-11-17 12:00:00,236.6,Approved,72.12,2158.4
321830110583201,2000-02-17 12:00:00,235.5,Approved,71.78,2159.5
321830110583201,2000-05-18 12:00:00,240.1,Approved,73.18,2154.9
321830110583201,2000-08-17 12:00:00,238.4,Approved,72.66,2156.6
321830110583201,2000-11-16 12:00:00,237.4,Approved,72.36,2157.6
321830110583201,2001-02-16 12:00:00,237.3,Approved,72.33,2157.7
321830110583201,2001-08-16 12:00:00,247.1,Approved,75.32,2147.9
321830110583201,2002-02-22 12:00:00,244.0,Approved,74.37,2151.0
322049111021701,1933-11-17 12:00:00,120.4,Approved,36.7,2166.6
322049111021701,1934-01-12 12:00:00,120.23,Approved,36.65,2166.77
322049111021701,1934-03-03 12:00:00,120.16,Approved,36.62,2166.84
322049111021701,1934-05-04 12:00:00,120.34,Approved,36.68,2166.66
322049111021701,1934-06-13 12:00:00,120.74,Approved,36.8,2166.26
322049111021701,1934-07-21 12:00:00,121.3,Approved,36.97,2165.7
322049111021701,1934-09-04 12:00:00,121.68,Approved,37.09,2165.32
322049111021701,1934-10-17 12:00:00,122.0,Approved,37.19,2165.0
322049111021701,1934-12-03 12:00:00,122.09,Approved,37.21,2164.91
322049111021701,1935-02-11 12:00:00,122.06,Approved,37.2,2164.94
322049111021701,1935-03-29 12:00:00,121.81,Approved,37.13,2165.19
322049111021701,1935-04-29 12:00:00,121.86,Approved,37.14,2165.14
322049111021701,1935-06-28 12:00:00,122.11,Approved,37.22,2164.89
322049111021701,1935-08-06 12:00:00,122.52,Approved,37.34,2164.48
322049111021701,1935-10-02 12:00:00,122.54,Approved,37.35,2164.46
322049111021701,1935-11-29 12:00:00,122.29,Approved,37.27,2164.71
322049111021701,1936-03-04 12:00:00,122.1,Approved,37.22,2164.9
322049111021701,1936-05-16 12:00:00,122.89,Approved,37.46,2164.11
322049111021701,1936-07-28 12:00:00,123.53,Approved,37.65,2163.47
322049111021701,1936-09-26 12:00:00,124.14,Approved,37.84,2162.86
322049111021701,1937-01-28 12:00:00,124.24,Approved,37.87,2162.76
322049111021701,1937-03-26 12:00:00,124.35,Approved,37.9,2162.65
322049111021701,1937-06-01 12:00:00,124.9,Approved,38.07,2162.1
322049111021701,1937-07-14 12:00:00,125.18,Approved,38.15,2161.82
322049111021701,1937-08-09 12:00:00,125.4,Approved,38.22,2161.6
322049111021701,1937-09-24 12:00:00,125.6,Approved,38.28,2161.4
322049111021701,1937-12-30 12:00:00,125.74,Approved,38.33,2161.26
322049111021701,1938-02-26 12:00:00,125.76,Approved,38.33,2161.24
322049111021701,1938-08-08 12:00:00,126.55,Approved,38.57,2160.45
322049111021701,1938-10-07 12:00:00,126.81,Approved,38.65,2160.19
322049111021701,1939-03-04 12:00:00,127.1,Approved,38.74,2159.9
322049111021701,1939-07-18 12:00:00,127.94,Approved,39.0,2159.06
322049111021701,1939-09-29 12:00:00,128.1,Approved,39.04,2158.9
322049111021701,1940-02-09 12:00:00,128.26,Approved,39.09,2158.74
322049111021701,1940-10-01 12:00:00,129.63,Approved,39.51,2157.37
322049111021701,1941-03-26 12:00:00,128.85,Approved,39.27,2158.15
322049111021701,1941-10-10 12:00:00,129.47,Approved,39.46,2157.53
322049111021701,1942-02-23 12:00:00,129.64,Approved,39.51,2157.36
322049111021701,1942-10-14 12:00:00,131.58,Approved,40.11,2155.42
322049111021701,1943-03-10 12:00:00,131.91,Approved,40.21,2155.09
322049111021701,1943-10-04 12:00:00,133.55,Approved,40.71,2153.45
322049111021701,1944-03-23 12:00:00,134.33,Approved,40.94,2152.67
322049111021701,1944-10-11 12:00:00,135.46,Approved,41.29,2151.54
322049111021701,1945-03-15 12:00:00,135.19,Approved,41.21,2151.81
322049111021701,1945-10-10 12:00:00,136.69,Approved,41.66,2150.31
322049111021701,1946-03-20 12:00:00,137.36,Approved,41.87,2149.64
322049111021701,1948-01-19 12:00:00,142.67,Approved,43.49,2144.33
322049111021701,1948-07-30 12:00:00,145.5,Approved,44.35,2141.5
322049111021701,1949-01-28 12:00:00,145.36,Approved,44.31,2141.64
322049111021701,1949-10-07 12:00:00,149.56,Approved,45.59,2137.44
322049111021701,1950-02-03 12:00:00,147.9,Approved,45.08,2139.1
322049111021701,1951-02-15 12:00:00,149.33,Approved,45.52,2137.67
322049111021701,1952-05-08 12:00:00,152.59,Approved,46.51,2134.41
322102111065501,1939-09-14 12:00:00,113.0,Approved,34.44,2062.0
322102111065501,1939-09-26 12:00:00,118.48,Approved,36.11,2056.52
322102111065501,1939-11-14 12:00:00,117.29,Approved,35.75,2057.71
322102111065501,1939-12-30 12:00:00,115.74,Approved,35.28,2059.26
322102111065501,1940-02-20 12:00:00,113.92,Approved,34.72,2061.08
322102111065501,1940-03-19 12:00:00,113.26,Approved,34.52,2061.74
322102111065501,1940-05-02 12:00:00,115.3,Approved,35.14,2059.7
322102111065501,1940-05-31 12:00:00,116.37,Approved,35.47,2058.63
322102111065501,1940-07-19 12:00:00,119.13,Approved,36.31,2055.87
322102111065501,1940-10-01 12:00:00,120.3,Approved,36.67,2054.7
322102111065501,1940-11-07 12:00:00,121.3,Approved,36.97,2053.7
322102111065501,1940-12-30 12:00:00,119.12,Approved,36.31,2055.88
322102111065501,1941-02-06 12:00:00,116.84,Approved,35.61,2058.16
322102111065501,1941-03-24 12:00:00,112.1,Approved,34.17,2062.9
322102111065501,1941-04-28 12:00:00,112.85,Approved,34.4,2062.15
322102111065501,1941-06-05 12:00:00,115.36,Approved,35.16,2059.64
322102111065501,1941-07-11 12:00:00,118.79,Approved,36.21,2056.21
322102111065501,1941-08-19 12:00:00,120.56,Approved,36.75,2054.44
322102111065501,1941-09-30 12:00:00,121.68,Approved,37.09,2053.32
322102111065501,1941-11-13 12:00:00,120.91,Approved,36.85,2054.09
322102111065501,1941-12-27 12:00:00,120.79,Approved,36.82,2054.21
322102111065501,1942-03-05 12:00:00,118.3,Approved,36.06,2056.7
322102111065501,1942-08-05 12:00:00,128.2,Approved,39.08,2046.8
322102111065501,1942-08-24 12:00:00,129.44,Approved,39.45,2045.56
322102111065501,1942-12-22 12:00:00,125.09,Approved,38.13,2049.91
322102111065501,1943-04-14 12:00:00,128.18,Approved,39.07,2046.82
322102111065501,1943-11-08 12:00:00,129.47,Approved,39.46,2045.53
322102111065501,1944-01-15 12:00:00,129.74,Approved,39.54,2045.26
322102111065501,1944-07-18 12:00:00,133.04,Approved,40.55,2041.96
322102111065501,1945-02-08 12:00:00,126.5,Approved,38.56,2048.5
322102111065501,1945-10-15 12:00:00,133.52,Approved,40.7,2041.48
322102111065501,1945-12-07 12:00:00,133.54,Approved,40.7,2041.46
322102111065501,1946-03-06 12:00:00,131.56,Approved,40.1,2043.44
322102111065501,1946-04-25 12:00:00,134.84,Approved,41.1,2040.16
322102111065501,1946-06-18 12:00:00,135.73,Approved,41.37,2039.27
322102111065501,1946-07-24 12:00:00,138.17,Approved,42.11,2036.83
322102111065501,1946-08-28 12:00:00,140.63,Approved,42.86,2034.37
322102111065501,1946-10-11 12:00:00,140.5,Approved,42.82,2034.5
322102111065501,1946-12-02 12:00:00,136.77,Approved,41.69,2038.23
322102111065501,1946-12-26 12:00:00,136.19,Approved,41.51,2038.81
322102111065501,1947-02-18 12:00:00,132.28,Approved,40.32,2042.72
322102111065501,1947-03-31 12:00:00,132.69,Approved,40.44,2042.31
322102111065501,1947-04-29 12:00:00,136.61,Approved,41.64,2038.39
322102111065501,1947-07-14 12:00:00,141.24,Approved,43.05,2033.76
322102111065501,1947-08-28 12:00:00,143.97,Approved,43.88,2031.03
322102111065501,1947-09-25 12:00:00,144.94,Approved,44.18,2030.06
322102111065501,1947-10-28 12:00:00,142.91,Approved,43.56,2032.09
322102111065501,1948-01-07 12:00:00,138.39,Approved,42.18,2036.61
322102111065501,1948-05-21 12:00:00,139.33,Approved,42.47,2035.67
322102111065501,1948-07-31 12:00:00,144.85,Approved,44.15,2030.15
322102111065501,1948-08-26 12:00:00,146.12,Approved,44.54,2028.88
322102111065501,1948-10-01 12:00:00,146.55,Approved,44.67,2028.45
322102111065501,1948-10-25 12:00:00,145.37,Approved,44.31,2029.63
322102111065501,1948-11-26 12:00:00,143.4,Approved,43.71,2031.6
322102111065501,1949-01-26 12:00:00,141.0,Approved,42.98,2034.0
322102111065501,1949-09-26 12:00:00,148.6,Approved,45.29,2026.4
322102111065501,1949-12-16 12:00:00,143.29,Approved,43.67,2031.71
322102111065501,1950-02-07 12:00:00,140.7,Approved,42.89,2034.3
322102111065501,1950-04-19 12:00:00,140.83,Approved,42.92,2034.17
322102111065501,1950-09-26 12:00:00,142.1,Approved,43.31,2032.9
322102111065501,1950-11-30 12:00:00,139.59,Approved,42.55,2035.41
322102111065501,1951-02-28 12:00:00,136.37,Approved,41.57,2038.63
322102111065501,1951-12-17 12:00:00,144.75,Approved,44.12,2030.25
322102111065501,1952-02-20 12:00:00,141.02,Approved,42.98,2033.98
322102111065501,1952-05-23 12:00:00,143.54,Approved,43.75,2031.46
322102111065501,1952-08-13 12:00:00,148.41,Approved,45.24,2026.59
322102111065501,1952-12-04 12:00:00,147.06,Approved,44.82,2027.94
322102111065501,1953-02-02 12:00:00,143.16,Approved,43.64,2031.84
322102111065501,1953-04-22 12:00:00,143.47,Approved,43.73,2031.53
322102111065501,1953-07-06 12:00:00,147.5,Approved,44.96,2027.5
322102111065501,1953-10-21 12:00:00,150.47,Approved,45.86,2024.53
322102111065501,1954-02-10 12:00:00,144.64,Approved,44.09,2030.36
322102111065501,1954-05-05 12:00:00,145.76,Approved,44.43,2029.24
322102111065501,1954-08-26 12:00:00,153.4,Approved,46.76,2021.6
322102111065501,1954-11-03 12:00:00,145.82,Approved,44.45,2029.18
322102111065501,1955-01-05 12:00:00,142.75,Approved,43.51,2032.25
322102111065501,1955-03-24 12:00:00,140.53,Approved,42.83,2034.47
322102111065501,1955-07-07 12:00:00,146.4,Approved,44.62,2028.6
322102111065501,1955-11-09 12:00:00,144.19,Approved,43.95,2030.81
322102111065501,1956-01-04 12:00:00,140.33,Approved,42.77,2034.67
322102111065501,1956-04-10 12:00:00,139.97,Approved,42.66,2035.03
322102111065501,1956-08-07 12:00:00,145.0,Approved,44.2,2030.0
322102111065501,1957-01-31 12:00:00,144.0,Approved,43.89,2031.0
322102111065501,1957-07-26 12:00:00,148.77,Approved,45.35,2026.23
322102111065501,1957-12-27 12:00:00,145.1,Approved,44.23,2029.9
322102111065501,1959-01-30 12:00:00,139.43,Approved,42.5,2035.57
322102111065501,1960-01-06 12:00:00,142.55,Approved,43.45,2032.45
322102111065501,1961-02-03 12:00:00,143.59,Approved,43.77,2031.41
322102111065501,1962-02-20 12:00:00,142.61,Approved,43.47,2032.39
322102111065501,1963-02-27 12:00:00,145.33,Approved,44.3,2029.67
322102111065501,1964-02-27 12:00:00,142.92,Approved,43.56,2032.08
322102111065501,1965-01-18 12:00:00,141.82,Approved,43.23,2033.18
322102111065501,1967-03-20 12:00:00,137.05,Approved,41.77,2037.95
322227111055901,1942-04-26 12:00:00,92.5,Approved,28.19,2046.5
322227111055901,1942-05-14 12:00:00,92.4,Approved,28.16,2046.6
322227111055901,1942-09-12 12:00:00,99.4,Approved,30.3,2039.6
322227111055901,1942-10-01 12:00:00,97.3,Approved,29.66,2041.7
322227111055901,1942-10-03 12:00:00,97.3,Approved,29.66,2041.7
322227111055901,1942-11-01 12:00:00,95.2,Approved,29.02,2043.8
322227111055901,1942-12-04 12:00:00,92.87,Approved,28.31,2046.13
322227111055901,1943-01-03 12:00:00,93.18,Approved,28.4,2045.82
322227111055901,1943-08-25 12:00:00,99.78,Approved,30.41,2039.22
322227111055901,1943-09-30 12:00:00,100.67,Approved,30.68,2038.33
322227111055901,1944-01-21 12:00:00,98.0,Approved,29.87,2041.0
322227111055901,1944-07-25 12:00:00,103.5,Approved,31.55,2035.5
322227111055901,1944-08-14 12:00:00,101.5,Approved,30.94,2037.5
322227111055901,1944-11-10 12:00:00,97.67,Approved,29.77,2041.33
322227111055901,1944-12-09 12:00:00,95.5,Approved,29.11,2043.5
322227111055901,1945-08-12 12:00:00,92.5,Approved,28.19,2046.5
322227111055901,1945-09-25 12:00:00,102.1,Approved,31.12,2036.9
322227111055901,1946-01-11 12:00:00,101.1,Approved,30.82,2037.9
322227111055901,1948-01-23 12:00:00,102.5,Approved,31.24,2036.5
322227111055901,1948-05-18 12:00:00,106.23,Approved,32.38,2032.77
322227111055901,1948-10-01 12:00:00,112.18,Approved,34.19,2026.82
322227111055901,1949-01-21 12:00:00,105.63,Approved,32.2,2033.37
322227111055901,1949-10-04 12:00:00,112.48,Approved,34.28,2026.52
322227111055901,1950-01-20 12:00:00,106.19,Approved,32.37,2032.81
322227111055901,1951-02-15 12:00:00,102.27,Approved,31.17,2036.73
322227111055901,1952-01-07 12:00:00,108.09,Approved,32.95,2030.91
322227111055901,1953-01-27 12:00:00,108.28,Approved,33.0,2030.72
322227111055901,1954-01-19 12:00:00,109.61,Approved,33.41,2029.39
322227111055901,1955-01-19 12:00:00,107.2,Approved,32.67,2031.8
322227111055901,1956-01-19 12:00:00,105.78,Approved,32.24,2033.22
322227111055901,1957-01-24 12:00:00,109.42,Approved,33.35,2029.58
322227111055901,1958-01-15 12:00:00,109.18,Approved,33.28,2029.82
322227111055901,1959-01-16 12:00:00,105.93,Approved,32.29,2033.07
322227111055901,1960-01-18 12:00:00,107.51,Approved,32.77,2031.49
322227111055901,1960-05-02 12:00:00,109.58,Approved,33.4,2029.42
322227111055901,1961-01-17 12:00:00,109.69,Approved,33.43,2029.31
322227111055901,1962-01-01 12:00:00,111.12,Approved,33.87,2027.88
322227111055901,1963-01-18 12:00:00,112.85,Approved,34.4,2026.15
322227111055901,1964-01-16 12:00:00,115.23,Approved,35.12,2023.77
322227111055901,1965-01-01 12:00:00,106.77,Approved,32.54,2032.23
322227111055901,1966-02-01 12:00:00,104.39,Approved,31.82,2034.61
322227111055901,1967-01-01 12:00:00,101.9,Approved,31.06,2037.1
322227111055901,1968-01-24 12:00:00,99.77,Approved,30.41,2039.23
322227111055901,1969-02-14 12:00:00,100.4,Approved,30.6,2038.6
322227111055901,1969-12-18 12:00:00,107.91,Approved,32.89,2031.09
322227111055901,1970-12-17 12:00:00,107.4,Approved,32.74,2031.6
322227111055901,1972-01-10 12:00:00,101.9,Approved,31.06,2037.1
322227111055901,1973-01-31 12:00:00,97.19,Approved,29.62,2041.81
322227111055901,1974-01-02 12:00:00,101.5,Approved,30.94,2037.5
322227111055901,1975-02-25 12:00:00,106.8,Approved,32.55,2032.2
322227111055901,1976-01-28 12:00:00,109.5,Approved,33.38,2029.5
322227111055901,1976-12-09 12:00:00,120.4,Approved,36.7,2018.6
322227111055901,1977-12-20 12:00:00,127.9,Approved,38.98,2011.1
322227111055901,1979-12-19 12:00:00,117.2,Approved,35.72,2021.8
322227111055901,1980-12-17 12:00:00,125.0,Approved,38.1,2014.0
322227111055901,1982-01-27 12:00:00,134.0,Approved,40.84,2005.0
322227111055901,1983-01-04 12:00:00,130.7,Approved,39.84,2008.3
322227111055901,1983-12-05 12:00:00,122.8,Approved,37.43,2016.2
322227111055901,1983-12-31 12:00:00,122.8,Approved,37.43,2016.2
322227111055901,1984-12-10 12:00:00,107.1,Approved,32.64,2031.9
322227111055901,1985-06-20 12:00:00,104.5,Approved,31.85,2034.5
322227111055901,1985-12-02 12:00:00,105.4,Approved,32.13,2033.6
322227111055901,1986-01-01 12:00:00,105.4,Approved,32.13,2033.6
322227111055901,1986-05-28 12:00:00,108.9,Approved,33.19,2030.1
322227111055901,1986-12-08 12:00:00,106.2,Approved,32.37,2032.8
322227111055901,1987-06-05 12:00:00,115.2,Approved,35.11,2023.8
322227111055901,1987-11-30 12:00:00,119.1,Approved,36.3,2019.9
322227111055901,1988-06-07 12:00:00,124.2,Approved,37.86,2014.8
322227111055901,1988-12-07 12:00:00,119.3,Approved,36.36,2019.7
322227111055901,1989-11-28 12:00:00,131.2,Approved,39.99,2007.8
322227111055901,1990-12-11 12:00:00,119.65,Approved,36.47,2019.35
322227111055901,1991-12-09 12:00:00,115.1,Approved,35.08,2023.9
322227111055901,1992-11-30 12:00:00,114.5,Approved,34.9,2024.5
322227111055901,1993-12-06 12:00:00,98.0,Approved,29.87,2041.0
322227111055901,1995-01-23 12:00:00,105.2,Approved,32.06,2033.8
322227111055901,1995-11-27 12:00:00,103.0,Approved,31.39,2036.0
322227111055901,1996-11-04 12:00:00,114.9,Approved,35.02,2024.1
322227111055901,1997-11-03 12:00:00,125.9,Approved,38.37,2013.1
322227111055901,1998-12-01 12:00:00,123.8,Approved,37.73,2015.2
322227111055901,1999-11-15 12:00:00,122.6,Approved,37.37,2016.4
322227111055901,2000-11-27 12:00:00,124.5,Approved,37.95,2014.5
322248111003701,1936-07-29 12:00:00,193.41,Approved,58.95,2228.59
322248111003701,1937-09-24 12:00:00,194.16,Approved,59.18,2227.84
322248111003701,1937-12-30 12:00:00,194.45,Approved,59.27,2227.55
322248111003701,1938-02-26 12:00:00,194.69,Approved,59.34,2227.31
322248111003701,1938-08-08 12:00:00,194.88,Approved,59.4,2227.12
322248111003701,1938-10-07 12:00:00,195.0,Approved,59.44,2227.0
322248111003701,1939-03-04 12:00:00,195.35,Approved,59.54,2226.65
322248111003701,1939-07-18 12:00:00,195.66,Approved,59.64,2226.34
322248111003701,1939-09-29 12:00:00,195.97,Approved,59.73,2226.03
322248111003701,1940-02-09 12:00:00,196.26,Approved,59.82,2225.74
322248111003701,1940-10-01 12:00:00,196.67,Approved,59.95,2225.33
322248111003701,1941-03-26 12:00:00,197.06,Approved,60.06,2224.94
322248111003701,1941-10-09 12:00:00,196.97,Approved,60.04,2225.03
322248111003701,1942-02-23 12:00:00,197.33,Approved,60.15,2224.67
322248111003701,1942-10-09 12:00:00,197.99,Approved,60.35,2224.01
322248111003701,1943-03-08 12:00:00,198.46,Approved,60.49,2223.54
322248111003701,1943-10-04 12:00:00,199.12,Approved,60.69,2222.88
322248111003701,1944-03-23 12:00:00,199.48,Approved,60.8,2222.52
322248111003701,1944-10-11 12:00:00,200.01,Approved,60.96,2221.99
322248111003701,1945-03-16 12:00:00,200.64,Approved,61.16,2221.36
322248111003701,1945-10-11 12:00:00,201.18,Approved,61.32,2220.82
322248111003701,1946-04-17 12:00:00,201.52,Approved,61.42,2220.48
322248111003701,1946-10-07 12:00:00,202.3,Approved,61.66,2219.7
322248111003701,1947-03-01 12:00:00,202.7,Approved,61.78,2219.3
322248111003701,1947-09-22 12:00:00,203.15,Approved,61.92,2218.85
322248111003701,1948-01-29 12:00:00,203.76,Approved,62.11,2218.24
322248111003701,1948-08-16 12:00:00,204.47,Approved,62.32,2217.53
322248111003701,1949-01-28 12:00:00,204.98,Approved,62.48,2217.02
322248111003701,1949-09-27 12:00:00,205.9,Approved,62.76,2216.1
322248111003701,1950-02-03 12:00:00,206.5,Approved,62.94,2215.5
322248111003701,1952-05-07 12:00:00,210.23,Approved,64.08,2211.77
322248111003701,1953-04-29 12:00:00,213.9,Approved,65.2,2208.1
322248111003701,1954-05-10 12:00:00,215.72,Approved,65.75,2206.28
322248111003701,1954-08-27 12:00:00,216.74,Approved,66.06,2205.26
322248111003701,1954-09-29 12:00:00,216.54,Approved,66.0,2205.46
322248111003701,1954-10-27 12:00:00,216.62,Approved,66.03,2205.38
322248111003701,1954-11-22 12:00:00,216.93,Approved,66.12,2205.07
322248111003701,1955-01-24 12:00:00,216.9,Approved,66.11,2205.1
322248111003701,1955-03-22 12:00:00,214.2,Approved,65.29,2207.8
322248111003701,1955-04-26 12:00:00,217.68,Approved,66.35,2204.32
322248111003701,1955-05-09 12:00:00,217.23,Approved,66.21,2204.77
322248111003701,1955-06-10 12:00:00,217.73,Approved,66.36,2204.27
322248111003701,1955-07-26 12:00:00,218.23,Approved,66.52,2203.77
322248111003701,1955-09-01 12:00:00,218.82,Approved,66.7,2203.18
322248111003701,1955-09-30 12:00:00,218.32,Approved,66.54,2203.68
322248111003701,1955-10-26 12:00:00,218.88,Approved,66.71,2203.12
322248111003701,1955-11-25 12:00:00,218.01,Approved,66.45,2203.99
322248111003701,1955-12-27 12:00:00,218.2,Approved,66.51,2203.8
322248111003701,1956-01-25 12:00:00,218.17,Approved,66.5,2203.83
322248111003701,1956-02-09 12:00:00,217.0,Approved,66.14,2205.0
322248111003701,1956-03-20 12:00:00,217.69,Approved,66.35,2204.31
322248111003701,1956-04-17 12:00:00,218.1,Approved,66.48,2203.9
322248111003701,1956-06-20 12:00:00,218.54,Approved,66.61,2203.46
322248111003701,1956-08-03 12:00:00,219.05,Approved,66.77,2202.95
322248111003701,1956-10-10 12:00:00,219.31,Approved,66.85,2202.69
322248111003701,1957-06-14 12:00:00,220.27,Approved,67.14,2201.73
322248111003701,1958-01-21 12:00:00,221.31,Approved,67.46,2200.69
322248111003701,1958-09-04 12:00:00,224.7,Approved,68.49,2197.3
322248111003701,1959-04-20 12:00:00,222.95,Approved,67.96,2199.05
322248111003701,1960-04-27 12:00:00,224.63,Approved,68.47,2197.37
322248111003701,1961-04-19 12:00:00,226.0,Approved,68.88,2196.0
322248111003701,1962-04-10 12:00:00,227.12,Approved,69.23,2194.88
322248111003701,1963-04-24 12:00:00,228.02,Approved,69.5,2193.98
322248111003701,1964-04-23 12:00:00,230.13,Approved,70.14,2191.87
322248111003701,1965-04-30 12:00:00,231.0,Approved,70.41,2191.0
322248111003701,1969-04-01 12:00:00,234.1,Approved,71.35,2187.9
322248111003701,1970-04-07 12:00:00,238.2,Approved,72.6,2183.8
322248111003701,1971-04-06 12:00:00,240.3,Approved,73.24,2181.7
322248111003701,1977-04-01 12:00:00,248.2,Approved,75.65,2173.8
322248111003701,1978-04-01 12:00:00,248.65,Approved,75.79,2173.35
322248111003701,1979-04-01 12:00:00,250.2,Approved,76.26,2171.8
322248111003701,1981-12-30 12:00:00,250.3,Approved,76.29,2171.7
322248111003701,1984-01-04 12:00:00,250.9,Approved,76.47,2171.1
322248111003701,1984-01-11 12:00:00,250.8,Approved,76.44,2171.2
322248111003701,1984-12-10 12:00:00,251.1,Approved,76.54,2170.9
322248111003701,1985-06-20 12:00:00,251.2,Approved,76.57,2170.8
322248111003701,1985-12-05 12:00:00,251.5,Approved,76.66,2170.5
322248111003701,1986-05-27 12:00:00,251.8,Approved,76.75,2170.2
322248111003701,1986-12-08 12:00:00,253.1,Approved,77.14,2168.9
322248111003701,1987-06-03 12:00:00,253.4,Approved,77.24,2168.6
322248111003701,1987-12-02 12:00:00,254.6,Approved,77.6,2167.4
322248111003701,1988-06-03 12:00:00,255.7,Approved,77.94,2166.3
322248111003701,1988-12-09 12:00:00,256.6,Approved,78.21,2165.4
322248111003701,1989-11-29 12:00:00,256.5,Approved,78.18,2165.5
322248111003701,1990-12-11 12:00:00,254.85,Approved,77.68,2167.15
322248111003701,1991-12-09 12:00:00,254.4,Approved,77.54,2167.6
322248111003701,1992-11-29 12:00:00,254.4,Approved,77.54,2167.6
322248111003701,1993-12-06 12:00:00,253.9,Approved,77.39,2168.1
322329111072501,1939-09-15 12:00:00,83.62,Approved,25.49,2003.38
322329111072501,1939-09-27 12:00:00,83.22,Approved,25.37,2003.78
322329111072501,1939-11-13 12:00:00,79.69,Approved,24.29,2007.31
322329111072501,1939-12-30 12:00:00,76.58,Approved,23.34,2010.42
322329111072501,1940-02-20 12:00:00,74.71,Approved,22.77,2012.29
322329111072501,1940-03-19 12:00:00,75.19,Approved,22.92,2011.81
322329111072501,1940-05-02 12:00:00,80.19,Approved,24.44,2006.81
322329111072501,1940-05-31 12:00:00,79.86,Approved,24.34,2007.14
322329111072501,1940-07-19 12:00:00,85.93,Approved,26.19,2001.07
322329111072501,1940-10-10 12:00:00,82.43,Approved,25.12,2004.57
322329111072501,1940-11-07 12:00:00,81.86,Approved,24.95,2005.14
322329111072501,1940-12-26 12:00:00,79.99,Approved,24.38,2007.01
322329111072501,1941-02-05 12:00:00,75.09,Approved,22.89,2011.91
322329111072501,1941-03-24 12:00:00,70.87,Approved,21.6,2016.13
322329111072501,1941-04-28 12:00:00,78.62,Approved,23.96,2008.38
322329111072501,1941-06-04 12:00:00,81.7,Approved,24.9,2005.3
322329111072501,1941-07-10 12:00:00,89.74,Approved,27.35,1997.26
322329111072501,1941-08-13 12:00:00,86.38,Approved,26.33,2000.62
322329111072501,1941-09-30 12:00:00,85.9,Approved,26.18,2001.1
322329111072501,1941-11-12 12:00:00,82.12,Approved,25.03,2004.88
322329111072501,1941-12-26 12:00:00,82.75,Approved,25.22,2004.25
322329111072501,1942-03-05 12:00:00,80.53,Approved,24.55,2006.47
322329111072501,1942-03-27 12:00:00,88.08,Approved,26.85,1998.92
322329111072501,1942-04-29 12:00:00,90.51,Approved,27.59,1996.49
322329111072501,1942-06-01 12:00:00,87.53,Approved,26.68,1999.47
322329111072501,1942-06-30 12:00:00,94.98,Approved,28.95,1992.02
322329111072501,1942-07-28 12:00:00,98.37,Approved,29.98,1988.63
322329111072501,1942-08-24 12:00:00,100.48,Approved,30.63,1986.52
322329111072501,1942-09-28 12:00:00,95.4,Approved,29.08,1991.6
322329111072501,1942-10-30 12:00:00,90.56,Approved,27.6,1996.44
322329111072501,1942-11-30 12:00:00,87.79,Approved,26.76,1999.21
322329111072501,1942-12-22 12:00:00,87.11,Approved,26.55,1999.89
322329111072501,1943-01-29 12:00:00,90.2,Approved,27.49,1996.8
322329111072501,1943-01-30 12:00:00,90.31,Approved,27.53,1996.69
322329111072501,1943-02-27 12:00:00,94.43,Approved,28.78,1992.57
322329111072501,1943-03-29 12:00:00,93.8,Approved,28.59,1993.2
322329111072501,1943-04-14 12:00:00,96.99,Approved,29.56,1990.01
322329111072501,1943-04-28 12:00:00,95.4,Approved,29.08,1991.6
322329111072501,1943-05-31 12:00:00,99.46,Approved,30.32,1987.54
322329111072501,1943-06-29 12:00:00,98.8,Approved,30.11,1988.2
322329111072501,1943-07-29 12:00:00,101.83,Approved,31.04,1985.17
322329111072501,1943-08-31 12:00:00,95.63,Approved,29.15,1991.37
322329111072501,1943-09-28 12:00:00,95.13,Approved,29.0,1991.87
322329111072501,1943-10-27 12:00:00,91.98,Approved,28.04,1995.02
322329111072501,1943-11-03 12:00:00,91.91,Approved,28.01,1995.09
322329111072501,1943-11-29 12:00:00,90.57,Approved,27.61,1996.43
322329111072501,1943-12-29 12:00:00,91.19,Approved,27.79,1995.81
322329111072501,1944-01-15 12:00:00,92.65,Approved,28.24,1994.35
322329111072501,1944-01-27 12:00:00,92.87,Approved,28.31,1994.13
322329111072501,1944-02-01 12:00:00,92.3,Approved,28.13,1994.7
322329111072501,1944-02-28 12:00:00,92.87,Approved,28.31,1994.13
322329111072501,1944-03-29 12:00:00,96.22,Approved,29.33,1990.78
322329111072501,1944-04-27 12:00:00,93.02,Approved,28.35,1993.98
322329111072501,1944-05-29 12:00:00,91.44,Approved,27.87,1995.56
322329111072501,1944-06-27 12:00:00,97.88,Approved,29.83,1989.12
322329111072501,1944-07-18 12:00:00,100.34,Approved,30.58,1986.66
322329111072501,1944-07-28 12:00:00,100.79,Approved,30.72,1986.21
322329111072501,1944-08-27 12:00:00,99.73,Approved,30.4,1987.27
322329111072501,1944-09-26 12:00:00,96.07,Approved,29.28,1990.93
322329111072501,1944-10-24 12:00:00,93.35,Approved,28.45,1993.65
322329111072501,1944-11-28 12:00:00,91.02,Approved,27.74,1995.98
322329111072501,1944-12-26 12:00:00,89.01,Approved,27.13,1997.99
322329111072501,1945-01-26 12:00:00,87.78,Approved,26.76,1999.22
322329111072501,1945-02-22 12:00:00,86.7,Approved,26.43,2000.3
322329111072501,1945-03-26 12:00:00,86.38,Approved,26.33,2000.62
322329111072501,1945-04-23 12:00:00,93.09,Approved,28.37,1993.91
322329111072501,1945-05-28 12:00:00,94.71,Approved,28.87,1992.29
322329111072501,1945-07-30 12:00:00,101.7,Approved,31.0,1985.3
322329111072501,1946-03-06 12:00:00,92.06,Approved,28.06,1994.94
322329111072501,1946-04-25 12:00:00,102.71,Approved,31.31,1984.29
322329111072501,1946-06-18 12:00:00,102.19,Approved,31.15,1984.81
322329111072501,1946-07-24 12:00:00,106.93,Approved,32.59,1980.07
322329111072501,1946-08-28 12:00:00,109.45,Approved,33.36,1977.55
322329111072501,1946-10-11 12:00:00,100.9,Approved,30.75,1986.1
322329111072501,1946-12-02 12:00:00,96.08,Approved,29.29,1990.92
322329111072501,1946-12-26 12:00:00,95.48,Approved,29.1,1991.52
322329111072501,1947-02-18 12:00:00,92.14,Approved,28.08,1994.86
322329111072501,1947-03-31 12:00:00,99.49,Approved,30.32,1987.51
322329111072501,1947-04-29 12:00:00,105.56,Approved,32.17,1981.44
322329111072501,1947-07-14 12:00:00,121.35,Approved,36.99,1965.65
322329111072501,1947-08-27 12:00:00,119.23,Approved,36.34,1967.77
322329111072501,1947-09-25 12:00:00,106.86,Approved,32.57,1980.14
322329111072501,1947-10-29 12:00:00,102.13,Approved,31.13,1984.87
322329111072501,1948-01-07 12:00:00,96.25,Approved,29.34,1990.75
322329111072501,1948-05-21 12:00:00,105.9,Approved,32.28,1981.1
322329111072501,1948-07-31 12:00:00,122.88,Approved,37.45,1964.12
322329111072501,1948-08-25 12:00:00,123.33,Approved,37.59,1963.67
322329111072501,1948-10-01 12:00:00,108.92,Approved,33.2,1978.08
322329111072501,1948-10-25 12:00:00,105.62,Approved,32.19,1981.38
322329111072501,1948-11-26 12:00:00,102.9,Approved,31.36,1984.1
322329111072501,1949-01-26 12:00:00,99.6,Approved,30.36,1987.4
322329111072501,1949-09-26 12:00:00,109.55,Approved,33.39,1977.45
322329111072501,1949-12-16 12:00:00,102.15,Approved,31.14,1984.85
322329111072501,1950-02-07 12:00:00,99.2,Approved,30.24,1987.8
322329111072501,1950-09-26 12:00:00,102.05,Approved,31.1,1984.95
322329111072501,1950-11-30 12:00:00,98.81,Approved,30.12,1988.19
322329111072501,1951-02-28 12:00:00,94.29,Approved,28.74,1992.71
322329111072501,1951-12-17 12:00:00,117.22,Approved,35.73,1969.78
322329111072501,1952-02-20 12:00:00,99.45,Approved,30.31,1987.55
322329111072501,1952-05-23 12:00:00,107.24,Approved,32.69,1979.76
322329111072501,1952-08-13 12:00:00,115.49,Approved,35.2,1971.51
322329111072501,1952-12-09 12:00:00,116.34,Approved,35.46,1970.66
322329111072501,1953-02-02 12:00:00,103.29,Approved,31.48,1983.71
322329111072501,1953-04-22 12:00:00,121.6,Approved,37.06,1965.4
322329111072501,1953-07-06 12:00:00,115.77,Approved,35.29,1971.23
322329111072501,1953-10-21 12:00:00,116.94,Approved,35.64,1970.06
322329111072501,1954-02-10 12:00:00,105.61,Approved,32.19,1981.39
322329111072501,1954-05-05 12:00:00,111.08,Approved,33.86,1975.92
322329111072501,1954-08-26 12:00:00,110.63,Approved,33.72,1976.37
322329111072501,1955-01-03 12:00:00,103.01,Approved,31.4,1983.99
322329111072501,1955-03-24 12:00:00,106.5,Approved,32.46,1980.5
322329111072501,1955-07-07 12:00:00,110.77,Approved,33.76,1976.23
322329111072501,1955-11-14 12:00:00,103.23,Approved,31.46,1983.77
322329111072501,1956-01-04 12:00:00,106.76,Approved,32.54,1980.24
322329111072501,1956-04-10 12:00:00,103.88,Approved,31.66,1983.12
322329111072501,1956-08-07 12:00:00,114.5,Approved,34.9,1972.5
322329111072501,1957-01-29 12:00:00,105.05,Approved,32.02,1981.95
322329111072501,1957-07-26 12:00:00,113.05,Approved,34.46,1973.95
322329111072501,1957-12-27 12:00:00,105.7,Approved,32.22,1981.3
322329111072501,1959-01-30 12:00:00,99.85,Approved,30.43,1987.15
322329111072501,1960-01-06 12:00:00,102.44,Approved,31.22,1984.56
322329111072501,1961-02-03 12:00:00,104.72,Approved,31.92,1982.28
322329111072501,1962-02-20 12:00:00,106.21,Approved,32.37,1980.79
322329111072501,1962-10-16 12:00:00,121.15,Approved,36.93,1965.85
322329111072501,1963-01-31 12:00:00,110.4,Approved,33.65,1976.6
322329111072501,1965-01-15 12:00:00,102.0,Approved,31.09,1985.0
322329111072501,1966-02-01 12:00:00,101.02,Approved,30.79,1985.98
322329111072501,1967-03-20 12:00:00,98.35,Approved,29.98,1988.65
322329111072501,1968-01-24 12:00:00,95.84,Approved,29.21,1991.16
322329111072501,1969-02-14 12:00:00,94.2,Approved,28.71,1992.8
322329111072501,1969-12-18 12:00:00,102.53,Approved,31.25,1984.47
322329111072501,1970-12-17 12:00:00,104.58,Approved,31.88,1982.42
322329111072501,1972-01-10 12:00:00,97.15,Approved,29.61,1989.85
322329111072501,1973-01-31 12:00:00,100.49,Approved,30.63,1986.51
322329111072501,1974-01-02 12:00:00,93.57,Approved,28.52,1993.43
322329111072501,1975-02-19 12:00:00,91.35,Approved,27.84,1995.65
322329111072501,1977-12-20 12:00:00,124.3,Approved,37.89,1962.7
322331111045001,1932-03-25 12:00:00,245.61,Approved,74.86,2094.39
322331111045001,1932-05-10 12:00:00,245.61,Approved,74.86,2094.39
322331111045001,1932-07-01 12:00:00,244.17,Approved,74.42,2095.83
322331111045001,1932-08-11 12:00:00,243.89,Approved,74.34,2096.11
322331111045001,1932-09-10 12:00:00,243.88,Approved,74.33,2096.12
322331111045001,1932-10-22 12:00:00,243.57,Approved,74.24,2096.43
322331111045001,1932-12-11 12:00:00,243.41,Approved,74.19,2096.59
322331111045001,1933-02-17 12:00:00,243.08,Approved,74.09,2096.92
322331111045001,1933-04-16 12:00:00,242.66,Approved,73.96,2097.34
322331111045001,1933-05-27 12:00:00,242.49,Approved,73.91,2097.51
322331111045001,1933-07-05 12:00:00,242.24,Approved,73.83,2097.76
322331111045001,1933-09-23 12:00:00,241.94,Approved,73.74,2098.06
322331111045001,1933-11-04 12:00:00,241.93,Approved,73.74,2098.07
322331111045001,1934-01-12 12:00:00,241.53,Approved,73.62,2098.47
322331111045001,1934-03-03 12:00:00,241.35,Approved,73.56,2098.65
322331111045001,1934-07-03 12:00:00,240.9,Approved,73.43,2099.1
322331111045001,1934-09-04 12:00:00,241.3,Approved,73.55,2098.7
322331111045001,1934-10-17 12:00:00,241.5,Approved,73.61,2098.5
322331111045001,1934-12-03 12:00:00,241.82,Approved,73.71,2098.18
322331111045001,1935-02-11 12:00:00,241.3,Approved,73.55,2098.7
322331111045001,1935-03-29 12:00:00,242.27,Approved,73.84,2097.73
322331111045001,1935-04-29 12:00:00,243.1,Approved,74.1,2096.9
322331111045001,1935-06-28 12:00:00,243.36,Approved,74.18,2096.64
322331111045001,1936-05-16 12:00:00,243.23,Approved,74.14,2096.77
322331111045001,1936-07-28 12:00:00,243.3,Approved,74.16,2096.7
322331111045001,1937-08-09 12:00:00,245.75,Approved,74.9,2094.25
322331111045001,1938-08-09 12:00:00,246.35,Approved,75.09,2093.65
322331111045001,1938-09-30 12:00:00,247.62,Approved,75.47,2092.38
322331111045001,1939-03-04 12:00:00,247.26,Approved,75.36,2092.74
322331111045001,1939-07-18 12:00:00,246.61,Approved,75.17,2093.39
322331111045001,1939-09-29 12:00:00,247.96,Approved,75.58,2092.04
322331111045001,1940-02-09 12:00:00,248.29,Approved,75.68,2091.71
322331111045001,1940-10-01 12:00:00,248.78,Approved,75.83,2091.22
322331111045001,1941-03-26 12:00:00,246.73,Approved,75.2,2093.27
322331111045001,1941-10-10 12:00:00,249.59,Approved,76.08,2090.41
322331111045001,1942-10-14 12:00:00,254.09,Approved,77.45,2085.91
322331111045001,1943-03-10 12:00:00,252.7,Approved,77.02,2087.3
322331111045001,1943-10-06 12:00:00,253.2,Approved,77.18,2086.8
322331111045001,1944-10-12 12:00:00,255.9,Approved,78.0,2084.1
322331111045001,1949-02-22 12:00:00,262.32,Approved,79.96,2077.68
322331111045001,1949-10-07 12:00:00,263.5,Approved,80.31,2076.5
322331111045001,1950-02-18 12:00:00,264.4,Approved,80.59,2075.6
322331111045001,1951-02-15 12:00:00,264.86,Approved,80.73,2075.14
322331111045001,1952-01-07 12:00:00,266.05,Approved,81.09,2073.95
322331111045001,1953-01-27 12:00:00,267.55,Approved,81.55,2072.45
322331111045001,1954-01-19 12:00:00,268.91,Approved,81.96,2071.09
322331111045001,1955-01-19 12:00:00,273.34,Approved,83.31,2066.66
322331111045001,1956-01-19 12:00:00,271.26,Approved,82.68,2068.74
322331111045001,1958-01-15 12:00:00,273.68,Approved,83.42,2066.32
322331111045001,1959-01-19 12:00:00,272.58,Approved,83.08,2067.42
322331111045001,1961-01-01 12:00:00,276.52,Approved,84.28,2063.48
322331111045001,1962-01-01 12:00:00,274.89,Approved,83.79,2065.11
322331111045001,1963-01-18 12:00:00,275.56,Approved,83.99,2064.44
322331111045001,1964-01-16 12:00:00,277.02,Approved,84.44,2062.98
322331111045001,1965-01-22 12:00:00,277.48,Approved,84.58,2062.52
322331111045001,1966-02-01 12:00:00,277.82,Approved,84.68,2062.18
322331111045001,1967-01-01 12:00:00,277.71,Approved,84.65,2062.29
322331111045001,1968-01-24 12:00:00,277.6,Approved,84.61,2062.4
322331111045001,1969-01-23 12:00:00,276.4,Approved,84.25,2063.6
322331111045001,1970-02-02 12:00:00,276.4,Approved,84.25,2063.6
322331111045001,1971-01-14 12:00:00,278.35,Approved,84.84,2061.65
322331111045001,1977-01-01 12:00:00,285.2,Approved,86.93,2054.8
322331111045001,1978-01-01 12:00:00,286.95,Approved,87.46,2053.05
322331111045001,1979-02-01 12:00:00,288.45,Approved,87.92,2051.55
322409110571001,1947-09-22 12:00:00,139.24,Approved,42.44,2435.76
322409110571001,1948-01-01 12:00:00,140.0,Approved,42.67,2435.0
322409110571001,1948-08-16 12:00:00,142.09,Approved,43.31,2432.91
322409110571001,1949-02-25 12:00:00,143.17,Approved,43.64,2431.83
322409110571001,1949-09-29 12:00:00,145.61,Approved,44.38,2429.39
322409110571001,1950-03-03 12:00:00,146.12,Approved,44.54,2428.88
322409110571001,1951-05-03 12:00:00,149.55,Approved,45.58,2425.45
322409110571001,1951-09-18 12:00:00,150.61,Approved,45.91,2424.39
322409110571001,1952-05-02 12:00:00,152.05,Approved,46.34,2422.95
322409110571001,1953-04-30 12:00:00,158.14,Approved,48.2,2416.86
322409110571001,1953-07-07 12:00:00,155.04,Approved,47.26,2419.96
322409110571001,1953-10-20 12:00:00,157.6,Approved,48.04,2417.4
322409110571001,1954-02-05 12:00:00,159.6,Approved,48.65,2415.4
322409110571001,1954-05-18 12:00:00,155.26,Approved,47.32,2419.74
322409110571001,1954-08-23 12:00:00,161.5,Approved,49.23,2413.5
322409110571001,1954-08-27 12:00:00,156.66,Approved,47.75,2418.34
322409110571001,1954-09-29 12:00:00,156.0,Approved,47.55,2419.0
322409110571001,1954-10-27 12:00:00,155.5,Approved,47.4,2419.5
322409110571001,1954-11-09 12:00:00,154.8,Approved,47.18,2420.2
322409110571001,1954-11-22 12:00:00,155.78,Approved,47.48,2419.22
322409110571001,1955-01-03 12:00:00,168.01,Approved,51.21,2406.99
322409110571001,1955-01-28 12:00:00,155.81,Approved,47.49,2419.19
322409110571001,1955-03-24 12:00:00,157.65,Approved,48.05,2417.35
322409110571001,1955-04-26 12:00:00,155.86,Approved,47.51,2419.14
322409110571001,1955-05-13 12:00:00,156.85,Approved,47.81,2418.15
322409110571001,1955-06-14 12:00:00,156.9,Approved,47.82,2418.1
322409110571001,1955-07-08 12:00:00,166.9,Approved,50.87,2408.1
322409110571001,1955-07-20 12:00:00,161.55,Approved,49.24,2413.45
322409110571001,1955-09-01 12:00:00,156.63,Approved,47.74,2418.37
322409110571001,1955-09-30 12:00:00,155.8,Approved,47.49,2419.2
322409110571001,1955-10-25 12:00:00,157.11,Approved,47.89,2417.89
322409110571001,1955-10-26 12:00:00,154.9,Approved,47.21,2420.1
322409110571001,1955-11-25 12:00:00,155.05,Approved,47.26,2419.95
322409110571001,1955-12-27 12:00:00,155.11,Approved,47.28,2419.89
322409110571001,1956-01-03 12:00:00,155.32,Approved,47.34,2419.68
322409110571001,1956-02-14 12:00:00,156.65,Approved,47.75,2418.35
322409110571001,1956-06-20 12:00:00,156.17,Approved,47.6,2418.83
322409110571001,1956-08-03 12:00:00,156.27,Approved,47.63,2418.73
322409110571001,1956-08-14 12:00:00,154.1,Approved,46.97,2420.9
322409110571001,1957-03-06 12:00:00,156.89,Approved,47.82,2418.11
322409110571001,1957-06-14 12:00:00,157.61,Approved,48.04,2417.39
322409110571001,1957-07-18 12:00:00,168.25,Approved,51.28,2406.75
322409110571001,1957-12-23 12:00:00,186.23,Approved,56.76,2388.77
322409110571001,1958-05-21 12:00:00,159.33,Approved,48.56,2415.67
322409110571001,1959-01-30 12:00:00,166.61,Approved,50.78,2408.39
322409110571001,1959-04-17 12:00:00,165.45,Approved,50.43,2409.55
322409110571001,1960-04-27 12:00:00,164.73,Approved,50.21,2410.27
322409110571001,1961-01-31 12:00:00,159.87,Approved,48.73,2415.13
322409110571001,1965-01-22 12:00:00,164.57,Approved,50.16,2410.43
322409110571001,1967-06-01 12:00:00,152.4,Approved,46.45,2422.6
322648111114001,1937-05-31 12:00:00,179.45,Approved,54.7,1822.55
322648111114001,1937-06-01 12:00:00,179.45,Approved,54.7,1822.55
322648111114001,1937-06-13 12:00:00,179.88,Approved,54.83,1822.12
322648111114001,1937-08-04 12:00:00,180.35,Approved,54.97,1821.65
322648111114001,1937-09-17 12:00:00,180.95,Approved,55.15,1821.05
322648111114001,1937-10-08 12:00:00,180.85,Approved,55.12,1821.15
322648111114001,1937-10-29 12:00:00,180.9,Approved,55.14,1821.1
322648111114001,1937-11-05 12:00:00,180.9,Approved,55.14,1821.1
322648111114001,1937-12-09 12:00:00,180.9,Approved,55.14,1821.1
322648111114001,1938-01-26 12:00:00,180.9,Approved,55.14,1821.1
322648111114001,1938-02-10 12:00:00,180.9,Approved,55.14,1821.1
322648111114001,1938-03-10 12:00:00,181.2,Approved,55.23,1820.8
322648111114001,1938-04-30 12:00:00,182.0,Approved,55.47,1820.0
322648111114001,1938-05-18 12:00:00,182.19,Approved,55.53,1819.81
322648111114001,1938-06-28 12:00:00,182.7,Approved,55.69,1819.3
322648111114001,1938-09-02 12:00:00,183.35,Approved,55.89,1818.65
322648111114001,1938-10-01 12:00:00,183.57,Approved,55.95,1818.43
322648111114001,1938-12-30 12:00:00,183.17,Approved,55.83,1818.83
322648111114001,1939-01-31 12:00:00,183.08,Approved,55.8,1818.92
322648111114001,1939-07-06 12:00:00,187.94,Approved,57.28,1814.06
322648111114001,1939-08-07 12:00:00,188.91,Approved,57.58,1813.09
322648111114001,1939-09-07 12:00:00,188.49,Approved,57.45,1813.51
322648111114001,1939-10-02 12:00:00,186.42,Approved,56.82,1815.58
322648111114001,1939-12-15 12:00:00,187.84,Approved,57.25,1814.16
322648111114001,1940-01-31 12:00:00,186.1,Approved,56.72,1815.9
322648111114001,1940-03-02 12:00:00,186.4,Approved,56.81,1815.6
322648111114001,1940-08-16 12:00:00,192.78,Approved,58.76,1809.22
322648111114001,1940-09-18 12:00:00,191.98,Approved,58.52,1810.02
322648111114001,1940-12-03 12:00:00,188.11,Approved,57.34,1813.89
322648111114001,1941-01-03 12:00:00,188.39,Approved,57.42,1813.61
322648111114001,1941-02-01 12:00:00,187.71,Approved,57.21,1814.29
322648111114001,1941-03-02 12:00:00,187.21,Approved,57.06,1814.79
322648111114001,1941-03-26 12:00:00,186.81,Approved,56.94,1815.19
322648111114001,1941-07-26 12:00:00,192.78,Approved,58.76,1809.22
322648111114001,1941-09-29 12:00:00,192.26,Approved,58.6,1809.74
322648111114001,1941-10-25 12:00:00,189.79,Approved,57.85,1812.21
322648111114001,1941-12-15 12:00:00,188.17,Approved,57.35,1813.83
322648111114001,1942-01-28 12:00:00,187.24,Approved,57.07,1814.76
322648111114001,1942-04-26 12:00:00,186.64,Approved,56.89,1815.36
322648111114001,1942-09-12 12:00:00,190.08,Approved,57.94,1811.92
322648111114001,1942-10-03 12:00:00,188.6,Approved,57.49,1813.4
322648111114001,1942-11-01 12:00:00,189.0,Approved,57.61,1813.0
322648111114001,1942-12-04 12:00:00,187.16,Approved,57.05,1814.84
322648111114001,1943-01-05 12:00:00,186.5,Approved,56.85,1815.5
322648111114001,1943-02-25 12:00:00,186.2,Approved,56.75,1815.8
322648111114001,1943-09-30 12:00:00,193.35,Approved,58.93,1808.65
322648111114001,1944-01-31 12:00:00,190.25,Approved,57.99,1811.75
322648111114001,1944-10-01 12:00:00,194.5,Approved,59.28,1807.5
322648111114001,1944-11-10 12:00:00,192.3,Approved,58.61,1809.7
322648111114001,1944-12-09 12:00:00,191.6,Approved,58.4,1810.4
322648111114001,1945-02-06 12:00:00,192.1,Approved,58.55,1809.9
322648111114001,1945-03-19 12:00:00,194.99,Approved,59.43,1807.01
322648111114001,1945-10-13 12:00:00,196.59,Approved,59.92,1805.41
322648111114001,1946-01-11 12:00:00,193.9,Approved,59.1,1808.1
322648111114001,1946-02-13 12:00:00,193.45,Approved,58.96,1808.55
322648111114001,1946-05-09 12:00:00,197.06,Approved,60.06,1804.94
322648111114001,1946-09-25 12:00:00,199.0,Approved,60.66,1803.0
322648111114001,1946-10-29 12:00:00,196.0,Approved,59.74,1806.0
322648111114001,1946-11-29 12:00:00,195.2,Approved,59.5,1806.8
322648111114001,1946-12-31 12:00:00,194.6,Approved,59.31,1807.4
322648111114001,1947-01-01 12:00:00,195.0,Approved,59.44,1807.0
322648111114001,1947-10-07 12:00:00,198.93,Approved,60.63,1803.07
322648111114001,1948-01-26 12:00:00,196.88,Approved,60.01,1805.12
322648111114001,1948-10-01 12:00:00,200.8,Approved,61.2,1801.2
322648111114001,1948-11-29 12:00:00,198.83,Approved,60.6,1803.17
322648111114001,1949-01-19 12:00:00,198.35,Approved,60.46,1803.65
322648111114001,1949-01-26 12:00:00,198.2,Approved,60.41,1803.8
322648111114001,1949-09-25 12:00:00,208.4,Approved,63.52,1793.6
322648111114001,1949-10-03 12:00:00,207.77,Approved,63.33,1794.23
322648111114001,1950-01-20 12:00:00,203.79,Approved,62.12,1798.21
322648111114001,1950-09-25 12:00:00,211.4,Approved,64.43,1790.6
322648111114001,1950-10-02 12:00:00,209.9,Approved,63.98,1792.1
322648111114001,1950-12-27 12:00:00,208.0,Approved,63.4,1794.0
322648111114001,1951-01-01 12:00:00,207.12,Approved,63.13,1794.88
322648111114001,1951-09-01 12:00:00,222.9,Approved,67.94,1779.1
322648111114001,1951-12-01 12:00:00,214.6,Approved,65.41,1787.4
322648111114001,1952-01-21 12:00:00,213.56,Approved,65.09,1788.44
322648111114001,1952-10-25 12:00:00,225.5,Approved,68.73,1776.5
322648111114001,1952-12-16 12:00:00,222.5,Approved,67.82,1779.5
322648111114001,1953-01-26 12:00:00,220.7,Approved,67.27,1781.3
322648111114001,1953-09-01 12:00:00,233.6,Approved,71.2,1768.4
322648111114001,1953-12-22 12:00:00,230.24,Approved,70.18,1771.76
322648111114001,1954-09-01 12:00:00,237.5,Approved,72.39,1764.5
322648111114001,1954-10-01 12:00:00,236.6,Approved,72.12,1765.4
322648111114001,1955-10-01 12:00:00,242.5,Approved,73.91,1759.5
322648111114001,1955-12-16 12:00:00,238.31,Approved,72.64,1763.69
322648111114001,1956-12-05 12:00:00,243.56,Approved,74.24,1758.44
322648111114001,1956-12-18 12:00:00,252.15,Approved,76.86,1749.85
322648111114001,1957-12-01 12:00:00,248.8,Approved,75.83,1753.2
322648111114001,1959-12-10 12:00:00,258.67,Approved,78.84,1743.33
322648111114001,1960-10-07 12:00:00,266.7,Approved,81.29,1735.3
322648111114001,1960-11-08 12:00:00,264.2,Approved,80.53,1737.8
322648111114001,1960-12-12 12:00:00,263.22,Approved,80.23,1738.78
322648111114001,1961-10-10 12:00:00,271.9,Approved,82.88,1730.1
322648111114001,1961-11-05 12:00:00,270.6,Approved,82.48,1731.4
322648111114001,1961-12-04 12:00:00,269.7,Approved,82.2,1732.3
322648111114001,1962-11-07 12:00:00,279.2,Approved,85.1,1722.8
322648111114001,1962-12-01 12:00:00,276.88,Approved,84.39,1725.12
AZ014-320746110581201,1984-01-19 07:01:00,104.0,Approved,31.7,
AZ014-320746110581201,1984-01-19 12:00:00,96.5,Approved,29.41,
AZ014-320746110581201,1984-01-20 12:00:00,96.5,Approved,29.41,
AZ014-320746110581201,1985-07-15 07:01:00,100.31,Approved,30.57,
AZ014-320746110581201,1985-07-15 12:00:00,93.0,Approved,28.35,
AZ014-320746110581201,1985-10-17 07:01:00,98.88,Approved,30.14,
AZ014-320746110581201,1985-10-17 12:00:00,92.15,Approved,28.09,
AZ014-320746110581201,1986-02-20 07:01:00,101.21,Approved,30.85,
AZ014-320746110581201,1986-02-20 12:00:00,92.7,Approved,28.25,
AZ014-320746110581201,1986-05-27 07:01:00,99.35,Approved,30.28,
AZ014-320746110581201,1986-05-27 12:00:00,92.66,Approved,28.24,
AZ014-320746110581201,1986-08-28 07:01:00,99.72,Approved,30.39,
AZ014-320746110581201,1986-08-28 12:00:00,92.53,Approved,28.2,
AZ014-320746110581201,1986-11-20 07:01:00,98.86,Approved,30.13,
AZ014-320746110581201,1986-11-20 12:00:00,92.08,Approved,28.07,
AZ014-320746110581201,1986-12-23 12:00:00,92.5,Approved,28.19,
AZ014-320746110581201,1987-02-25 07:01:00,98.06,Approved,29.89,
AZ014-320746110581201,1987-02-25 12:00:00,92.14,Approved,28.08,
AZ014-320746110581201,1987-05-27 07:01:00,100.56,Approved,30.65,
AZ014-320746110581201,1987-05-27 12:00:00,90.83,Approved,27.68,
AZ014-320746110581201,1987-11-18 07:01:00,102.35,Approved,31.2,
AZ014-320746110581201,1987-11-18 12:00:00,94.89,Approved,28.92,
AZ014-320746110581201,1987-12-21 12:00:00,93.9,Approved,28.62,
AZ014-320746110581201,1988-03-01 07:01:00,102.87,Approved,31.35,
AZ014-320746110581201,1988-03-01 12:00:00,96.13,Approved,29.3,
AZ014-320746110581201,1988-03-02 07:01:00,102.87,Approved,31.35,
AZ014-320746110581201,1988-03-02 12:00:00,96.13,Approved,29.3,
AZ014-320746110581201,1988-05-24 07:01:00,102.13,Approved,31.13,
AZ014-320746110581201,1988-05-24 12:00:00,95.88,Approved,29.22,
AZ014-320746110581201,1988-08-10 07:01:00,105.06,Approved,32.02,
AZ014-320746110581201,1988-08-10 12:00:00,98.07,Approved,29.89,
AZ014-320746110581201,1988-10-18 07:01:00,103.79,Approved,31.64,
AZ014-320746110581201,1988-10-18 12:00:00,97.37,Approved,29.68,
AZ014-320746110581201,1989-01-23 07:01:00,103.58,Approved,31.57,
AZ014-320746110581201,1989-01-23 12:00:00,97.68,Approved,29.77,
AZ014-320746110581201,1989-04-25 07:01:00,103.88,Approved,31.66,
AZ014-320746110581201,1989-04-25 12:00:00,97.96,Approved,29.86,
AZ014-320746110581201,1992-02-26 12:00:00,96.4,Approved,29.38,
AZ014-320746110581201,1994-02-01 12:00:00,93.69,Approved,28.56,
AZ014-320746110581201,1995-01-30 12:00:00,94.19,Approved,28.71,
AZ014-320746110581201,1997-02-18 12:00:00,95.46,Approved,29.1,
AZ014-320746110581201,1997-12-26 12:00:00,97.6,Approved,29.75,
AZ014-320746110581201,1999-12-28 12:00:00,95.28,Approved,29.04,
AZ014-320746110581201,2001-02-13 12:00:00,95.3,Approved,29.05,
AZ014-320746110581201,2001-12-07 12:00:00,93.4,Approved,28.47,
AZ014-320746110581201,2003-02-25 12:00:00,93.0,Approved,28.35,
AZ014-320746110581201,2004-02-12 12:00:00,92.3,Approved,28.13,
AZ014-320746110581201,2004-12-01 12:00:00,92.0,Approved,28.04,
AZ014-320746110581201,2005-12-01 12:00:00,90.1,Approved,27.46,
AZ014-320746110581201,2009-03-11 20:32:00,85.76,Approved,26.14,
AZ014-320746110581201,2009-03-11 20:39:00,85.76,Approved,26.14,
AZ014-320845110583801,1983-10-20 12:00:00,101.5,Approved,30.94,
AZ014-320845110583801,1983-12-06 07:01:00,115.1,Approved,35.08,
AZ014-320845110583801,1983-12-06 12:00:00,102.4,Approved,31.21,
AZ014-320845110583801,1985-07-11 07:01:00,117.5,Approved,35.81,
AZ014-320845110583801,1985-07-11 12:00:00,100.3,Approved,30.57,
AZ014-320845110583801,1985-10-09 07:01:00,116.52,Approved,35.52,
AZ014-320845110583801,1985-10-09 12:00:00,99.48,Approved,30.32,
AZ014-320845110583801,1986-02-19 07:01:00,119.66,Approved,36.47,
AZ014-320845110583801,1986-02-19 12:00:00,99.42,Approved,30.3,
AZ014-320845110583801,1986-05-21 07:01:00,118.04,Approved,35.98,
AZ014-320845110583801,1986-05-21 12:00:00,99.7,Approved,30.39,
AZ014-320845110583801,1986-08-27 07:01:00,118.41,Approved,36.09,
AZ014-320845110583801,1986-08-27 12:00:00,100.08,Approved,30.5,
AZ014-320845110583801,1986-11-18 07:01:00,118.43,Approved,36.1,
AZ014-320845110583801,1986-11-18 12:00:00,99.95,Approved,30.46,
AZ014-320845110583801,1986-12-23 12:00:00,99.0,Approved,30.18,
AZ014-320845110583801,1987-02-24 07:01:00,116.57,Approved,35.53,
AZ014-320845110583801,1987-02-24 12:00:00,99.32,Approved,30.27,
AZ014-320845110583801,1987-05-24 07:01:00,118.22,Approved,36.03,
AZ014-320845110583801,1987-05-25 12:00:00,101.24,Approved,30.86,
AZ014-320845110583801,1987-11-16 07:01:00,118.16,Approved,36.02,
AZ014-320845110583801,1987-11-16 12:00:00,101.15,Approved,30.83,
AZ014-320845110583801,1987-12-21 12:00:00,99.7,Approved,30.39,
AZ014-320845110583801,1988-03-01 07:01:00,118.53,Approved,36.13,
AZ014-320845110583801,1988-03-01 12:00:00,101.62,Approved,30.97,
AZ014-320845110583801,1988-05-23 07:01:00,118.53,Approved,36.13,
AZ014-320845110583801,1988-05-23 12:00:00,101.6,Approved,30.97,
AZ014-320845110583801,1988-08-10 07:01:00,117.93,Approved,35.95,
AZ014-320845110583801,1988-08-10 12:00:00,101.75,Approved,31.01,
AZ014-320845110583801,1988-10-17 07:01:00,117.84,Approved,35.92,
AZ014-320845110583801,1988-10-17 12:00:00,101.87,Approved,31.05,
AZ014-320845110583801,1989-01-23 07:01:00,118.36,Approved,36.08,
AZ014-320845110583801,1989-01-23 12:00:00,102.1,Approved,31.12,
AZ014-320845110583801,1989-04-24 07:01:00,119.36,Approved,36.38,
AZ014-320845110583801,1989-04-24 12:00:00,103.1,Approved,31.42,
AZ014-320845110583801,1992-02-25 12:00:00,101.36,Approved,30.89,
AZ014-320845110583801,1994-02-01 12:00:00,99.5,Approved,30.33,
AZ014-320845110583801,1995-01-10 12:00:00,104.81,Approved,31.95,
AZ014-320845110583801,1996-12-30 12:00:00,114.75,Approved,34.98,
AZ014-320845110583801,1997-02-25 12:00:00,114.33,Approved,34.85,
AZ014-320845110583801,1997-12-24 12:00:00,114.53,Approved,34.91,
AZ014-320845110583801,1999-12-27 12:00:00,106.27,Approved,32.39,
AZ014-320845110583801,2000-11-12 12:00:00,111.6,Approved,34.02,
AZ014-320845110583801,2001-12-06 12:00:00,101.9,Approved,31.06,
AZ014-320845110583801,2003-02-25 12:00:00,111.4,Approved,33.95,
AZ014-320845110583801,2004-02-18 12:00:00,110.8,Approved,33.77,
AZ014-320845110583801,2005-01-10 12:00:00,108.9,Approved,33.19,
AZ014-320845110583801,2005-12-05 12:00:00,105.3,Approved,32.1,
AZ014-320845110583801,2009-01-21 16:48:00,109.32,Approved,33.32,
AZ014-320845110583801,2009-01-21 16:55:00,109.32,Approved,33.32,
AZ014-321504110523201,1985-12-13 12:00:00,208.7,Approved,63.61,
AZ014-321504110523201,1986-02-03 12:00:00,208.7,Approved,63.61,
AZ014-321504110523201,1986-03-03 12:00:00,208.8,Approved,63.64,
AZ014-321504110523201,1986-03-31 12:00:00,210.4,Approved,64.13,
AZ014-321504110523201,1986-05-01 12:00:00,209.6,Approved,63.89,
AZ014-321504110523201,1986-06-02 12:00:00,212.7,Approved,64.83,
AZ014-321504110523201,1986-07-02 12:00:00,212.8,Approved,64.86,
AZ014-321504110523201,1986-08-01 12:00:00,212.7,Approved,64.83,
AZ014-321504110523201,1986-09-02 12:00:00,212.5,Approved,64.77,
AZ014-321504110523201,1986-10-01 12:00:00,211.8,Approved,64.56,
AZ014-321504110523201,1986-11-03 12:00:00,213.5,Approved,65.07,
AZ014-321504110523201,1986-12-08 12:00:00,212.5,Approved,64.77,
AZ014-321504110523201,1987-01-02 12:00:00,212.4,Approved,64.74,
AZ014-321504110523201,1987-02-02 12:00:00,213.0,Approved,64.92,
AZ014-321504110523201,1987-03-02 12:00:00,214.0,Approved,65.23,
AZ014-321504110523201,1987-03-31 12:00:00,214.8,Approved,65.47,
AZ014-321504110523201,1987-05-01 12:00:00,214.5,Approved,65.38,
AZ014-321504110523201,1987-05-29 12:00:00,214.8,Approved,65.47,
AZ014-321504110523201,1987-07-01 12:00:00,217.9,Approved,66.42,
AZ014-321504110523201,1987-07-31 12:00:00,217.3,Approved,66.23,
AZ014-321504110523201,1987-08-31 12:00:00,217.8,Approved,66.39,
AZ014-321504110523201,1987-10-01 12:00:00,217.8,Approved,66.39,
AZ014-321504110523201,1987-11-02 12:00:00,217.8,Approved,66.39,
AZ014-321504110523201,1987-11-30 12:00:00,219.2,Approved,66.81,
AZ014-321504110523201,1987-12-31 12:00:00,231.0,Approved,70.41,
AZ014-321504110523201,1988-04-01 12:00:00,221.8,Approved,67.6,
AZ014-321504110523201,1988-05-02 12:00:00,223.9,Approved,68.24,
AZ014-321504110523201,1988-06-01 12:00:00,223.7,Approved,68.18,
AZ014-321504110523201,1988-08-01 12:00:00,224.5,Approved,68.43,
AZ014-321504110523201,1988-09-01 12:00:00,226.2,Approved,68.95,
AZ014-321504110523201,1988-10-28 12:00:00,227.4,Approved,69.31,
AZ014-321504110523201,1988-12-05 12:00:00,228.4,Approved,69.62,
AZ014-321504110523201,1989-02-01 12:00:00,228.7,Approved,69.71,
AZ014-321504110523201,1989-04-03 12:00:00,232.0,Approved,70.71,
AZ014-321504110523201,1989-05-01 12:00:00,232.4,Approved,70.84,
AZ014-321504110523201,1989-06-01 12:00:00,231.95,Approved,70.7,
AZ014-321504110523201,1989-07-03 12:00:00,234.2,Approved,71.38,
AZ014-321504110523201,1989-08-31 12:00:00,235.5,Approved,71.78,
AZ014-321504110523201,1989-10-02 12:00:00,237.5,Approved,72.39,
AZ014-321504110523201,1989-11-01 12:00:00,237.2,Approved,72.3,
AZ014-321504110523201,1989-12-01 12:00:00,237.9,Approved,72.51,
AZ014-321504110523201,1990-01-02 12:00:00,238.2,Approved,72.6,
AZ014-321504110523201,1990-02-02 12:00:00,281.1,Approved,85.68,
AZ014-321504110523201,1990-03-01 12:00:00,239.1,Approved,72.88,
AZ014-321504110523201,1990-04-02 12:00:00,240.0,Approved,73.15,
AZ014-321504110523201,1990-07-02 12:00:00,245.7,Approved,74.89,
AZ014-321504110523201,1990-10-01 12:00:00,246.4,Approved,75.1,
AZ014-321504110523201,1990-12-10 12:00:00,246.4,Approved,75.1,
AZ014-321504110523201,1991-02-28 12:00:00,245.35,Approved,74.78,
AZ014-321504110523201,1991-05-01 12:00:00,301.8,Approved,91.99,
AZ014-321504110523201,1991-08-02 12:00:00,251.3,Approved,76.6,
AZ014-321504110523201,1991-11-01 12:00:00,253.1,Approved,77.14,
AZ014-321504110523201,1992-02-10 12:00:00,252.9,Approved,77.08,
AZ014-321504110523201,1992-05-14 12:00:00,252.6,Approved,76.99,
AZ014-321504110523201,1992-08-12 12:00:00,255.4,Approved,77.85,
AZ014-321504110523201,1992-11-10 12:00:00,252.4,Approved,76.93,
AZ014-321504110523201,1993-02-16 12:00:00,252.8,Approved,77.05,
AZ014-321504110523201,1993-08-17 12:00:00,244.4,Approved,74.49,
AZ014-321504110523201,1994-11-17 12:00:00,280.1,Approved,85.37,
AZ014-321504110523201,1995-01-24 12:00:00,251.4,Approved,76.63,
AZ014-321555110533401,1985-12-11 12:00:00,93.4,Approved,28.47,
AZ014-321555110533401,1986-02-03 12:00:00,95.4,Approved,29.08,
AZ014-321555110533401,1986-03-03 12:00:00,96.0,Approved,29.26,
AZ014-321555110533401,1986-03-31 12:00:00,90.2,Approved,27.49,
AZ014-321555110533401,1986-05-01 12:00:00,159.6,Approved,48.65,
AZ014-321555110533401,1986-07-02 12:00:00,89.1,Approved,27.16,
AZ014-321555110533401,1986-08-01 12:00:00,91.0,Approved,27.74,
AZ014-321555110533401,1986-09-02 12:00:00,94.5,Approved,28.8,
AZ014-321555110533401,1986-11-03 12:00:00,96.3,Approved,29.35,
AZ014-321555110533401,1986-12-08 12:00:00,98.5,Approved,30.02,
AZ014-321555110533401,1987-01-02 12:00:00,100.6,Approved,30.66,
AZ014-321555110533401,1987-02-02 12:00:00,102.1,Approved,31.12,
AZ014-321555110533401,1987-03-02 12:00:00,103.9,Approved,31.67,
AZ014-321555110533401,1987-03-31 12:00:00,102.9,Approved,31.36,
AZ014-321555110533401,1987-05-29 12:00:00,162.8,Approved,49.62,
AZ014-321555110533401,1987-07-31 12:00:00,98.1,Approved,29.9,
AZ014-321555110533401,1987-11-02 12:00:00,106.5,Approved,32.46,
AZ014-321555110533401,1987-11-30 12:00:00,107.5,Approved,32.77,
AZ014-321555110533401,1987-12-31 12:00:00,109.3,Approved,33.31,
AZ014-321555110533401,1988-02-01 12:00:00,111.1,Approved,33.86,
AZ014-321555110533401,1988-02-29 12:00:00,111.4,Approved,33.95,
AZ014-321555110533401,1988-04-01 12:00:00,111.4,Approved,33.95,
AZ014-321555110533401,1988-05-02 12:00:00,111.4,Approved,33.95,
AZ014-321555110533401,1988-06-01 12:00:00,113.1,Approved,34.47,
AZ014-321555110533401,1988-07-01 12:00:00,214.0,Approved,65.23,
AZ014-321555110533401,1988-08-01 12:00:00,114.8,Approved,34.99,
AZ014-321555110533401,1988-09-30 12:00:00,118.6,Approved,36.15,
AZ014-321555110533401,1988-10-28 12:00:00,119.9,Approved,36.55,
AZ014-321555110533401,1988-12-05 12:00:00,120.8,Approved,36.82,
AZ014-321555110533401,1989-01-02 12:00:00,122.3,Approved,37.28,
AZ014-321555110533401,1989-02-01 12:00:00,123.4,Approved,37.61,
AZ014-321555110533401,1989-03-02 12:00:00,124.7,Approved,38.01,
AZ014-321555110533401,1989-04-03 12:00:00,126.1,Approved,38.44,
AZ014-321555110533401,1989-05-01 12:00:00,127.7,Approved,38.92,
AZ014-321555110533401,1989-06-01 12:00:00,129.2,Approved,39.38,
AZ014-321555110533401,1989-07-03 12:00:00,131.1,Approved,39.96,
AZ014-321555110533401,1989-08-01 12:00:00,133.2,Approved,40.6,
AZ014-321555110533401,1989-08-31 12:00:00,133.0,Approved,40.54,
AZ014-321555110533401,1989-10-02 12:00:00,134.8,Approved,41.09,
AZ014-321555110533401,1989-11-01 12:00:00,135.6,Approved,41.33,
AZ014-321555110533401,1989-12-01 12:00:00,137.4,Approved,41.88,
AZ014-321555110533401,1990-01-02 12:00:00,136.2,Approved,41.51,
AZ014-321555110533401,1990-02-02 12:00:00,136.7,Approved,41.67,
AZ014-321555110533401,1990-03-01 12:00:00,137.65,Approved,41.96,
AZ014-321555110533401,1990-04-02 12:00:00,137.9,Approved,42.03,
AZ014-321555110533401,1990-04-30 12:00:00,138.8,Approved,42.31,
AZ014-321555110533401,1990-06-01 12:00:00,140.0,Approved,42.67,
AZ014-321555110533401,1990-07-02 12:00:00,140.8,Approved,42.92,
AZ014-321555110533401,1990-07-27 12:00:00,141.1,Approved,43.01,
AZ014-321555110533401,1990-08-28 12:00:00,139.8,Approved,42.61,
AZ014-321555110533401,1990-10-01 12:00:00,133.8,Approved,40.78,
AZ014-321555110533401,1991-11-01 12:00:00,102.1,Approved,31.12,
AZ014-321555110533401,1992-02-10 12:00:00,108.6,Approved,33.1,
AZ014-321555110533401,1992-05-14 12:00:00,81.7,Approved,24.9,
AZ014-321555110533401,1992-08-12 12:00:00,87.0,Approved,26.52,
AZ014-321555110533401,1992-11-10 12:00:00,95.75,Approved,29.18,
AZ014-321555110533401,1993-01-11 12:00:00,98.2,Approved,29.93,
AZ014-321555110533401,1993-01-18 12:00:00,96.05,Approved,29.28,
AZ014-321555110533401,1993-01-25 12:00:00,93.1,Approved,28.38,
AZ014-321555110533401,1993-02-16 12:00:00,80.55,Approved,24.55,
AZ014-321555110533401,1993-03-03 12:00:00,72.8,Approved,22.19,
AZ014-321555110533401,1993-03-12 12:00:00,69.4,Approved,21.15,
AZ014-321555110533401,1993-03-31 12:00:00,64.5,Approved,19.66,
AZ014-321555110533401,1993-05-13 12:00:00,78.3,Approved,23.87,
AZ014-321555110533401,1993-11-16 12:00:00,89.4,Approved,27.25,
AZ014-321555110533401,1994-02-16 12:00:00,99.0,Approved,30.18,
AZ014-321555110533401,1994-05-16 12:00:00,103.8,Approved,31.64,
AZ014-321555110533401,1994-08-16 12:00:00,149.0,Approved,45.42,
AZ014-321555110533401,1994-11-17 12:00:00,115.4,Approved,35.17,
AZ014-321555110533401,1995-02-17 12:00:00,88.3,Approved,26.91,
AZ014-321555110533401,1995-05-12 12:00:00,73.9,Approved,22.52,
AZ014-321555110533401,1995-08-15 12:00:00,88.5,Approved,26.97,
AZ014-321555110533401,1995-11-16 12:00:00,98.7,Approved,30.08,
AZ014-321555110533401,1996-02-15 12:00:00,115.7,Approved,35.27,
AZ014-321555110533401,1996-05-15 12:00:00,115.7,Approved,35.27,
AZ014-321555110533401,1996-08-15 12:00:00,123.1,Approved,37.52,
AZ014-321555110533401,1996-11-18 12:00:00,127.6,Approved,38.89,
AZ014-321555110533401,1998-05-04 12:00:00,115.2,Approved,35.11,
AZ014-321555110533401,1998-05-18 12:00:00,109.6,Approved,33.41,
AZ014-321555110533401,1998-06-02 12:00:00,105.0,Approved,32.0,
AZ014-321555110533401,1998-06-17 12:00:00,102.6,Approved,31.27,
AZ014-321555110533401,1998-07-01 12:00:00,101.2,Approved,30.85,
AZ014-321555110533401,1998-08-18 12:00:00,100.2,Approved,30.54,
AZ014-321555110533401,1998-10-29 12:00:00,98.0,Approved,29.87,
AZ014-321555110533401,1998-12-03 12:00:00,100.2,Approved,30.54,
AZ014-321555110533401,1999-02-16 12:00:00,101.2,Approved,30.85,
AZ014-321555110533401,1999-05-20 12:00:00,112.8,Approved,34.38,
AZ014-321555110533401,1999-08-11 12:00:00,117.2,Approved,35.72,
AZ014-321555110534501,1985-12-11 12:00:00,103.9,Approved,31.67,
AZ014-321555110534501,1986-02-03 12:00:00,106.3,Approved,32.4,
AZ014-321555110534501,1986-03-03 12:00:00,107.5,Approved,32.77,
AZ014-321555110534501,1986-03-31 12:00:00,106.1,Approved,32.34,
AZ014-321555110534501,1986-05-01 12:00:00,100.5,Approved,30.63,
AZ014-321555110534501,1986-06-02 12:00:00,98.7,Approved,30.08,
AZ014-321555110534501,1986-07-02 12:00:00,98.9,Approved,30.14,
AZ014-321555110534501,1986-08-01 12:00:00,102.9,Approved,31.36,
AZ014-321555110534501,1986-09-02 12:00:00,105.6,Approved,32.19,
AZ014-321555110534501,1986-10-01 12:00:00,107.0,Approved,32.61,
AZ014-321555110534501,1986-11-03 12:00:00,108.4,Approved,33.04,
AZ014-321555110534501,1986-12-08 12:00:00,109.8,Approved,33.47,
AZ014-321555110534501,1987-01-02 12:00:00,111.2,Approved,33.89,
AZ014-321555110534501,1987-02-02 12:00:00,113.1,Approved,34.47,
AZ014-321555110534501,1987-03-02 12:00:00,114.4,Approved,34.87,
AZ014-321555110534501,1987-03-31 12:00:00,115.3,Approved,35.14,
AZ014-321555110534501,1987-05-01 12:00:00,112.9,Approved,34.41,
AZ014-321555110534501,1987-05-29 12:00:00,109.01,Approved,33.23,
AZ014-321555110534501,1987-07-01 12:00:00,108.9,Approved,33.19,
AZ014-321555110534501,1987-07-31 12:00:00,171.1,Approved,52.15,
AZ014-321555110534501,1987-08-31 12:00:00,112.0,Approved,34.14,
AZ014-321555110534501,1987-10-01 12:00:00,114.6,Approved,34.93,
AZ014-321555110534501,1987-11-02 12:00:00,116.7,Approved,35.57,
AZ014-321555110534501,1987-11-30 12:00:00,119.5,Approved,36.42,
AZ014-321555110534501,1987-12-31 12:00:00,131.1,Approved,39.96,
AZ014-321555110534501,1988-02-01 12:00:00,120.7,Approved,36.79,
AZ014-321555110534501,1988-02-29 12:00:00,122.0,Approved,37.19,
AZ014-321555110534501,1988-04-01 12:00:00,122.8,Approved,37.43,
AZ014-321555110534501,1988-05-02 12:00:00,123.2,Approved,37.55,
AZ014-321555110534501,1988-06-01 12:00:00,124.2,Approved,37.86,
AZ014-321555110534501,1988-07-01 12:00:00,177.4,Approved,54.07,
AZ014-321555110534501,1988-08-01 12:00:00,125.8,Approved,38.34,
AZ014-321555110534501,1988-09-01 12:00:00,123.0,Approved,37.49,
AZ014-321555110534501,1988-09-30 12:00:00,128.9,Approved,39.29,
AZ014-321555110534501,1988-10-28 12:00:00,129.6,Approved,39.5,
AZ014-321555110534501,1988-12-05 12:00:00,130.9,Approved,39.9,
AZ014-321555110534501,1989-01-02 12:00:00,132.3,Approved,40.33,
AZ014-321555110534501,1989-02-01 12:00:00,133.2,Approved,40.6,
AZ014-321555110534501,1989-03-02 12:00:00,135.5,Approved,41.3,
AZ014-321555110534501,1989-04-03 12:00:00,135.9,Approved,41.42,
AZ014-321555110534501,1989-05-01 12:00:00,144.3,Approved,43.98,
AZ014-321555110534501,1989-06-01 12:00:00,140.8,Approved,42.92,
AZ014-321555110534501,1989-07-03 12:00:00,143.0,Approved,43.59,
AZ014-321555110534501,1989-08-01 12:00:00,143.1,Approved,43.62,
AZ014-321555110534501,1989-08-31 12:00:00,143.1,Approved,43.62,
AZ014-321555110534501,1989-10-02 12:00:00,144.7,Approved,44.1,
AZ014-321555110534501,1989-11-01 12:00:00,145.3,Approved,44.29,
AZ014-321555110534501,1989-12-01 12:00:00,146.3,Approved,44.59,
AZ014-321555110534501,1990-01-02 12:00:00,150.2,Approved,45.78,
AZ014-321555110534501,1990-02-02 12:00:00,165.95,Approved,50.58,
AZ014-321555110534501,1990-03-01 12:00:00,150.1,Approved,45.75,
AZ014-321555110534501,1990-04-02 12:00:00,150.0,Approved,45.72,
AZ014-321555110534501,1990-04-30 12:00:00,151.7,Approved,46.24,
AZ014-321555110534501,1990-06-01 12:00:00,151.67,Approved,46.23,
AZ014-321555110534501,1990-07-02 12:00:00,156.7,Approved,47.76,
AZ014-321555110534501,1990-07-27 12:00:00,151.9,Approved,46.3,
AZ014-321555110534501,1990-08-28 12:00:00,157.15,Approved,47.9,
AZ014-321555110534501,1990-10-01 12:00:00,150.5,Approved,45.87,
AZ014-321555110534501,1990-11-01 12:00:00,173.4,Approved,52.85,
AZ014-321555110534501,1991-01-02 12:00:00,150.25,Approved,45.8,
AZ014-321555110534501,1991-02-01 12:00:00,145.4,Approved,44.32,
AZ014-321555110534501,1991-04-02 12:00:00,145.2,Approved,44.26,
AZ014-321555110534501,1991-08-02 12:00:00,137.7,Approved,41.97,
AZ014-321555110534501,1991-11-01 12:00:00,118.1,Approved,36.0,
AZ014-321555110534501,1992-02-10 12:00:00,127.9,Approved,38.98,
AZ014-321555110534501,1992-05-14 12:00:00,125.2,Approved,38.16,
AZ014-321555110534501,1992-08-12 12:00:00,130.1,Approved,39.65,
AZ014-321555110534501,1992-11-10 12:00:00,128.3,Approved,39.11,
AZ014-321555110534501,1993-02-16 12:00:00,106.0,Approved,32.31,
AZ014-321555110534501,1993-05-13 12:00:00,82.2,Approved,25.05,
AZ014-321555110534501,1993-08-17 12:00:00,131.6,Approved,40.11,
AZ014-321555110534501,1993-11-16 12:00:00,101.8,Approved,31.03,
AZ014-321555110534501,1994-02-16 12:00:00,112.0,Approved,34.14,
AZ014-321555110534501,1994-05-16 12:00:00,118.1,Approved,36.0,
AZ014-321555110534501,1994-08-16 12:00:00,124.65,Approved,37.99,
AZ014-321555110534501,1994-11-17 12:00:00,129.6,Approved,39.5,
AZ014-321555110534501,1995-02-17 12:00:00,117.7,Approved,35.87,
AZ014-321555110534501,1995-05-12 12:00:00,93.0,Approved,28.35,
AZ014-321555110534501,1995-08-15 12:00:00,103.0,Approved,31.39,
AZ014-321555110534501,1995-11-16 12:00:00,115.6,Approved,35.23,
AZ014-321555110534501,1996-05-15 12:00:00,129.6,Approved,39.5,
AZ014-321555110534501,1996-08-15 12:00:00,137.0,Approved,41.76,
AZ014-321555110534501,1996-11-18 12:00:00,143.4,Approved,43.71,
AZ014-321555110534501,1997-11-06 12:00:00,150.7,Approved,45.93,
AZ014-321555110534501,1998-05-07 12:00:00,160.4,Approved,48.89,
AZ014-321555110534501,1998-05-18 12:00:00,137.3,Approved,41.85,
AZ014-321555110534501,1998-06-02 12:00:00,132.9,Approved,40.51,
AZ014-321555110534501,1998-06-17 12:00:00,128.4,Approved,39.14,
AZ014-321555110534501,1998-07-01 12:00:00,125.3,Approved,38.19,
AZ014-321555110534501,1998-08-18 12:00:00,121.5,Approved,37.03,
AZ014-321555110534501,1998-10-29 12:00:00,116.6,Approved,35.54,
AZ014-321555110534501,1998-12-04 12:00:00,117.9,Approved,35.94,
AZ014-321555110534501,1999-02-16 12:00:00,123.3,Approved,37.58,
AZ014-321555110534501,1999-05-20 12:00:00,157.3,Approved,47.95,
AZ014-321555110534501,1999-08-11 12:00:00,152.8,Approved,46.57,
AZ014-321555110534501,2000-02-16 12:00:00,133.4,Approved,40.66,
AZ014-321555110534501,2000-08-16 12:00:00,93.2,Approved,28.41,
AZ014-321555110534501,2000-11-16 12:00:00,147.7,Approved,45.02,
AZ014-321555110534501,2001-02-15 12:00:00,141.1,Approved,43.01,
AZ014-321555110534501,2001-08-15 12:00:00,136.2,Approved,41.51,
AZ014-321558110523901,1985-12-11 12:00:00,26.7,Approved,8.14,
AZ014-321558110523901,1986-02-04 12:00:00,24.5,Approved,7.47,
AZ014-321558110523901,1986-03-03 12:00:00,18.8,Approved,5.73,
AZ014-321558110523901,1986-03-31 12:00:00,15.8,Approved,4.82,
AZ014-321558110523901,1986-05-01 12:00:00,17.5,Approved,5.33,
AZ014-321558110523901,1986-06-02 12:00:00,21.8,Approved,6.64,
AZ014-321558110523901,1986-07-02 12:00:00,27.1,Approved,8.26,
AZ014-321558110523901,1986-09-02 12:00:00,27.4,Approved,8.35,
AZ014-321558110523901,1986-10-01 12:00:00,25.1,Approved,7.65,
AZ014-321558110523901,1986-11-03 12:00:00,28.5,Approved,8.69,
AZ014-321558110523901,1986-12-08 12:00:00,30.8,Approved,9.39,
AZ014-321558110523901,1987-01-02 12:00:00,30.1,Approved,9.17,
AZ014-321558110523901,1987-02-02 12:00:00,30.9,Approved,9.42,
AZ014-321558110523901,1987-03-02 12:00:00,31.8,Approved,9.69,
AZ014-321558110523901,1987-03-31 12:00:00,21.6,Approved,6.58,
AZ014-321558110523901,1987-05-01 12:00:00,17.9,Approved,5.46,
AZ014-321558110523901,1987-05-29 12:00:00,21.21,Approved,6.46,
AZ014-321558110523901,1987-07-01 12:00:00,25.8,Approved,7.86,
AZ014-321558110523901,1987-07-31 12:00:00,31.0,Approved,9.45,
AZ014-321558110523901,1987-08-31 12:00:00,31.4,Approved,9.57,
AZ014-321558110523901,1987-10-01 12:00:00,33.0,Approved,10.06,
AZ014-321558110523901,1987-11-02 12:00:00,34.2,Approved,10.42,
AZ014-321558110523901,1987-11-30 12:00:00,35.3,Approved,10.76,
AZ014-321558110523901,1987-12-31 12:00:00,36.84,Approved,11.23,
AZ014-321558110523901,1988-02-01 12:00:00,37.5,Approved,11.43,
AZ014-321558110523901,1988-02-29 12:00:00,27.1,Approved,8.26,
AZ014-321558110523901,1988-04-01 12:00:00,26.9,Approved,8.2,
AZ014-321558110523901,1988-05-02 12:00:00,28.9,Approved,8.81,
AZ014-321558110523901,1988-06-01 12:00:00,31.5,Approved,9.6,
AZ014-321558110523901,1988-07-01 12:00:00,35.3,Approved,10.76,
AZ014-321558110523901,1988-08-01 12:00:00,37.6,Approved,11.46,
AZ014-321558110523901,1988-09-01 12:00:00,37.4,Approved,11.4,
AZ014-321558110523901,1988-09-30 12:00:00,33.3,Approved,10.15,
AZ014-321558110523901,1988-10-28 12:00:00,33.8,Approved,10.3,
AZ014-321558110523901,1988-12-05 12:00:00,37.0,Approved,11.28,
AZ014-321558110523901,1989-01-02 12:00:00,39.4,Approved,12.01,
AZ014-321558110523901,1989-02-01 12:00:00,45.0,Approved,13.72,
AZ014-321558110523901,1989-03-02 12:00:00,53.5,Approved,16.31,
AZ014-321558110523901,1989-04-03 12:00:00,51.1,Approved,15.58,
AZ014-321558110523901,1989-05-01 12:00:00,75.8,Approved,23.1,
AZ014-321558110523901,1989-06-01 12:00:00,99.0,Approved,30.18,
AZ014-321558110523901,1989-07-03 12:00:00,69.8,Approved,21.28,
AZ014-321558110523901,1989-08-01 12:00:00,92.1,Approved,28.07,
AZ014-321558110523901,1989-08-31 12:00:00,98.6,Approved,30.05,
AZ014-321558110523901,1989-10-02 12:00:00,53.0,Approved,16.15,
AZ014-321558110523901,1989-11-01 12:00:00,48.35,Approved,14.74,
AZ014-321558110523901,1989-12-01 12:00:00,49.95,Approved,15.22,
AZ014-321558110523901,1990-01-02 12:00:00,53.4,Approved,16.28,
AZ014-321558110523901,1990-02-02 12:00:00,57.5,Approved,17.53,
AZ014-321558110523901,1990-03-01 12:00:00,61.0,Approved,18.59,
AZ014-321558110523901,1990-04-02 12:00:00,62.4,Approved,19.02,
AZ014-321558110523901,1990-04-30 12:00:00,84.1,Approved,25.63,
AZ014-321558110523901,1990-06-01 12:00:00,92.1,Approved,28.07,
AZ014-321558110523901,1990-07-02 12:00:00,70.5,Approved,21.49,
AZ014-321558110523901,1990-07-27 12:00:00,63.3,Approved,19.29,
AZ014-321558110523901,1990-08-28 12:00:00,29.2,Approved,8.9,
AZ014-321558110523901,1990-10-01 12:00:00,27.6,Approved,8.41,
AZ014-321558110523901,1990-11-01 12:00:00,28.7,Approved,8.75,
AZ014-321558110523901,1990-12-10 12:00:00,30.4,Approved,9.27,
AZ014-321558110523901,1991-01-02 12:00:00,29.2,Approved,8.9,
AZ014-321558110523901,1991-02-01 12:00:00,21.35,Approved,6.51,
AZ014-321558110523901,1991-02-28 12:00:00,21.25,Approved,6.48,
AZ014-321558110523901,1991-04-02 12:00:00,16.1,Approved,4.91,
AZ014-321558110523901,1991-05-01 12:00:00,15.0,Approved,4.57,
AZ014-321558110523901,1991-06-03 12:00:00,18.45,Approved,5.62,
AZ014-321558110523901,1991-08-02 12:00:00,25.2,Approved,7.68,
AZ014-321558110523901,1991-11-01 12:00:00,32.15,Approved,9.8,
AZ014-321558110523901,1992-02-10 12:00:00,25.6,Approved,7.8,
AZ014-321558110523901,1992-05-14 12:00:00,16.2,Approved,4.94,
AZ014-321558110523901,1992-08-12 12:00:00,25.3,Approved,7.71,
AZ014-321558110523901,1992-11-11 12:00:00,29.6,Approved,9.02,
AZ014-321558110523901,1993-01-11 12:00:00,21.9,Approved,6.68,
AZ014-321558110523901,1993-01-18 12:00:00,18.25,Approved,5.56,
AZ014-321558110523901,1993-01-25 12:00:00,16.8,Approved,5.12,
AZ014-321558110523901,1993-02-16 12:00:00,14.8,Approved,4.51,
AZ014-321558110523901,1993-03-03 12:00:00,13.7,Approved,4.18,
AZ014-321558110523901,1993-03-12 12:00:00,13.4,Approved,4.08,
AZ014-321558110523901,1993-03-31 12:00:00,13.1,Approved,3.99,
AZ014-321558110523901,1993-05-13 12:00:00,15.3,Approved,4.66,
AZ014-321558110523901,1993-08-17 12:00:00,24.7,Approved,7.53,
AZ014-321558110523901,1993-11-16 12:00:00,29.45,Approved,8.98,
AZ014-321558110523901,1994-02-16 12:00:00,32.7,Approved,9.97,
AZ014-321558110523901,1994-05-16 12:00:00,29.0,Approved,8.84,
AZ014-321558110523901,1994-08-16 12:00:00,32.25,Approved,9.83,
AZ014-321558110523901,1994-11-17 12:00:00,34.55,Approved,10.53,
AZ014-321558110523901,1995-01-27 12:00:00,18.2,Approved,5.55,
AZ014-321558110523901,1995-02-17 12:00:00,17.3,Approved,5.27,
AZ014-321558110523901,1995-05-12 12:00:00,18.25,Approved,5.56,
AZ014-321558110523901,1995-08-15 12:00:00,29.0,Approved,8.84,
AZ014-321558110523901,1995-11-16 12:00:00,32.1,Approved,9.78,
AZ014-321558110523901,1996-02-15 12:00:00,37.4,Approved,11.4,
AZ014-321558110523901,1996-05-15 12:00:00,49.0,Approved,14.94,
AZ014-321558110523901,1996-08-15 12:00:00,57.7,Approved,17.59,
AZ014-321558110523901,1996-11-18 12:00:00,46.1,Approved,14.05,
AZ014-321558110523901,1997-11-06 12:00:00,36.6,Approved,11.16,
AZ014-321558110523901,1998-05-07 12:00:00,20.0,Approved,6.1,
AZ014-321558110523901,1998-05-18 12:00:00,19.1,Approved,5.82,
AZ014-321558110523901,1998-06-02 12:00:00,20.3,Approved,6.19,
AZ014-321558110523901,1998-06-17 12:00:00,21.7,Approved,6.61,
AZ014-321558110523901,1998-07-01 12:00:00,22.9,Approved,6.98,
AZ014-321558110523901,1998-08-17 12:00:00,22.6,Approved,6.89,
AZ014-321558110523901,1998-10-29 12:00:00,24.1,Approved,7.35,
AZ014-321558110523901,1998-12-04 12:00:00,26.8,Approved,8.17,
AZ014-321558110523901,1999-02-16 12:00:00,31.3,Approved,9.54,
AZ014-321558110523901,1999-05-20 12:00:00,35.3,Approved,10.76,
AZ014-321558110523901,1999-08-11 12:00:00,33.5,Approved,10.21,
AZ014-321558110523901,2000-02-16 12:00:00,33.9,Approved,10.33,
AZ014-321558110523901,2000-05-17 12:00:00,45.1,Approved,13.75,
AZ014-321558110523901,2000-08-16 12:00:00,55.6,Approved,16.95,
AZ014-321558110523901,2000-11-16 12:00:00,35.7,Approved,10.88,
AZ014-321558110523901,2001-02-15 12:00:00,28.6,Approved,8.72,
AZ014-321558110523901,2001-08-15 12:00:00,28.87,Approved,8.8,
AZ014-321558110523901,2002-02-19 12:00:00,45.93,Approved,14.0,
AZ014-321558110523901,2003-05-14 12:00:00,69.1,Approved,21.06,
AZ014-321558110523901,2003-08-18 12:00:00,64.42,Approved,19.64,
AZ014-321558110523901,2003-10-27 12:00:00,34.0,Approved,10.36,
AZ014-321558110523901,2004-02-18 12:00:00,45.0,Approved,13.72,
AZ014-321558110523901,2004-08-12 12:00:00,30.7,Approved,9.36,
AZ014-321558110523901,2005-01-24 12:00:00,27.9,Approved,8.5,
AZ014-321558110523901,2005-05-16 12:00:00,25.4,Approved,7.74,
AZ014-321558110523901,2006-01-13 12:00:00,34.7,Approved,10.58,
AZ014-321559110532301,1985-12-10 12:00:00,64.2,Approved,19.57,
AZ014-321559110532301,1987-11-02 12:00:00,78.4,Approved,23.9,
AZ014-321559110532301,1987-11-30 12:00:00,80.7,Approved,24.6,
AZ014-321559110532301,1987-12-31 12:00:00,83.1,Approved,25.33,
AZ014-321559110532301,1988-02-01 12:00:00,85.6,Approved,26.09,
AZ014-321559110532301,1988-02-29 12:00:00,76.0,Approved,23.16,
AZ014-321559110532301,1988-04-01 12:00:00,75.1,Approved,22.89,
AZ014-321559110532301,1988-05-02 12:00:00,76.4,Approved,23.29,
AZ014-321559110532301,1988-06-01 12:00:00,82.5,Approved,25.15,
AZ014-321559110532301,1988-07-01 12:00:00,85.6,Approved,26.09,
AZ014-321559110532301,1988-08-01 12:00:00,87.6,Approved,26.7,
AZ014-321559110532301,1988-09-01 12:00:00,89.0,Approved,27.13,
AZ014-321559110532301,1988-09-30 12:00:00,90.1,Approved,27.46,
AZ014-321559110532301,1988-10-28 12:00:00,91.8,Approved,27.98,
AZ014-321559110532301,1988-12-05 12:00:00,93.6,Approved,28.53,
AZ014-321559110532301,1989-01-02 12:00:00,95.0,Approved,28.96,
AZ014-321559110532301,1989-02-01 12:00:00,96.8,Approved,29.5,
AZ014-321559110532301,1989-03-02 12:00:00,98.5,Approved,30.02,
AZ014-321559110532301,1989-04-03 12:00:00,100.0,Approved,30.48,
AZ014-321559110532301,1989-05-01 12:00:00,101.4,Approved,30.91,
AZ014-321559110532301,1989-06-01 12:00:00,103.1,Approved,31.42,
AZ014-321559110532301,1989-07-03 12:00:00,105.05,Approved,32.02,
AZ014-321559110532301,1989-08-01 12:00:00,107.3,Approved,32.71,
AZ014-321559110532301,1989-08-31 12:00:00,106.3,Approved,32.4,
AZ014-321559110532301,1989-10-02 12:00:00,107.5,Approved,32.77,
AZ014-321559110532301,1989-11-01 12:00:00,108.0,Approved,32.92,
AZ014-321559110532301,1989-12-01 12:00:00,108.4,Approved,33.04,
AZ014-321559110532301,1990-01-02 12:00:00,109.7,Approved,33.44,
AZ014-321559110532301,1990-02-02 12:00:00,110.6,Approved,33.71,
AZ014-321559110532301,1990-03-01 12:00:00,111.0,Approved,33.83,
AZ014-321559110532301,1990-04-02 12:00:00,111.8,Approved,34.08,
AZ014-321559110532301,1990-04-30 12:00:00,112.5,Approved,34.29,
AZ014-321559110532301,1990-06-01 12:00:00,113.5,Approved,34.59,
AZ014-321559110532301,1990-07-02 12:00:00,112.6,Approved,34.32,
AZ014-321559110532301,1990-07-27 12:00:00,113.6,Approved,34.63,
AZ014-321559110532301,1990-08-28 12:00:00,89.0,Approved,27.13,
AZ014-321559110532301,1990-10-01 12:00:00,79.3,Approved,24.17,
AZ014-321559110532301,1990-11-01 12:00:00,81.4,Approved,24.81,
AZ014-321559110532301,1990-12-10 12:00:00,84.1,Approved,25.63,
AZ014-321559110532301,1991-01-02 12:00:00,83.8,Approved,25.54,
AZ014-321559110532301,1991-02-01 12:00:00,62.0,Approved,18.9,
AZ014-321559110532301,1991-02-28 12:00:00,60.6,Approved,18.47,
AZ014-321559110532301,1991-04-02 12:00:00,41.0,Approved,12.5,
AZ014-321559110532301,1991-05-01 12:00:00,34.08,Approved,10.39,
AZ014-321559110532301,1991-06-03 12:00:00,43.4,Approved,13.23,
AZ014-321559110532301,1991-08-02 12:00:00,52.25,Approved,15.93,
AZ014-321559110532301,1991-11-01 12:00:00,65.9,Approved,20.09,
AZ014-321559110532301,1992-02-10 12:00:00,66.4,Approved,20.24,
AZ014-321559110532301,1992-05-14 12:00:00,33.8,Approved,10.3,
AZ014-321559110532301,1992-08-12 12:00:00,50.7,Approved,15.45,
AZ014-321559110532301,1992-11-10 12:00:00,60.5,Approved,18.44,
AZ014-321559110532301,1993-01-11 12:00:00,48.2,Approved,14.69,
AZ014-321559110532301,1993-01-18 12:00:00,34.05,Approved,10.38,
AZ014-321559110532301,1993-01-25 12:00:00,28.05,Approved,8.55,
AZ014-321559110532301,1993-02-16 12:00:00,23.1,Approved,7.04,
AZ014-321559110532301,1993-03-03 12:00:00,20.8,Approved,6.34,
AZ014-321559110532301,1993-03-12 12:00:00,20.6,Approved,6.28,
AZ014-321559110532301,1993-03-31 12:00:00,19.37,Approved,5.9,
AZ014-321559110532301,1993-05-13 12:00:00,27.6,Approved,8.41,
AZ014-321559110532301,1993-08-17 12:00:00,48.9,Approved,14.9,
AZ014-321559110532301,1993-11-16 12:00:00,58.4,Approved,17.8,
AZ014-321559110532301,1994-02-16 12:00:00,68.7,Approved,20.94,
AZ014-321559110532301,1994-05-16 12:00:00,71.9,Approved,21.92,
AZ014-321559110532301,1994-08-16 12:00:00,80.3,Approved,24.48,
AZ014-321559110532301,1994-11-17 12:00:00,81.9,Approved,24.96,
AZ014-321559110532301,1995-02-17 12:00:00,25.7,Approved,7.83,
AZ014-321559110532301,1995-05-12 12:00:00,38.4,Approved,11.7,
AZ014-321559110532301,1995-08-15 12:00:00,56.6,Approved,17.25,
AZ014-321559110532301,1995-11-16 12:00:00,65.5,Approved,19.96,
AZ014-321559110532301,1996-02-16 12:00:00,78.2,Approved,23.84,
AZ014-321559110532301,1996-05-15 12:00:00,86.9,Approved,26.49,
AZ014-321559110532301,1996-08-15 12:00:00,95.2,Approved,29.02,
AZ014-321559110532301,1996-11-18 12:00:00,92.2,Approved,28.1,
AZ014-321559110532301,1997-11-06 12:00:00,101.4,Approved,30.91,
AZ014-321559110532301,1998-05-04 12:00:00,47.5,Approved,14.48,
AZ014-321559110532301,1998-05-18 12:00:00,46.3,Approved,14.11,
AZ014-321559110532301,1998-06-02 12:00:00,47.1,Approved,14.36,
AZ014-321559110532301,1998-06-17 12:00:00,50.6,Approved,15.42,
AZ014-321559110532301,1998-07-01 12:00:00,52.6,Approved,16.03,
AZ014-321559110532301,1998-08-18 12:00:00,51.8,Approved,15.79,
AZ014-321559110532301,1998-10-29 12:00:00,55.1,Approved,16.79,
AZ014-321559110532301,1998-12-03 12:00:00,59.4,Approved,18.11,
AZ014-321559110532301,1999-02-16 12:00:00,69.2,Approved,21.09,
AZ014-321604110525601,1988-09-13 12:00:00,65.49,Approved,19.96,
AZ014-321604110525601,1988-09-30 12:00:00,72.7,Approved,22.16,
AZ014-321604110525601,1988-10-28 12:00:00,69.0,Approved,21.03,
AZ014-321604110525601,1988-12-05 12:00:00,71.82,Approved,21.89,
AZ014-321604110525601,1989-01-02 12:00:00,74.1,Approved,22.59,
AZ014-321604110525601,1989-02-01 12:00:00,76.1,Approved,23.2,
AZ014-321604110525601,1989-02-16 12:00:00,77.1,Approved,23.5,
AZ014-321604110525601,1989-03-03 12:00:00,78.35,Approved,23.88,
AZ014-321604110525601,1989-04-03 12:00:00,81.05,Approved,24.7,
AZ014-321604110525601,1989-05-01 12:00:00,82.77,Approved,25.23,
AZ014-321604110525601,1989-06-01 12:00:00,84.95,Approved,25.89,
AZ014-321604110525601,1989-07-03 12:00:00,87.34,Approved,26.62,
AZ014-321604110525601,1989-08-01 12:00:00,89.55,Approved,27.29,
AZ014-321604110525601,1989-08-31 12:00:00,85.0,Approved,25.91,
AZ014-321604110525601,1989-10-02 12:00:00,86.7,Approved,26.43,
AZ014-321604110525601,1989-11-01 12:00:00,87.78,Approved,26.76,
AZ014-321604110525601,1989-12-01 12:00:00,89.3,Approved,27.22,
AZ014-321604110525601,1990-01-02 12:00:00,90.52,Approved,27.59,
AZ014-321604110525601,1990-02-02 12:00:00,92.16,Approved,28.09,
AZ014-321604110525601,1990-03-01 12:00:00,93.5,Approved,28.5,
AZ014-321604110525601,1990-04-02 12:00:00,94.9,Approved,28.93,
AZ014-321604110525601,1990-04-30 12:00:00,96.3,Approved,29.35,
AZ014-321604110525601,1990-06-01 12:00:00,98.1,Approved,29.9,
AZ014-321604110525601,1990-07-02 12:00:00,100.1,Approved,30.51,
AZ014-321604110525601,1990-07-27 12:00:00,84.83,Approved,25.86,
AZ014-321604110525601,1990-08-28 12:00:00,39.8,Approved,12.13,
AZ014-321604110525601,1990-10-01 12:00:00,43.65,Approved,13.3,
AZ014-321604110525601,1990-11-01 12:00:00,45.4,Approved,13.84,
AZ014-321604110525601,1990-11-30 12:00:00,47.9,Approved,14.6,
AZ014-321604110525601,1991-01-02 12:00:00,38.2,Approved,11.64,
AZ014-321604110525601,1991-02-01 12:00:00,27.53,Approved,8.39,
AZ014-321604110525601,1991-04-02 12:00:00,18.33,Approved,5.59,
AZ014-321604110525601,1991-05-01 12:00:00,18.9,Approved,5.76,
AZ014-321604110525601,1991-06-03 12:00:00,24.1,Approved,7.35,
AZ014-321604110525601,1991-06-25 12:00:00,27.32,Approved,8.33,
AZ014-321604110525601,1991-08-02 12:00:00,31.94,Approved,9.74,
AZ014-321604110525601,1991-11-01 12:00:00,44.2,Approved,13.47,
AZ014-321604110525601,1992-02-10 12:00:00,31.35,Approved,9.56,
AZ014-321604110525601,1992-05-14 12:00:00,20.92,Approved,6.38,
AZ014-321604110525601,1992-08-12 12:00:00,39.94,Approved,12.17,
AZ014-321604110525601,1992-12-01 12:00:00,44.13,Approved,13.45,
AZ014-321604110525601,1993-01-11 12:00:00,20.46,Approved,6.24,
AZ014-321604110525601,1993-01-18 12:00:00,18.44,Approved,5.62,
AZ014-321604110525601,1993-01-25 12:00:00,17.14,Approved,5.22,
AZ014-321604110525601,1993-01-28 12:00:00,16.78,Approved,5.11,
AZ014-321604110525601,1993-02-16 12:00:00,15.1,Approved,4.6,
AZ014-321604110525601,1993-03-03 12:00:00,14.2,Approved,4.33,
AZ014-321604110525601,1993-03-12 12:00:00,14.5,Approved,4.42,
AZ014-321604110525601,1993-03-31 12:00:00,14.06,Approved,4.29,
AZ014-321604110525601,1993-05-13 12:00:00,19.64,Approved,5.99,
AZ014-321604110525601,1993-08-17 12:00:00,31.25,Approved,9.52,
AZ014-321604110525601,1993-09-02 12:00:00,29.29,Approved,8.93,
AZ014-321604110525601,1993-09-03 12:00:00,29.48,Approved,8.99,
AZ014-321604110525601,1993-11-16 12:00:00,37.34,Approved,11.38,
AZ014-321604110525601,1994-01-19 12:00:00,46.2,Approved,14.08,
AZ014-321604110525601,1994-02-16 12:00:00,49.66,Approved,15.14,
AZ014-321604110525601,1994-05-04 12:00:00,48.01,Approved,14.63,
AZ014-321604110525601,1994-05-16 12:00:00,49.64,Approved,15.13,
AZ014-321604110525601,1994-07-20 12:00:00,56.4,Approved,17.19,
AZ014-321604110525601,1994-08-16 12:00:00,59.19,Approved,18.04,
AZ014-321604110525601,1994-10-06 12:00:00,62.6,Approved,19.08,
AZ014-321604110525601,1994-11-17 12:00:00,56.0,Approved,17.07,
AZ014-321604110525601,1995-02-13 12:00:00,18.82,Approved,5.74,
AZ014-321604110525601,1995-05-12 12:00:00,25.25,Approved,7.7,
AZ014-321604110525601,1995-08-15 12:00:00,34.95,Approved,10.65,
AZ014-321604110525601,1995-11-16 12:00:00,49.18,Approved,14.99,
AZ014-321604110525601,1996-02-15 12:00:00,62.76,Approved,19.13,
AZ014-321604110525601,1996-05-15 12:00:00,72.18,Approved,22.0,
AZ014-321604110525601,1996-08-15 12:00:00,82.26,Approved,25.07,
AZ014-321604110525601,1996-11-18 12:00:00,76.23,Approved,23.23,
AZ014-321604110525601,1997-02-18 12:00:00,83.17,Approved,25.35,
AZ014-321604110525601,1997-05-15 12:00:00,67.27,Approved,20.5,
AZ014-321604110525601,1997-08-15 12:00:00,77.74,Approved,23.7,
AZ014-321604110525601,1997-11-05 12:00:00,83.25,Approved,25.37,
AZ014-321604110525601,1997-11-14 12:00:00,84.43,Approved,25.73,
AZ014-321604110525601,1998-02-13 12:00:00,88.1,Approved,26.85,
AZ014-321604110525601,1998-05-06 12:00:00,23.47,Approved,7.15,
AZ014-321604110525601,1998-05-18 12:00:00,25.25,Approved,7.7,
AZ014-321604110525601,1998-05-20 12:00:00,60.39,Approved,18.41,
AZ014-321604110525601,1998-06-02 12:00:00,27.9,Approved,8.5,
AZ014-321604110525601,1998-06-17 12:00:00,30.47,Approved,9.29,
AZ014-321604110525601,1998-07-01 12:00:00,32.5,Approved,9.91,
AZ014-321604110525601,1998-08-17 12:00:00,32.5,Approved,9.91,
AZ014-321604110525601,1998-10-29 12:00:00,34.45,Approved,10.5,
AZ014-321604110525601,1998-12-04 12:00:00,36.2,Approved,11.03,
AZ014-321604110525601,1999-02-16 12:00:00,45.29,Approved,13.8,
AZ014-321604110525601,1999-08-11 12:00:00,35.89,Approved,10.94,
AZ014-321604110525601,1999-11-15 12:00:00,42.85,Approved,13.06,
AZ014-321604110525601,2000-02-16 12:00:00,59.07,Approved,18.0,
AZ014-321604110525601,2000-05-17 12:00:00,71.96,Approved,21.93,
AZ014-321604110525601,2000-08-16 12:00:00,80.13,Approved,24.42,
AZ014-321604110525601,2000-11-16 12:00:00,39.31,Approved,11.98,
AZ014-321604110525601,2001-02-15 12:00:00,35.85,Approved,10.93,
AZ014-321604110525601,2001-05-18 12:00:00,27.85,Approved,8.49,
AZ014-321604110525601,2001-08-15 12:00:00,38.01,Approved,11.59,
AZ014-321604110525601,2001-11-26 12:00:00,54.79,Approved,16.7,
AZ014-321604110525601,2002-02-19 12:00:00,67.89,Approved,20.69,
AZ014-321604110525601,2002-05-20 12:00:00,78.71,Approved,23.99,
AZ014-321604110525601,2002-08-15 12:00:00,89.58,Approved,27.3,
AZ014-321604110525601,2002-11-15 12:00:00,92.05,Approved,28.06,
AZ014-321604110525601,2003-02-14 12:00:00,97.91,Approved,29.84,
AZ014-321604110525601,2003-05-14 12:00:00,104.18,Approved,31.75,
AZ014-321604110525601,2003-08-18 12:00:00,108.34,Approved,33.02,
AZ014-321604110525601,2003-11-13 12:00:00,98.5,Approved,30.02,
AZ014-321604110525601,2004-02-18 12:00:00,97.97,Approved,29.86,
AZ014-321604110525601,2004-05-17 12:00:00,60.96,Approved,18.58,
AZ014-321604110525601,2004-08-12 12:00:00,62.85,Approved,19.16,
AZ014-321604110525601,2004-11-22 12:00:00,67.8,Approved,20.67,
AZ014-321604110525601,2005-02-14 12:00:00,44.46,Approved,13.55,
AZ014-321604110525601,2005-05-16 12:00:00,36.07,Approved,10.99,
AZ014-321604110525601,2005-08-18 12:00:00,39.7,Approved,12.1,
AZ014-321604110525601,2006-01-12 12:00:00,55.9,Approved,17.04,
AZ014-321604110525601,2006-02-16 12:00:00,60.14,Approved,18.33,
AZ014-321604110525601,2006-05-12 12:00:00,70.96,Approved,21.63,
AZ014-321604110525601,2006-08-21 12:00:00,35.72,Approved,10.89,
AZ014-321604110525601,2006-11-27 12:00:00,40.44,Approved,12.33,
AZ014-321604110525601,2007-02-15 12:00:00,51.0,Approved,15.54,
AZ014-321604110525601,2007-05-17 12:00:00,63.7,Approved,19.42,
AZ014-321605110525501,1988-09-13 12:00:00,64.2,Approved,19.57,
AZ014-321605110525501,1988-09-30 12:00:00,66.0,Approved,20.12,
AZ014-321605110525501,1988-10-28 12:00:00,67.7,Approved,20.63,
AZ014-321605110525501,1990-08-28 12:00:00,42.7,Approved,13.01,
AZ014-321605110525501,1990-10-01 12:00:00,39.38,Approved,12.0,
AZ014-321605110525501,1990-11-01 12:00:00,41.7,Approved,12.71,
AZ014-321605110525501,1990-11-30 12:00:00,44.2,Approved,13.47,
AZ014-321605110525501,1991-01-02 12:00:00,32.3,Approved,9.85,
AZ014-321605110525501,1991-02-01 12:00:00,24.16,Approved,7.36,
AZ014-321605110525501,1991-02-28 12:00:00,27.32,Approved,8.33,
AZ014-321605110525501,1991-04-02 12:00:00,16.0,Approved,4.88,
AZ014-321605110525501,1991-05-01 12:00:00,17.2,Approved,5.24,
AZ014-321605110525501,1991-06-03 12:00:00,22.35,Approved,6.81,
AZ014-321605110525501,1991-06-25 12:00:00,25.23,Approved,7.69,
AZ014-321605110525501,1991-08-02 12:00:00,29.66,Approved,9.04,
AZ014-321605110525501,1991-11-01 12:00:00,42.8,Approved,13.05,
AZ014-321605110525501,1992-02-10 12:00:00,27.9,Approved,8.5,
AZ014-321605110525501,1992-05-14 12:00:00,19.39,Approved,5.91,
AZ014-321605110525501,1992-08-12 12:00:00,28.65,Approved,8.73,
AZ014-321605110525501,1992-12-01 12:00:00,42.71,Approved,13.02,
AZ014-321605110525501,1993-01-11 12:00:00,17.18,Approved,5.24,
AZ014-321605110525501,1993-01-18 12:00:00,15.67,Approved,4.78,
AZ014-321605110525501,1993-01-25 12:00:00,14.89,Approved,4.54,
AZ014-321605110525501,1993-01-28 12:00:00,14.85,Approved,4.53,
AZ014-321605110525501,1993-02-16 12:00:00,13.56,Approved,4.13,
AZ014-321605110525501,1993-03-03 12:00:00,12.86,Approved,3.92,
AZ014-321605110525501,1993-03-12 12:00:00,13.18,Approved,4.02,
AZ014-321605110525501,1993-03-31 12:00:00,12.85,Approved,3.92,
AZ014-321605110525501,1993-05-13 12:00:00,18.6,Approved,5.67,
AZ014-321605110525501,1993-08-17 12:00:00,29.2,Approved,8.9,
AZ014-321605110525501,1993-09-02 12:00:00,27.14,Approved,8.27,
AZ014-321605110525501,1993-09-03 12:00:00,27.16,Approved,8.28,
AZ014-321605110525501,1993-11-16 12:00:00,35.35,Approved,10.77,
AZ014-321605110525501,1994-02-16 12:00:00,48.56,Approved,14.8,
AZ014-321605110525501,1994-05-16 12:00:00,48.33,Approved,14.73,
AZ014-321605110525501,1994-08-16 12:00:00,57.79,Approved,17.61,
AZ014-321605110525501,1994-11-17 12:00:00,54.61,Approved,16.65,
AZ014-321605110525501,1995-02-13 12:00:00,16.86,Approved,5.14,
AZ014-321605110525501,1995-05-12 12:00:00,22.7,Approved,6.92,
AZ014-321605110525501,1995-08-15 12:00:00,32.6,Approved,9.94,
AZ014-321605110525501,1995-09-07 12:00:00,34.89,Approved,10.63,
AZ014-321605110525501,1995-11-16 12:00:00,47.85,Approved,14.58,
AZ014-321605110525501,1996-02-15 12:00:00,61.6,Approved,18.78,
AZ014-321605110525501,1998-08-17 12:00:00,25.38,Approved,7.74,
AZ014-321605110525501,1998-10-29 12:00:00,31.2,Approved,9.51,
AZ014-321605110525501,1998-12-04 12:00:00,33.3,Approved,10.15,
AZ014-321605110525501,1999-02-16 12:00:00,43.54,Approved,13.27,
AZ014-321605110525501,1999-05-20 12:00:00,59.51,Approved,18.14,
AZ014-321605110525501,1999-08-11 12:00:00,32.09,Approved,9.78,
AZ014-321605110525501,2000-02-16 12:00:00,57.5,Approved,17.53,
AZ014-321605110525501,2000-11-16 12:00:00,32.96,Approved,10.05,
AZ014-321605110525501,2001-02-15 12:00:00,31.58,Approved,9.63,
AZ014-321605110525501,2001-08-15 12:00:00,35.23,Approved,10.74,
AZ014-321605110525501,2002-02-19 12:00:00,68.29,Approved,20.81,
AZ014-321605110525501,2004-08-12 12:00:00,60.5,Approved,18.44,
AZ014-321605110525501,2005-05-16 12:00:00,33.1,Approved,10.09,
AZ014-321605110525501,2006-01-12 12:00:00,52.2,Approved,15.91,
AZ014-321612110523701,1985-12-17 12:00:00,12.0,Approved,3.66,
AZ014-321612110523701,1986-02-04 12:00:00,12.9,Approved,3.93,
AZ014-321612110523701,1986-03-03 12:00:00,11.4,Approved,3.47,
AZ014-321612110523701,1986-03-31 12:00:00,10.6,Approved,3.23,
AZ014-321612110523701,1986-05-01 12:00:00,13.6,Approved,4.15,
AZ014-321612110523701,1986-06-02 12:00:00,15.9,Approved,4.85,
AZ014-321612110523701,1986-07-02 12:00:00,16.3,Approved,4.97,
AZ014-321612110523701,1986-08-01 12:00:00,15.5,Approved,4.72,
AZ014-321612110523701,1986-09-02 12:00:00,11.9,Approved,3.63,
AZ014-321612110523701,1986-10-01 12:00:00,14.8,Approved,4.51,
AZ014-321612110523701,1986-11-03 12:00:00,15.7,Approved,4.79,
AZ014-321612110523701,1986-12-08 12:00:00,14.7,Approved,4.48,
AZ014-321612110523701,1987-01-02 12:00:00,14.6,Approved,4.45,
AZ014-321612110523701,1987-02-02 12:00:00,15.4,Approved,4.69,
AZ014-321612110523701,1987-03-02 12:00:00,12.94,Approved,3.94,
AZ014-321612110523701,1987-03-31 12:00:00,11.1,Approved,3.38,
AZ014-321612110523701,1987-05-01 12:00:00,11.8,Approved,3.6,
AZ014-321612110523701,1987-05-29 12:00:00,14.37,Approved,4.38,
AZ014-321612110523701,1987-07-01 12:00:00,16.87,Approved,5.14,
AZ014-321612110523701,1987-07-31 12:00:00,16.14,Approved,4.92,
AZ014-321612110523701,1987-08-31 12:00:00,16.09,Approved,4.9,
AZ014-321612110523701,1987-10-01 12:00:00,16.48,Approved,5.02,
AZ014-321612110523701,1987-11-02 12:00:00,16.59,Approved,5.06,
AZ014-321612110523701,1987-11-30 12:00:00,17.33,Approved,5.28,
AZ014-321612110523701,1987-12-31 12:00:00,15.88,Approved,4.84,
AZ014-321612110523701,1988-02-01 12:00:00,13.06,Approved,3.98,
AZ014-321612110523701,1988-02-29 12:00:00,12.49,Approved,3.81,
AZ014-321612110523701,1988-04-01 12:00:00,14.15,Approved,4.31,
AZ014-321612110523701,1988-05-02 12:00:00,15.32,Approved,4.67,
AZ014-321612110523701,1988-06-01 12:00:00,17.48,Approved,5.33,
AZ014-321612110523701,1988-07-01 12:00:00,17.16,Approved,5.23,
AZ014-321612110523701,1988-08-01 12:00:00,15.6,Approved,4.75,
AZ014-321612110523701,1988-09-01 12:00:00,14.05,Approved,4.28,
AZ014-321612110523701,1988-09-30 12:00:00,17.39,Approved,5.3,
AZ014-321612110523701,1988-10-28 12:00:00,15.2,Approved,4.63,
AZ014-321612110523701,1988-12-05 12:00:00,16.54,Approved,5.04,
AZ014-321612110523701,1989-01-02 12:00:00,17.73,Approved,5.4,
AZ014-321612110523701,1989-02-01 12:00:00,17.46,Approved,5.32,
AZ014-321612110523701,1989-03-02 12:00:00,17.6,Approved,5.36,
AZ014-321612110523701,1989-04-03 12:00:00,17.67,Approved,5.39,
AZ014-321612110523701,1989-05-01 12:00:00,19.35,Approved,5.9,
AZ014-321612110523701,1989-06-01 12:00:00,20.4,Approved,6.22,
AZ014-321612110523701,1989-07-03 12:00:00,21.66,Approved,6.6,
AZ014-321612110523701,1989-08-01 12:00:00,16.2,Approved,4.94,
AZ014-321612110523701,1989-08-31 12:00:00,14.88,Approved,4.54,
AZ014-321612110523701,1989-10-02 12:00:00,16.96,Approved,5.17,
AZ014-321612110523701,1989-11-01 12:00:00,17.04,Approved,5.19,
AZ014-321612110523701,1989-12-01 12:00:00,17.98,Approved,5.48,
AZ014-321612110523701,1990-01-02 12:00:00,18.55,Approved,5.65,
AZ014-321612110523701,1990-02-02 12:00:00,19.01,Approved,5.79,
AZ014-321612110523701,1990-03-01 12:00:00,19.2,Approved,5.85,
AZ014-321612110523701,1990-04-02 12:00:00,19.45,Approved,5.93,
AZ014-321612110523701,1990-04-30 12:00:00,20.9,Approved,6.37,
AZ014-321612110523701,1990-06-01 12:00:00,21.98,Approved,6.7,
AZ014-321612110523701,1990-07-02 12:00:00,26.1,Approved,7.96,
AZ014-321612110523701,1990-07-27 12:00:00,12.12,Approved,3.69,
AZ014-321612110523701,1990-08-28 12:00:00,12.94,Approved,3.94,
AZ014-321612110523701,1990-10-01 12:00:00,14.25,Approved,4.34,
AZ014-321612110523701,1990-11-01 12:00:00,16.2,Approved,4.94,
AZ014-321612110523701,1990-12-10 12:00:00,17.46,Approved,5.32,
AZ014-321612110523701,1991-01-02 12:00:00,11.9,Approved,3.63,
AZ014-321612110523701,1991-02-01 12:00:00,12.56,Approved,3.83,
AZ014-321612110523701,1991-02-28 12:00:00,12.68,Approved,3.86,
AZ014-321612110523701,1991-04-02 12:00:00,11.16,Approved,3.4,
AZ014-321612110523701,1991-05-01 12:00:00,12.34,Approved,3.76,
AZ014-321612110523701,1991-06-03 12:00:00,14.74,Approved,4.49,
AZ014-321612110523701,1991-08-02 12:00:00,17.95,Approved,5.47,
AZ014-321612110523701,1991-11-01 12:00:00,23.7,Approved,7.22,
AZ014-321612110523701,1992-02-10 12:00:00,12.22,Approved,3.72,
AZ014-321612110523701,1992-05-14 12:00:00,13.49,Approved,4.11,
AZ014-321612110523701,1992-08-12 12:00:00,17.69,Approved,5.39,
AZ014-321612110523701,1992-11-11 12:00:00,22.0,Approved,6.71,
AZ014-321612110523701,1993-01-11 12:00:00,10.51,Approved,3.2,
AZ014-321612110523701,1993-01-18 12:00:00,10.05,Approved,3.06,
AZ014-321612110523701,1993-01-25 12:00:00,10.5,Approved,3.2,
AZ014-321612110523701,1993-02-16 12:00:00,10.33,Approved,3.15,
AZ014-321612110523701,1993-03-03 12:00:00,10.35,Approved,3.15,
AZ014-321612110523701,1993-03-12 12:00:00,10.63,Approved,3.24,
AZ014-321612110523701,1993-03-31 12:00:00,10.6,Approved,3.23,
AZ014-321612110523701,1993-05-13 12:00:00,13.72,Approved,4.18,
AZ014-321612110523701,1993-08-17 12:00:00,19.7,Approved,6.0,
AZ014-321612110523701,1993-11-16 12:00:00,22.0,Approved,6.71,
AZ014-321612110523701,1994-02-16 12:00:00,22.19,Approved,6.76,
AZ014-321612110523701,1994-05-16 12:00:00,18.03,Approved,5.5,
AZ014-321612110523701,1994-08-16 12:00:00,26.15,Approved,7.97,
AZ014-321612110523701,1994-11-17 12:00:00,22.88,Approved,6.97,
AZ014-321612110523701,1995-02-17 12:00:00,10.65,Approved,3.25,
AZ014-321612110523701,1995-05-12 12:00:00,15.0,Approved,4.57,
AZ014-321612110523701,1995-08-15 12:00:00,24.14,Approved,7.36,
AZ014-321612110523701,1995-11-16 12:00:00,22.81,Approved,6.95,
AZ014-321612110523701,1996-05-15 12:00:00,32.41,Approved,9.88,
AZ014-321612110523701,1997-11-06 12:00:00,23.1,Approved,7.04,
AZ014-321612110523701,1998-05-07 12:00:00,16.17,Approved,4.93,
AZ014-321612110523701,1998-05-18 12:00:00,16.12,Approved,4.91,
AZ014-321612110523701,1998-06-02 12:00:00,16.5,Approved,5.03,
AZ014-321612110523701,1998-06-17 12:00:00,17.24,Approved,5.25,
AZ014-321612110523701,1998-07-01 12:00:00,18.18,Approved,5.54,
AZ014-321612110523701,1998-08-17 12:00:00,18.43,Approved,5.62,
AZ014-321612110523701,1998-10-29 12:00:00,18.8,Approved,5.73,
AZ014-321612110523701,1998-12-04 12:00:00,19.4,Approved,5.91,
AZ014-321612110523701,1999-02-16 12:00:00,20.73,Approved,6.32,
AZ014-321612110523701,1999-08-11 12:00:00,21.58,Approved,6.58,
AZ014-321612110523701,2000-02-16 12:00:00,24.86,Approved,7.58,
AZ014-321612110523701,2000-05-17 12:00:00,29.72,Approved,9.06,
AZ014-321612110523701,2000-08-16 12:00:00,31.71,Approved,9.67,
AZ014-321612110523701,2000-11-16 12:00:00,20.32,Approved,6.19,
AZ014-321612110523701,2001-02-15 12:00:00,19.47,Approved,5.93,
AZ014-321612110523701,2002-02-19 12:00:00,26.19,Approved,7.98,
AZ014-321612110523701,2003-10-27 12:00:00,31.8,Approved,9.69,
AZ014-321612110523701,2004-02-18 12:00:00,37.4,Approved,11.4,
AZ014-321612110523701,2004-08-12 12:00:00,27.25,Approved,8.31,
AZ014-321612110523701,2006-01-13 12:00:00,26.2,Approved,7.99,
AZ014-321612110543301,1981-12-01 12:00:00,121.8,Approved,37.12,
AZ014-321612110543301,1982-12-01 12:00:00,132.6,Approved,40.42,
AZ014-321612110543301,1983-12-27 12:00:00,108.3,Approved,33.01,
AZ014-321612110543301,1985-01-08 12:00:00,115.7,Approved,35.27,
AZ014-321612110543301,1986-02-04 12:00:00,97.4,Approved,29.69,
AZ014-321612110543301,1986-03-03 12:00:00,86.7,Approved,26.43,
AZ014-321612110543301,1986-03-31 12:00:00,72.6,Approved,22.13,
AZ014-321612110543301,1986-05-01 12:00:00,75.5,Approved,23.01,
AZ014-321612110543301,1986-06-02 12:00:00,90.4,Approved,27.55,
AZ014-321612110543301,1986-07-02 12:00:00,86.2,Approved,26.27,
AZ014-321612110543301,1986-08-01 12:00:00,90.8,Approved,27.68,
AZ014-321612110543301,1986-09-02 12:00:00,89.8,Approved,27.37,
AZ014-321612110543301,1986-10-01 12:00:00,105.8,Approved,32.25,
AZ014-321612110543301,1986-11-03 12:00:00,93.4,Approved,28.47,
AZ014-321612110543301,1986-12-08 12:00:00,95.5,Approved,29.11,
AZ014-321612110543301,1987-01-02 12:00:00,97.5,Approved,29.72,
AZ014-321612110543301,1987-02-02 12:00:00,99.7,Approved,30.39,
AZ014-321612110543301,1987-03-02 12:00:00,101.5,Approved,30.94,
AZ014-321612110543301,1987-03-31 12:00:00,82.9,Approved,25.27,
AZ014-321612110543301,1987-05-01 12:00:00,81.9,Approved,24.96,
AZ014-321612110543301,1987-07-01 12:00:00,95.2,Approved,29.02,
AZ014-321612110543301,1987-07-31 12:00:00,98.1,Approved,29.9,
AZ014-321612110543301,1987-08-31 12:00:00,100.4,Approved,30.6,
AZ014-321612110543301,1987-10-01 12:00:00,107.0,Approved,32.61,
AZ014-321612110543301,1987-11-02 12:00:00,111.4,Approved,33.95,
AZ014-321612110543301,1987-11-30 12:00:00,107.1,Approved,32.64,
AZ014-321612110543301,1987-12-31 12:00:00,108.3,Approved,33.01,
AZ014-321612110543301,1988-02-01 12:00:00,109.8,Approved,33.47,
AZ014-321612110543301,1988-02-29 12:00:00,102.8,Approved,31.33,
AZ014-321612110543301,1988-04-01 12:00:00,106.5,Approved,32.46,
AZ014-321612110543301,1988-05-02 12:00:00,109.3,Approved,33.31,
AZ014-321612110543301,1988-06-01 12:00:00,111.6,Approved,34.02,
AZ014-321612110543301,1988-07-01 12:00:00,119.8,Approved,36.52,
AZ014-321612110543301,1988-08-01 12:00:00,123.0,Approved,37.49,
AZ014-321612110543301,1988-09-01 12:00:00,116.7,Approved,35.57,
AZ014-321612110543301,1988-09-30 12:00:00,116.9,Approved,35.63,
AZ014-321612110543301,1988-10-28 12:00:00,118.4,Approved,36.09,
AZ014-321612110543301,1988-12-05 12:00:00,120.4,Approved,36.7,
AZ014-321612110543301,1989-01-02 12:00:00,121.9,Approved,37.16,
AZ014-321612110543301,1989-02-01 12:00:00,125.6,Approved,38.28,
AZ014-321612110543301,1989-03-02 12:00:00,127.1,Approved,38.74,
AZ014-321612110543301,1989-04-03 12:00:00,126.4,Approved,38.53,
AZ014-321612110543301,1989-05-01 12:00:00,128.5,Approved,39.17,
AZ014-321612110543301,1989-06-01 12:00:00,130.2,Approved,39.68,
AZ014-321612110543301,1989-07-03 12:00:00,132.3,Approved,40.33,
AZ014-321612110543301,1989-08-01 12:00:00,133.6,Approved,40.72,
AZ014-321612110543301,1989-08-31 12:00:00,133.8,Approved,40.78,
AZ014-321612110543301,1989-10-02 12:00:00,134.4,Approved,40.97,
AZ014-321612110543301,1989-11-01 12:00:00,135.8,Approved,41.39,
AZ014-321612110543301,1989-12-01 12:00:00,136.8,Approved,41.7,
AZ014-321612110543301,1990-01-02 12:00:00,137.7,Approved,41.97,
AZ014-321612110543301,1990-02-02 12:00:00,138.75,Approved,42.29,
AZ014-321612110543301,1990-03-01 12:00:00,139.7,Approved,42.58,
AZ014-321612110543301,1990-04-02 12:00:00,140.8,Approved,42.92,
AZ014-321612110543301,1990-04-30 12:00:00,141.7,Approved,43.19,
AZ014-321612110543301,1990-06-01 12:00:00,142.8,Approved,43.53,
AZ014-321612110543301,1990-07-02 12:00:00,146.5,Approved,44.65,
AZ014-321612110543301,1990-07-27 12:00:00,144.9,Approved,44.17,
AZ014-321612110543301,1990-08-28 12:00:00,132.3,Approved,40.33,
AZ014-321612110543301,1990-10-01 12:00:00,128.4,Approved,39.14,
AZ014-321612110543301,1990-11-01 12:00:00,127.8,Approved,38.95,
AZ014-321612110543301,1990-12-10 12:00:00,130.7,Approved,39.84,
AZ014-321612110543301,1991-01-02 12:00:00,132.0,Approved,40.23,
AZ014-321612110543301,1991-02-01 12:00:00,116.3,Approved,35.45,
AZ014-321612110543301,1991-02-28 12:00:00,117.0,Approved,35.66,
AZ014-321612110543301,1991-04-02 12:00:00,83.7,Approved,25.51,
AZ014-321612110543301,1991-05-01 12:00:00,83.5,Approved,25.45,
AZ014-321612110543301,1991-06-03 12:00:00,91.9,Approved,28.01,
AZ014-321612110543301,1991-08-02 12:00:00,104.0,Approved,31.7,
AZ014-321612110543301,1991-11-01 12:00:00,115.1,Approved,35.08,
AZ014-321612110543301,1992-02-10 12:00:00,119.7,Approved,36.48,
AZ014-321612110543301,1992-05-14 12:00:00,87.29,Approved,26.61,
AZ014-321612110543301,1992-08-12 12:00:00,95.9,Approved,29.23,
AZ014-321612110543301,1992-11-10 12:00:00,110.0,Approved,33.53,
AZ014-321612110543301,1993-01-11 12:00:00,99.13,Approved,30.21,
AZ014-321612110543301,1993-02-16 12:00:00,63.8,Approved,19.45,
AZ014-321612110543301,1993-03-03 12:00:00,57.03,Approved,17.38,
AZ014-321612110543301,1993-03-12 12:00:00,54.0,Approved,16.46,
AZ014-321612110543301,1993-03-31 12:00:00,52.0,Approved,15.85,
AZ014-321612110543301,1993-05-13 12:00:00,6.5,Approved,1.98,
AZ014-321612110543301,1993-08-17 12:00:00,84.6,Approved,25.79,
AZ014-321612110543301,1993-11-16 12:00:00,95.01,Approved,28.96,
AZ014-321612110543301,2003-05-14 12:00:00,174.0,Approved,53.04,
AZ014-321612110543301,2003-08-18 12:00:00,178.16,Approved,54.3,
AZ014-321612110543301,2003-10-27 12:00:00,164.55,Approved,50.15,
AZ014-321612110543301,2004-02-18 12:00:00,182.1,Approved,55.5,
AZ014-321612110543301,2004-08-12 12:00:00,163.7,Approved,49.9,
AZ014-321612110543301,2005-01-24 12:00:00,161.0,Approved,49.07,
AZ014-321612110543301,2005-05-16 12:00:00,139.5,Approved,42.52,
AZ014-321612110543301,2006-01-13 12:00:00,141.4,Approved,43.1,
AZ014-321614110533001,1988-09-13 12:00:00,56.79,Approved,17.31,
AZ014-321614110533001,1988-09-30 12:00:00,54.0,Approved,16.46,
AZ014-321614110533001,1988-10-28 12:00:00,58.8,Approved,17.92,
AZ014-321614110533001,1988-12-05 12:00:00,62.7,Approved,19.11,
AZ014-321614110533001,1989-01-02 12:00:00,64.9,Approved,19.78,
AZ014-321614110533001,1989-02-01 12:00:00,67.0,Approved,20.42,
AZ014-321614110533001,1989-02-16 12:00:00,67.8,Approved,20.67,
AZ014-321614110533001,1989-03-02 12:00:00,69.05,Approved,21.05,
AZ014-321614110533001,1989-04-03 12:00:00,71.37,Approved,21.75,
AZ014-321614110533001,1989-05-01 12:00:00,72.85,Approved,22.2,
AZ014-321614110533001,1989-06-01 12:00:00,74.73,Approved,22.78,
AZ014-321614110533001,1989-07-03 12:00:00,76.5,Approved,23.32,
AZ014-321614110533001,1989-08-01 12:00:00,77.95,Approved,23.76,
AZ014-321614110533001,1989-08-31 12:00:00,71.2,Approved,21.7,
AZ014-321614110533001,1989-10-02 12:00:00,74.62,Approved,22.74,
AZ014-321614110533001,1989-11-01 12:00:00,75.63,Approved,23.05,
AZ014-321614110533001,1989-12-01 12:00:00,77.33,Approved,23.57,
AZ014-321614110533001,1990-01-02 12:00:00,78.55,Approved,23.94,
AZ014-321614110533001,1990-02-02 12:00:00,79.5,Approved,24.23,
AZ014-321614110533001,1990-03-01 12:00:00,78.9,Approved,24.05,
AZ014-321614110533001,1990-04-02 12:00:00,79.86,Approved,24.34,
AZ014-321614110533001,1990-04-30 12:00:00,80.3,Approved,24.48,
AZ014-321614110533001,1990-06-01 12:00:00,81.67,Approved,24.89,
AZ014-321614110533001,1990-07-02 12:00:00,82.7,Approved,25.21,
AZ014-321614110533001,1990-07-27 12:00:00,68.01,Approved,20.73,
AZ014-321614110533001,1990-08-28 12:00:00,35.36,Approved,10.78,
AZ014-321614110533001,1990-10-01 12:00:00,38.9,Approved,11.86,
AZ014-321614110533001,1990-11-01 12:00:00,44.35,Approved,13.52,
AZ014-321614110533001,1990-11-30 12:00:00,48.86,Approved,14.89,
AZ014-321614110533001,1991-01-02 12:00:00,42.7,Approved,13.01,
AZ014-321614110533001,1991-02-01 12:00:00,23.2,Approved,7.07,
AZ014-321614110533001,1991-02-28 12:00:00,27.03,Approved,8.24,
AZ014-321614110533001,1991-04-02 12:00:00,13.03,Approved,3.97,
AZ014-321614110533001,1991-05-01 12:00:00,15.9,Approved,4.85,
AZ014-321614110533001,1991-06-03 12:00:00,21.28,Approved,6.49,
AZ014-321614110533001,1991-06-25 12:00:00,25.36,Approved,7.73,
AZ014-321614110533001,1991-08-02 12:00:00,29.15,Approved,8.88,
AZ014-321614110533001,1991-11-01 12:00:00,37.57,Approved,11.45,
AZ014-321614110533001,1992-02-10 12:00:00,27.32,Approved,8.33,
AZ014-321614110533001,1992-05-14 12:00:00,15.99,Approved,4.87,
AZ014-321614110533001,1992-08-12 12:00:00,24.68,Approved,7.52,
AZ014-321614110533001,1992-11-10 12:00:00,32.75,Approved,9.98,
AZ014-321614110533001,1993-01-11 12:00:00,9.85,Approved,3.0,
AZ014-321614110533001,1993-01-18 12:00:00,9.5,Approved,2.9,
AZ014-321614110533001,1993-01-25 12:00:00,9.84,Approved,3.0,
AZ014-321614110533001,1993-01-28 12:00:00,10.08,Approved,3.07,
AZ014-321614110533001,1993-02-16 12:00:00,9.3,Approved,2.83,
AZ014-321614110533001,1993-03-03 12:00:00,9.07,Approved,2.76,
AZ014-321614110533001,1993-03-12 12:00:00,9.39,Approved,2.86,
AZ014-321614110533001,1993-03-31 12:00:00,9.02,Approved,2.75,
AZ014-321614110533001,1993-05-13 12:00:00,16.6,Approved,5.06,
AZ014-321614110533001,1993-08-17 12:00:00,26.8,Approved,8.17,
AZ014-321614110533001,1993-09-02 12:00:00,22.95,Approved,7.0,
AZ014-321614110533001,1993-09-03 12:00:00,23.66,Approved,7.21,
AZ014-321614110533001,1993-11-16 12:00:00,26.82,Approved,8.17,
AZ014-321614110533001,1994-01-19 12:00:00,39.8,Approved,12.13,
AZ014-321614110533001,1994-02-16 12:00:00,35.8,Approved,10.91,
AZ014-321614110533001,1994-05-04 12:00:00,39.36,Approved,12.0,
AZ014-321614110533001,1994-05-16 12:00:00,41.64,Approved,12.69,
AZ014-321614110533001,1994-07-20 12:00:00,48.7,Approved,14.84,
AZ014-321614110533001,1994-08-16 12:00:00,48.7,Approved,14.84,
AZ014-321614110533001,1994-10-06 12:00:00,49.4,Approved,15.06,
AZ014-321614110533001,1994-11-17 12:00:00,29.58,Approved,9.02,
AZ014-321614110533001,1995-02-13 12:00:00,10.43,Approved,3.18,
AZ014-321614110533001,1995-05-12 12:00:00,20.1,Approved,6.13,
AZ014-321614110533001,1995-08-15 12:00:00,22.61,Approved,6.89,
AZ014-321614110533001,1995-11-16 12:00:00,34.15,Approved,10.41,
AZ014-321614110533001,1996-02-15 12:00:00,49.96,Approved,15.23,
AZ014-321614110533001,1996-05-15 12:00:00,58.86,Approved,17.94,
AZ014-321614110533001,1996-08-15 12:00:00,61.3,Approved,18.68,
AZ014-321614110533001,1996-11-18 12:00:00,51.86,Approved,15.81,
AZ014-321614110533001,1997-02-18 12:00:00,63.7,Approved,19.42,
AZ014-321614110533001,1997-05-15 12:00:00,57.15,Approved,17.42,
AZ014-321614110533001,1997-08-15 12:00:00,63.77,Approved,19.44,
AZ014-321614110533001,1997-11-06 12:00:00,68.05,Approved,20.74,
AZ014-321614110533001,1997-11-14 12:00:00,69.12,Approved,21.07,
AZ014-321614110533001,1998-02-13 12:00:00,48.68,Approved,14.84,
AZ014-321614110533001,1998-05-06 12:00:00,14.33,Approved,4.37,
AZ014-321614110533001,1998-05-18 12:00:00,17.64,Approved,5.38,
AZ014-321614110533001,1998-05-21 12:00:00,18.75,Approved,5.72,
AZ014-321614110533001,1998-06-02 12:00:00,20.55,Approved,6.26,
AZ014-321614110533001,1998-06-17 12:00:00,23.67,Approved,7.21,
AZ014-321614110533001,1998-07-01 12:00:00,26.4,Approved,8.05,
AZ014-321614110533001,1998-08-17 12:00:00,22.01,Approved,6.71,
AZ014-321614110533001,1998-10-30 12:00:00,29.65,Approved,9.04,
AZ014-321614110533001,1998-12-04 12:00:00,30.3,Approved,9.24,
AZ014-321614110533001,1999-02-16 12:00:00,40.8,Approved,12.44,
AZ014-321614110533001,1999-05-20 12:00:00,49.61,Approved,15.12,
AZ014-321614110533001,1999-08-11 12:00:00,22.3,Approved,6.8,
AZ014-321614110533001,2000-02-16 12:00:00,52.0,Approved,15.85,
AZ014-321614110533001,2000-05-17 12:00:00,60.5,Approved,18.44,
AZ014-321614110533001,2000-08-16 12:00:00,67.5,Approved,20.57,
AZ014-321614110533001,2000-11-16 12:00:00,20.0,Approved,6.1,
AZ014-321614110533001,2001-02-15 12:00:00,27.2,Approved,8.29,
AZ014-321614110533001,2001-08-15 12:00:00,34.74,Approved,10.59,
AZ014-321614110533001,2002-02-19 12:00:00,59.2,Approved,18.04,
AZ014-321614110533001,2003-05-14 12:00:00,84.8,Approved,25.85,
AZ014-321614110533001,2003-08-18 12:00:00,84.72,Approved,25.82,
AZ014-321614110533001,2003-10-27 12:00:00,72.2,Approved,22.01,
AZ014-321614110533001,2004-02-18 12:00:00,70.68,Approved,21.54,
AZ014-321614110533001,2004-08-12 12:00:00,61.5,Approved,18.75,
AZ014-321614110533001,2005-02-01 12:00:00,33.6,Approved,10.24,
AZ014-321614110533001,2006-01-12 12:00:00,51.8,Approved,15.79,
AZ014-321615110532901,1988-09-13 12:00:00,55.56,Approved,16.93,
AZ014-321615110532901,1988-09-30 12:00:00,52.4,Approved,15.97,
AZ014-321615110532901,1988-10-28 12:00:00,57.3,Approved,17.47,
AZ014-321615110532901,1988-12-05 12:00:00,61.62,Approved,18.78,
AZ014-321615110532901,1989-01-02 12:00:00,63.8,Approved,19.45,
AZ014-321615110532901,1989-02-01 12:00:00,66.1,Approved,20.15,
AZ014-321615110532901,1989-02-16 12:00:00,66.8,Approved,20.36,
AZ014-321615110532901,1989-03-02 12:00:00,67.98,Approved,20.72,
AZ014-321615110532901,1989-04-03 12:00:00,70.35,Approved,21.44,
AZ014-321615110532901,1989-05-01 12:00:00,71.85,Approved,21.9,
AZ014-321615110532901,1989-06-01 12:00:00,73.75,Approved,22.48,
AZ014-321615110532901,1989-07-03 12:00:00,75.65,Approved,23.06,
AZ014-321615110532901,1989-08-01 12:00:00,77.1,Approved,23.5,
AZ014-321615110532901,1989-08-31 12:00:00,69.6,Approved,21.21,
AZ014-321615110532901,1989-10-02 12:00:00,73.47,Approved,22.39,
AZ014-321615110532901,1989-11-01 12:00:00,74.4,Approved,22.68,
AZ014-321615110532901,1989-12-01 12:00:00,76.18,Approved,23.22,
AZ014-321615110532901,1990-01-02 12:00:00,77.9,Approved,23.74,
AZ014-321615110532901,1990-02-02 12:00:00,78.75,Approved,24.0,
AZ014-321615110532901,1990-03-01 12:00:00,78.1,Approved,23.8,
AZ014-321615110532901,1990-07-27 12:00:00,65.6,Approved,19.99,
AZ014-321615110532901,1990-08-28 12:00:00,32.98,Approved,10.05,
AZ014-321615110532901,1990-10-01 12:00:00,36.86,Approved,11.23,
AZ014-321615110532901,1990-11-01 12:00:00,42.83,Approved,13.05,
AZ014-321615110532901,1990-11-30 12:00:00,47.6,Approved,14.51,
AZ014-321615110532901,1991-01-02 12:00:00,40.85,Approved,12.45,
AZ014-321615110532901,1991-05-01 12:00:00,15.58,Approved,4.75,
AZ014-321615110532901,1991-06-03 12:00:00,21.27,Approved,6.48,
AZ014-321615110532901,1991-06-25 12:00:00,24.98,Approved,7.61,
AZ014-321615110532901,1991-08-02 12:00:00,29.0,Approved,8.84,
AZ014-321615110532901,1991-11-01 12:00:00,36.65,Approved,11.17,
AZ014-321615110532901,1992-02-10 12:00:00,25.3,Approved,7.71,
AZ014-321615110532901,1992-05-14 12:00:00,15.94,Approved,4.86,
AZ014-321615110532901,1992-08-12 12:00:00,24.5,Approved,7.47,
AZ014-321615110532901,1992-11-10 12:00:00,34.45,Approved,10.5,
AZ014-321615110532901,1993-01-11 12:00:00,9.17,Approved,2.8,
AZ014-321615110532901,1993-01-18 12:00:00,9.1,Approved,2.77,
AZ014-321615110532901,1993-01-25 12:00:00,9.53,Approved,2.9,
AZ014-321615110532901,1993-01-28 12:00:00,9.79,Approved,2.98,
AZ014-321615110532901,1993-02-16 12:00:00,9.06,Approved,2.76,
AZ014-321615110532901,1993-03-03 12:00:00,8.92,Approved,2.72,
AZ014-321615110532901,1993-03-12 12:00:00,9.5,Approved,2.9,
AZ014-321615110532901,1993-03-31 12:00:00,9.08,Approved,2.77,
AZ014-321615110532901,1993-05-13 12:00:00,16.6,Approved,5.06,
AZ014-321615110532901,1993-08-17 12:00:00,26.85,Approved,8.18,
AZ014-321615110532901,1993-09-02 12:00:00,22.43,Approved,6.84,
AZ014-321615110532901,1993-09-03 12:00:00,23.29,Approved,7.1,
AZ014-321615110532901,1993-11-16 12:00:00,25.44,Approved,7.75,
AZ014-321615110532901,1994-01-19 12:00:00,39.4,Approved,12.01,
AZ014-321615110532901,1994-02-16 12:00:00,34.86,Approved,10.63,
AZ014-321615110532901,1994-05-04 12:00:00,38.73,Approved,11.8,
AZ014-321615110532901,1994-05-16 12:00:00,40.99,Approved,12.49,
AZ014-321615110532901,1994-08-16 12:00:00,47.81,Approved,14.57,
AZ014-321615110532901,1994-11-17 12:00:00,27.49,Approved,8.38,
AZ014-321615110532901,1995-02-13 12:00:00,10.09,Approved,3.08,
AZ014-321615110532901,1995-05-12 12:00:00,20.13,Approved,6.14,
AZ014-321615110532901,1995-08-15 12:00:00,21.54,Approved,6.57,
AZ014-321615110532901,1995-09-07 12:00:00,28.8,Approved,8.78,
AZ014-321615110532901,1995-11-16 12:00:00,33.47,Approved,10.2,
AZ014-321615110532901,1996-02-15 12:00:00,49.28,Approved,15.02,
AZ014-321615110532901,1996-05-15 12:00:00,58.1,Approved,17.71,
AZ014-321615110532901,1996-08-15 12:00:00,59.84,Approved,18.24,
AZ014-321615110532901,1996-11-18 12:00:00,50.83,Approved,15.49,
AZ014-321615110532901,1997-08-15 12:00:00,62.23,Approved,18.97,
AZ014-321615110532901,1997-11-06 12:00:00,66.75,Approved,20.35,
AZ014-321615110532901,1998-08-17 12:00:00,21.73,Approved,6.62,
AZ014-321615110532901,1998-10-29 12:00:00,29.0,Approved,8.84,
AZ014-321615110532901,1998-12-04 12:00:00,29.7,Approved,9.05,
AZ014-321615110532901,1999-02-16 12:00:00,39.9,Approved,12.16,
AZ014-321615110532901,1999-05-20 12:00:00,49.75,Approved,15.16,
AZ014-321615110532901,1999-08-11 12:00:00,21.62,Approved,6.59,
AZ014-321615110532901,2000-02-16 12:00:00,51.0,Approved,15.54,
AZ014-321615110532901,2000-05-17 12:00:00,59.2,Approved,18.04,
AZ014-321615110532901,2000-08-16 12:00:00,65.7,Approved,20.03,
AZ014-321615110532901,2000-11-16 12:00:00,18.5,Approved,5.64,
AZ014-321615110532901,2001-02-15 12:00:00,25.7,Approved,7.83,
AZ014-321615110532901,2001-08-15 12:00:00,33.97,Approved,10.35,
AZ014-321615110532901,2002-02-19 12:00:00,56.3,Approved,17.16,
AZ014-321615110532901,2004-02-18 12:00:00,67.98,Approved,20.72,
AZ014-321615110532901,2004-08-12 12:00:00,59.8,Approved,18.23,
AZ014-321615110532901,2005-02-01 12:00:00,37.6,Approved,11.46,
AZ014-321615110532901,2006-01-12 12:00:00,50.6,Approved,15.42,
AZ014-321636110541301,1955-05-05 12:00:00,49.81,Approved,15.18,
AZ014-321636110541301,1956-04-19 12:00:00,50.27,Approved,15.32,
AZ014-321636110541301,1957-05-06 12:00:00,41.69,Approved,12.71,
AZ014-321636110541301,1958-05-14 12:00:00,32.56,Approved,9.92,
AZ014-321636110541301,1960-03-15 12:00:00,31.05,Approved,9.46,
AZ014-321636110541301,1960-09-18 12:00:00,42.34,Approved,12.91,
AZ014-321636110541301,1961-03-08 12:00:00,54.83,Approved,16.71,
AZ014-321636110541301,1962-04-12 12:00:00,38.55,Approved,11.75,
AZ014-321636110541301,1963-04-04 12:00:00,47.52,Approved,14.48,
AZ014-321636110541301,1964-02-11 12:00:00,60.28,Approved,18.37,
AZ014-321636110541301,1964-04-07 12:00:00,61.64,Approved,18.79,
AZ014-321636110541301,1965-05-15 12:00:00,42.26,Approved,12.88,
AZ014-321636110541301,1965-10-13 12:00:00,80.38,Approved,24.5,
AZ014-321636110541301,1965-11-16 12:00:00,51.78,Approved,15.78,
AZ014-321636110541301,1965-12-28 12:00:00,38.99,Approved,11.88,
AZ014-321636110541301,1966-01-04 12:00:00,36.06,Approved,10.99,
AZ014-321636110541301,1966-01-17 12:00:00,34.43,Approved,10.49,
AZ014-321636110541301,1966-01-28 12:00:00,37.78,Approved,11.52,
AZ014-321636110541301,1966-02-04 12:00:00,33.48,Approved,10.2,
AZ014-321636110541301,1966-02-14 12:00:00,32.35,Approved,9.86,
AZ014-321636110541301,1966-02-18 12:00:00,32.14,Approved,9.8,
AZ014-321636110541301,1966-02-25 12:00:00,31.87,Approved,9.71,
AZ014-321636110541301,1966-03-04 12:00:00,31.88,Approved,9.72,
AZ014-321636110541301,1966-03-11 12:00:00,31.73,Approved,9.67,
AZ014-321636110541301,1966-03-18 12:00:00,31.49,Approved,9.6,
AZ014-321636110541301,1966-03-25 12:00:00,31.36,Approved,9.56,
AZ014-321636110541301,1966-04-04 12:00:00,31.16,Approved,9.5,
AZ014-321636110541301,1966-04-15 12:00:00,31.2,Approved,9.51,
AZ014-321636110541301,1966-04-22 12:00:00,32.05,Approved,9.77,
AZ014-321636110541301,1966-04-24 12:00:00,32.82,Approved,10.0,
AZ014-321636110541301,1966-05-04 12:00:00,33.38,Approved,10.17,
AZ014-321636110541301,1966-05-18 12:00:00,35.77,Approved,10.9,
AZ014-321636110541301,1966-06-06 12:00:00,36.8,Approved,11.22,
AZ014-321636110541301,1966-07-07 12:00:00,39.43,Approved,12.02,
AZ014-321636110541301,1966-07-25 12:00:00,42.19,Approved,12.86,
AZ014-321636110541301,1966-08-05 12:00:00,41.06,Approved,12.52,
AZ014-321636110541301,1966-08-12 12:00:00,41.16,Approved,12.55,
AZ014-321636110541301,1966-08-15 12:00:00,39.39,Approved,12.01,
AZ014-321636110541301,1966-08-22 12:00:00,38.71,Approved,11.8,
AZ014-321636110541301,1966-09-06 12:00:00,39.33,Approved,11.99,
AZ014-321636110541301,1966-09-14 12:00:00,40.03,Approved,12.2,
AZ014-321636110541301,1966-10-01 12:00:00,36.69,Approved,11.18,
AZ014-321636110541301,1966-10-08 12:00:00,35.57,Approved,10.84,
AZ014-321636110541301,1966-10-22 12:00:00,37.15,Approved,11.32,
AZ014-321636110541301,1966-11-05 12:00:00,38.68,Approved,11.79,
AZ014-321636110541301,1966-12-03 12:00:00,40.84,Approved,12.45,
AZ014-321636110541301,1967-01-17 12:00:00,43.49,Approved,13.26,
AZ014-321636110541301,1967-01-31 12:00:00,46.2,Approved,14.08,
AZ014-321636110541301,1967-02-18 12:00:00,46.8,Approved,14.26,
AZ014-321636110541301,1967-04-01 12:00:00,49.58,Approved,15.11,
AZ014-321636110541301,1967-04-14 12:00:00,50.2,Approved,15.3,
AZ014-321636110541301,1967-06-27 12:00:00,52.98,Approved,16.15,
AZ014-321636110541301,1967-07-10 12:00:00,53.58,Approved,16.33,
AZ014-321636110541301,1967-07-17 12:00:00,52.64,Approved,16.04,
AZ014-321636110541301,1967-07-27 12:00:00,52.19,Approved,15.91,
AZ014-321636110541301,1967-08-09 12:00:00,52.95,Approved,16.14,
AZ014-321636110541301,1967-08-16 12:00:00,53.48,Approved,16.3,
AZ014-321636110541301,1967-09-23 12:00:00,54.85,Approved,16.72,
AZ014-321636110541301,1967-09-30 12:00:00,55.16,Approved,16.81,
AZ014-321636110541301,1967-10-07 12:00:00,55.35,Approved,16.87,
AZ014-321636110541301,1967-12-09 12:00:00,58.35,Approved,17.79,
AZ014-321636110541301,1967-12-22 12:00:00,58.41,Approved,17.8,
AZ014-321636110541301,1967-12-29 12:00:00,50.7,Approved,15.45,
AZ014-321636110541301,1968-01-06 12:00:00,42.62,Approved,12.99,
AZ014-321636110541301,1968-01-13 12:00:00,40.26,Approved,12.27,
AZ014-321636110541301,1968-02-03 12:00:00,36.08,Approved,11.0,
AZ014-321636110541301,1968-02-12 12:00:00,35.22,Approved,10.74,
AZ014-321636110541301,1968-02-17 12:00:00,34.45,Approved,10.5,
AZ014-321636110541301,1968-02-21 12:00:00,34.14,Approved,10.41,
AZ014-321636110541301,1968-02-24 12:00:00,33.94,Approved,10.34,
AZ014-321636110541301,1968-03-02 12:00:00,33.63,Approved,10.25,
AZ014-321636110541301,1968-03-09 12:00:00,33.4,Approved,10.18,
AZ014-321636110541301,1968-03-13 12:00:00,33.7,Approved,10.27,
AZ014-321636110541301,1968-03-23 12:00:00,32.78,Approved,9.99,
AZ014-321636110541301,1968-03-25 12:00:00,32.73,Approved,9.98,
AZ014-321636110541301,1968-04-06 12:00:00,32.63,Approved,9.95,
AZ014-321636110541301,1968-04-27 12:00:00,33.1,Approved,10.09,
AZ014-321636110541301,1968-05-04 12:00:00,33.86,Approved,10.32,
AZ014-321636110541301,1968-05-11 12:00:00,34.61,Approved,10.55,
AZ014-321636110541301,1968-06-07 12:00:00,37.6,Approved,11.46,
AZ014-321636110541301,1968-07-05 12:00:00,40.55,Approved,12.36,
AZ014-321636110541301,1968-08-03 12:00:00,44.45,Approved,13.55,
AZ014-321636110541301,1968-10-05 12:00:00,45.48,Approved,13.86,
AZ014-321636110541301,1968-11-02 12:00:00,48.28,Approved,14.72,
AZ014-321636110541301,1968-11-16 12:00:00,49.21,Approved,15.0,
AZ014-321636110541301,1968-11-30 12:00:00,49.24,Approved,15.01,
AZ014-321636110541301,1968-12-07 12:00:00,49.64,Approved,15.13,
AZ014-321636110541301,1969-01-11 12:00:00,51.15,Approved,15.59,
AZ014-321636110541301,1969-01-18 12:00:00,50.81,Approved,15.49,
AZ014-321636110541301,1969-02-08 12:00:00,46.95,Approved,14.31,
AZ014-321636110541301,1969-02-15 12:00:00,47.8,Approved,14.57,
AZ014-321636110541301,1969-02-22 12:00:00,47.93,Approved,14.61,
AZ014-321636110541301,1969-03-01 12:00:00,48.56,Approved,14.8,
AZ014-321636110541301,1969-03-08 12:00:00,49.1,Approved,14.97,
AZ014-321636110541301,1969-03-29 12:00:00,50.31,Approved,15.33,
AZ014-321636110541301,1969-04-04 12:00:00,50.62,Approved,15.43,
AZ014-321636110541301,1969-04-12 12:00:00,50.8,Approved,15.48,
AZ014-321636110541301,1969-04-19 12:00:00,51.07,Approved,15.57,
AZ014-321636110541301,1969-04-23 12:00:00,51.25,Approved,15.62,
AZ014-321636110541301,1969-06-23 12:00:00,53.2,Approved,16.22,
AZ014-321636110541301,1969-07-21 12:00:00,55.0,Approved,16.76,
AZ014-321636110541301,1970-03-16 12:00:00,65.4,Approved,19.93,
AZ014-321636110541301,1970-08-01 12:00:00,19.7,Approved,6.0,
AZ014-321636110541301,1970-09-01 12:00:00,70.49,Approved,21.49,
AZ014-321636110541301,1970-10-01 12:00:00,61.78,Approved,18.83,
AZ014-321636110541301,1970-11-01 12:00:00,58.7,Approved,17.89,
AZ014-321636110541301,1970-12-01 12:00:00,61.26,Approved,18.67,
AZ014-321636110541301,1971-01-01 12:00:00,63.7,Approved,19.42,
AZ014-321636110541301,1971-02-01 12:00:00,65.1,Approved,19.84,
AZ014-321636110541301,1971-03-15 12:00:00,68.39,Approved,20.85,
AZ014-321636110541301,1971-04-01 12:00:00,71.3,Approved,21.73,
AZ014-321636110541301,1971-05-01 12:00:00,73.8,Approved,22.49,
AZ014-321636110541301,1971-06-01 12:00:00,74.68,Approved,22.76,
AZ014-321636110541301,1971-07-01 12:00:00,75.37,Approved,22.97,
AZ014-321636110541301,1971-08-01 12:00:00,75.09,Approved,22.89,
AZ014-321636110541301,1971-10-01 12:00:00,69.7,Approved,21.24,
AZ014-321636110541301,1971-11-01 12:00:00,65.77,Approved,20.05,
AZ014-321636110541301,1971-12-01 12:00:00,60.3,Approved,18.38,
AZ014-321636110541301,1972-01-01 12:00:00,52.51,Approved,16.01,
AZ014-321636110541301,1972-03-01 12:00:00,54.18,Approved,16.51,
AZ014-321636110541301,1977-03-01 12:00:00,75.6,Approved,23.04,
AZ014-321636110541301,1978-03-01 12:00:00,73.05,Approved,22.27,
AZ014-321636110541301,1979-03-01 12:00:00,69.08,Approved,21.06,
AZ014-321636110541301,1985-12-12 12:00:00,41.5,Approved,12.65,
AZ014-321636110541301,1986-02-04 12:00:00,49.5,Approved,15.09,
AZ014-321636110541301,1986-03-03 12:00:00,35.8,Approved,10.91,
AZ014-321636110541301,1986-03-31 12:00:00,31.6,Approved,9.63,
AZ014-321636110541301,1986-05-01 12:00:00,39.7,Approved,12.1,
AZ014-321636110541301,1986-06-02 12:00:00,45.6,Approved,13.9,
AZ014-321636110541301,1986-07-02 12:00:00,48.5,Approved,14.78,
AZ014-321636110541301,1986-08-01 12:00:00,48.8,Approved,14.87,
AZ014-321636110541301,1986-09-02 12:00:00,40.4,Approved,12.31,
AZ014-321636110541301,1986-10-01 12:00:00,46.3,Approved,14.11,
AZ014-321636110541301,1986-11-03 12:00:00,50.5,Approved,15.39,
AZ014-321636110541301,1986-12-08 12:00:00,51.3,Approved,15.64,
AZ014-321636110541301,1987-01-02 12:00:00,51.7,Approved,15.76,
AZ014-321636110541301,1987-02-02 12:00:00,54.0,Approved,16.46,
AZ014-321636110541301,1987-03-02 12:00:00,52.9,Approved,16.12,
AZ014-321636110541301,1987-03-31 12:00:00,34.6,Approved,10.55,
AZ014-321636110541301,1987-05-01 12:00:00,38.8,Approved,11.83,
AZ014-321636110541301,1987-05-29 12:00:00,44.93,Approved,13.69,
AZ014-321636110541301,1987-07-01 12:00:00,49.0,Approved,14.94,
AZ014-321636110541301,1987-07-31 12:00:00,50.9,Approved,15.51,
AZ014-321636110541301,1987-08-31 12:00:00,51.2,Approved,15.61,
AZ014-321636110541301,1987-10-01 12:00:00,53.3,Approved,16.25,
AZ014-321636110541301,1987-11-02 12:00:00,55.8,Approved,17.01,
AZ014-321636110541301,1987-11-30 12:00:00,58.7,Approved,17.89,
AZ014-321636110541301,1987-12-31 12:00:00,59.1,Approved,18.01,
AZ014-321636110541301,1988-02-01 12:00:00,60.0,Approved,18.29,
AZ014-321636110541301,1988-02-29 12:00:00,46.5,Approved,14.17,
AZ014-321636110541301,1988-04-01 12:00:00,51.7,Approved,15.76,
AZ014-321636110541301,1988-05-02 12:00:00,54.2,Approved,16.52,
AZ014-321636110541301,1988-06-01 12:00:00,57.1,Approved,17.4,
AZ014-321636110541301,1988-07-01 12:00:00,60.4,Approved,18.41,
AZ014-321636110541301,1988-08-01 12:00:00,61.8,Approved,18.84,
AZ014-321636110541301,1988-09-01 12:00:00,62.6,Approved,19.08,
AZ014-321636110541301,1988-09-30 12:00:00,61.8,Approved,18.84,
AZ014-321636110541301,1988-10-28 12:00:00,62.8,Approved,19.14,
AZ014-321636110541301,1988-12-05 12:00:00,63.9,Approved,19.48,
AZ014-321636110541301,1989-01-02 12:00:00,65.2,Approved,19.87,
AZ014-321636110541301,1989-02-01 12:00:00,66.5,Approved,20.27,
AZ014-321636110541301,1989-03-02 12:00:00,67.78,Approved,20.66,
AZ014-321636110541301,1989-04-03 12:00:00,68.7,Approved,20.94,
AZ014-321636110541301,1989-05-01 12:00:00,69.3,Approved,21.12,
AZ014-321636110541301,1989-06-01 12:00:00,69.9,Approved,21.31,
AZ014-321636110541301,1989-07-03 12:00:00,70.6,Approved,21.52,
AZ014-321636110541301,1989-08-01 12:00:00,74.6,Approved,22.74,
AZ014-321636110541301,1989-08-31 12:00:00,68.6,Approved,20.91,
AZ014-321636110541301,1989-10-02 12:00:00,68.1,Approved,20.76,
AZ014-321636110541301,1989-11-01 12:00:00,67.8,Approved,20.67,
AZ014-321636110541301,1989-12-01 12:00:00,68.94,Approved,21.01,
AZ014-321636110541301,1990-01-02 12:00:00,69.75,Approved,21.26,
AZ014-321636110541301,1990-02-02 12:00:00,70.7,Approved,21.55,
AZ014-321636110541301,1990-03-01 12:00:00,71.6,Approved,21.82,
AZ014-321636110541301,1990-04-02 12:00:00,72.0,Approved,21.95,
AZ014-321636110541301,1990-04-30 12:00:00,72.4,Approved,22.07,
AZ014-321636110541301,1990-06-01 12:00:00,73.4,Approved,22.37,
AZ014-321636110541301,1990-07-02 12:00:00,73.9,Approved,22.52,
AZ014-321636110541301,1990-07-27 12:00:00,63.9,Approved,19.48,
AZ014-321636110541301,1990-08-28 12:00:00,44.5,Approved,13.56,
AZ014-321636110541301,1990-10-01 12:00:00,54.6,Approved,16.64,
AZ014-321636110541301,1990-11-01 12:00:00,51.8,Approved,15.79,
AZ014-321636110541301,1990-12-10 12:00:00,54.4,Approved,16.58,
AZ014-321636110541301,1991-01-02 12:00:00,44.8,Approved,13.66,
AZ014-321636110541301,1991-02-01 12:00:00,41.75,Approved,12.73,
AZ014-321636110541301,1991-02-28 12:00:00,46.55,Approved,14.19,
AZ014-321636110541301,1991-04-02 12:00:00,31.9,Approved,9.72,
AZ014-321636110541301,1991-05-01 12:00:00,36.9,Approved,11.25,
AZ014-321636110541301,1991-06-03 12:00:00,43.85,Approved,13.37,
AZ014-321636110541301,1991-08-02 12:00:00,49.4,Approved,15.06,
AZ014-321636110541301,1991-11-01 12:00:00,52.2,Approved,15.91,
AZ014-321636110541301,1992-02-10 12:00:00,48.72,Approved,14.85,
AZ014-321636110541301,1992-05-14 12:00:00,38.7,Approved,11.8,
AZ014-321636110541301,1992-08-12 12:00:00,45.3,Approved,13.81,
AZ014-321636110541301,1992-11-10 12:00:00,50.3,Approved,15.33,
AZ014-321636110541301,1993-01-11 12:00:00,32.8,Approved,10.0,
AZ014-321636110541301,1993-01-18 12:00:00,33.85,Approved,10.32,
AZ014-321636110541301,1993-02-16 12:00:00,29.3,Approved,8.93,
AZ014-321636110541301,1993-03-03 12:00:00,28.94,Approved,8.82,
AZ014-321636110541301,1993-03-12 12:00:00,29.0,Approved,8.84,
AZ014-321636110541301,1993-03-31 12:00:00,28.9,Approved,8.81,
AZ014-321636110541301,1993-05-13 12:00:00,38.5,Approved,11.73,
AZ014-321636110541301,1993-08-17 12:00:00,47.1,Approved,14.36,
AZ014-321636110541301,1993-11-16 12:00:00,50.3,Approved,15.33,
AZ014-321650110551201,1985-12-09 12:00:00,76.2,Approved,23.23,
AZ014-321650110551201,1986-02-04 12:00:00,77.6,Approved,23.65,
AZ014-321650110551201,1986-03-03 12:00:00,78.8,Approved,24.02,
AZ014-321650110551201,1986-03-31 12:00:00,77.3,Approved,23.56,
AZ014-321650110551201,1986-05-01 12:00:00,75.0,Approved,22.86,
AZ014-321650110551201,1986-06-02 12:00:00,75.9,Approved,23.13,
AZ014-321650110551201,1986-07-02 12:00:00,78.3,Approved,23.87,
AZ014-321650110551201,1986-08-01 12:00:00,80.4,Approved,24.51,
AZ014-321650110551201,1986-09-02 12:00:00,81.4,Approved,24.81,
AZ014-321650110551201,1986-10-01 12:00:00,82.1,Approved,25.02,
AZ014-321650110551201,1986-11-03 12:00:00,83.6,Approved,25.48,
AZ014-321650110551201,1986-12-08 12:00:00,84.0,Approved,25.6,
AZ014-321650110551201,1987-01-02 12:00:00,85.9,Approved,26.18,
AZ014-321650110551201,1987-02-02 12:00:00,87.8,Approved,26.76,
AZ014-321650110551201,1987-03-02 12:00:00,89.1,Approved,27.16,
AZ014-321650110551201,1987-03-31 12:00:00,88.6,Approved,27.01,
AZ014-321650110551201,1987-05-01 12:00:00,89.9,Approved,27.4,
AZ014-321650110551201,1987-05-29 12:00:00,90.11,Approved,27.47,
AZ014-321650110551201,1987-07-01 12:00:00,91.9,Approved,28.01,
AZ014-321650110551201,1987-07-31 12:00:00,93.3,Approved,28.44,
AZ014-321650110551201,1987-08-31 12:00:00,94.3,Approved,28.74,
AZ014-321650110551201,1987-10-01 12:00:00,96.0,Approved,29.26,
AZ014-321650110551201,1987-11-02 12:00:00,97.7,Approved,29.78,
AZ014-321650110551201,1987-11-30 12:00:00,101.6,Approved,30.97,
AZ014-321650110551201,1987-12-31 12:00:00,101.0,Approved,30.78,
AZ014-321650110551201,1988-02-01 12:00:00,102.2,Approved,31.15,
AZ014-321650110551201,1988-02-29 12:00:00,102.5,Approved,31.24,
AZ014-321650110551201,1988-04-01 12:00:00,103.9,Approved,31.67,
AZ014-321650110551201,1988-05-02 12:00:00,105.6,Approved,32.19,
AZ014-321650110551201,1988-06-01 12:00:00,107.5,Approved,32.77,
AZ014-321650110551201,1988-07-01 12:00:00,109.4,Approved,33.35,
AZ014-321650110551201,1988-08-01 12:00:00,110.2,Approved,33.59,
AZ014-321650110551201,1988-09-01 12:00:00,111.7,Approved,34.05,
AZ014-321650110551201,1988-09-30 12:00:00,112.4,Approved,34.26,
AZ014-321650110551201,1988-10-28 12:00:00,113.7,Approved,34.66,
AZ014-321650110551201,1988-12-05 12:00:00,115.2,Approved,35.11,
AZ014-321650110551201,1989-01-02 12:00:00,116.2,Approved,35.42,
AZ014-321650110551201,1989-02-01 12:00:00,117.2,Approved,35.72,
AZ014-321650110551201,1989-03-02 12:00:00,119.6,Approved,36.45,
AZ014-321650110551201,1989-04-03 12:00:00,119.75,Approved,36.5,
AZ014-321650110551201,1989-05-01 12:00:00,120.9,Approved,36.85,
AZ014-321650110551201,1989-07-03 12:00:00,124.3,Approved,37.89,
AZ014-321650110551201,1989-08-01 12:00:00,125.65,Approved,38.3,
AZ014-321650110551201,1989-08-31 12:00:00,126.4,Approved,38.53,
AZ014-321650110551201,1989-10-02 12:00:00,127.7,Approved,38.92,
AZ014-321650110551201,1989-11-01 12:00:00,128.4,Approved,39.14,
AZ014-321650110551201,1989-12-01 12:00:00,129.4,Approved,39.44,
AZ014-321650110551201,1990-01-02 12:00:00,130.3,Approved,39.72,
AZ014-321650110551201,1990-02-02 12:00:00,131.5,Approved,40.08,
AZ014-321650110551201,1990-03-01 12:00:00,132.1,Approved,40.26,
AZ014-321650110551201,1990-04-02 12:00:00,133.0,Approved,40.54,
AZ014-321650110551201,1990-04-30 12:00:00,134.2,Approved,40.9,
AZ014-321650110551201,1990-06-01 12:00:00,135.4,Approved,41.27,
AZ014-321650110551201,1990-07-02 12:00:00,136.7,Approved,41.67,
AZ014-321650110551201,1990-07-27 12:00:00,137.9,Approved,42.03,
AZ014-321650110551201,1990-08-28 12:00:00,137.4,Approved,41.88,
AZ014-321650110551201,1990-10-01 12:00:00,137.3,Approved,41.85,
AZ014-321650110551201,1990-11-01 12:00:00,138.7,Approved,42.28,
AZ014-321650110551201,1990-12-10 12:00:00,139.25,Approved,42.44,
AZ014-321650110551201,1991-01-02 12:00:00,139.7,Approved,42.58,
AZ014-321650110551201,1991-02-01 12:00:00,138.5,Approved,42.21,
AZ014-321650110551201,1991-02-28 12:00:00,138.3,Approved,42.15,
AZ014-321650110551201,1991-04-02 12:00:00,136.2,Approved,41.51,
AZ014-321650110551201,1991-05-01 12:00:00,130.4,Approved,39.75,
AZ014-321650110551201,1991-06-03 12:00:00,129.0,Approved,39.32,
AZ014-321650110551201,1991-08-02 12:00:00,129.5,Approved,39.47,
AZ014-321650110551201,1991-11-01 12:00:00,130.75,Approved,39.85,
AZ014-321650110551201,1992-02-10 12:00:00,132.2,Approved,40.29,
AZ014-321650110551201,1992-05-14 12:00:00,121.0,Approved,36.88,
AZ014-321650110551201,1992-08-12 12:00:00,120.6,Approved,36.76,
